{"SwissArmyKnife": 0.025224339209049183, "ClassDataShouldBePrivate": 0.025159996883529462, "LazyClass": 0.09069499769304439, "AntiSingleton": 0.0, "BrainClass": 0.0, "LargeClass": 0.19066619738095725, "RefusedBequest": 0.0, "DataClass": 0.042216135228714737, "SpeculativeGenerality": 0.03869570725458684, "ComplexClass": 0.10070188573848324, "GodClass": 0.26141852057974674, "SpaghettiCode": 0.22522222003188805}