{"accuracy_score": 0.9215686274509803, "precision_score": 0.5714285714285714, "recall_score": 0.16, "f1_score": 0.25, "roc_auc_score": 0.6671708185053381, "pr_auc_score": 0.2564826376014493}