{"accuracy_score": 0.9531825355076275, "precision_score": 0.8620689655172413, "recall_score": 0.22727272727272727, "f1_score": 0.35971223021582727, "roc_auc_score": 0.8503350083752095, "pr_auc_score": 0.4446916912176147}