{"ClTCi": 0.1856853530417439, "NSM": 0.08289748848706281, "TLOC": 0.15367373760788425, "NPF": 0.038019497917252176, "ClRCi": 0.124542054002477, "NOA": 0.0, "PMd": 0.18196668033792784, "NSF": 0.04896316011303837, "NOD": 0.0013304462834105213, "RTLOC": 0.1829215822092031, "NOL": 0.0}