{"accuracy_score": 0.8345250255362615, "precision_score": 0.48, "recall_score": 0.3821656050955414, "f1_score": 0.425531914893617, "roc_auc_score": 0.6418166039022426, "pr_auc_score": 0.47610059376246205}