{"NOCh": 0.0, "NMI": 0.0, "WMC_CK_min": 0.022853528708205676, "WMC_CK_75%": 0.07652534278995284, "WMC_CK_count": 0.1249591796951989, "NMIR": 0.0, "WMC": 0.23432430692788997, "NPM": 0.17320447376548032, "DIT": 0.011036490350271613, "NORM": 0.0, "WMC_CK_max": 0.07802727955551951, "WMC_CK_25%": 0.030217438613247345, "WMC_CK_std": 0.10659717726585442, "WMC_CK_mean": 0.1013533078765176, "WMC_CK_50%": 0.04090147445186172}