{"accuracy_score": 0.9657228017883756, "precision_score": 0.0, "recall_score": 0.0, "f1_score": 0.0, "roc_auc_score": 0.6519401027434693, "pr_auc_score": 0.06854698921005145}