{"accuracy_score": 0.9889930346547424, "precision_score": 0.0, "recall_score": 0.0, "f1_score": 0.0, "roc_auc_score": 0.6865129076998793, "pr_auc_score": 0.011017542138842427}