{"Ci": 0.012101421542735755, "NumberOfParenthesizedExps": 0.05880066284483915, "Di": 0.015717655546644567, "NVAR": 0.022893317716330717, "MethodLength": 0.10077767689548718, "WMC_CK": 0.01833483085823461, "Fin": 0.025003082587589837, "NumberOfLogStatements": 0.0013566845652393232, "LOCMethod_CK": 0.07887382946448228, "IsConstructor": 0.003623519195351767, "IOVars": 0.016376035042137835, "NBD": 0.02145155091532999, "NumberOfStringLiterals": 0.03733627447052057, "MaxNumberOfNestedBlocks": 0.013604720413430277, "AnonymousInnerClassLength": 0.00018695280566501297, "VG": 0.021009343794523804, "RFC": 0.059695141369116536, "NumberOfAnonymousClasses": 6.063529793412778e-05, "NumberOfNumbers": 0.028848716033300116, "NumberOfMathOperations": 0.009684203221245776, "NCOMP": 0.01591408675859887, "NumberOfInnerClasses": 4.4098650366740074e-05, "NumberOfLambdas": 2.3859580207210658e-08, "NumberOfModifiers": 0.02309914232291304, "NumberOfParameters_CK": 0.006892709984703463, "CBO": 0.042629696813952456, "NOP": 0.004540690338896682, "FileLength": 0.07291765188526224, "NumberOfVariables": 0.033167684150656546, "NumberOfTryCatch": 0.00010784953818272335, "NumberOfUniqueWords": 0.09971713665085703, "NumberOfComparisons": 0.0391284606883981, "Si": 0.00352881653492004, "Maximum Depth": 0.03556828634660017, "Returns": 0.008953815464987856, "NumberOfAssignments": 0.0374805965357006, "Fout": 0.004411993579916954, "NumberOfLoops": 0.004029353336957394, "MCLC": 0.022131651978409765}