{"accuracy_score": 0.97562893081761, "precision_score": 0.0, "recall_score": 0.0, "f1_score": 0.0, "roc_auc_score": 0.7171348482137532, "pr_auc_score": 0.028390978975673754}