{"accuracy_score": 0.963531993921999, "precision_score": 0.0, "recall_score": 0.0, "f1_score": 0.0, "roc_auc_score": 0.49744465860638987, "pr_auc_score": 0.03225563026037768}