{"NumberOfPackageMethod_50%": 0.0, "NumberOfPrivateMethod_50%": 6.64229740847226e-05, "ClassFanOutComplexity_std": 0.017294355476293054, "NCSSForThisMethod_std": 0.013883179072916951, "NestedTryDepth_50%": 3.42979635584137e-05, "NumberOfMethods_Checkstyle_max": 0.008147521612933428, "NestedIfElseDepth_25%": 0.00040690392366776664, "BooleanExpressionComplexity_std": 0.010295239233799517, "MethodLength_min": 0.006771500111743155, "NestedForDepth_max": 0.0019837255492401538, "MethodLength_mean": 0.016485033716517532, "CyclomaticComplexity_25%": 0.0034435597113517185, "BooleanExpressionComplexity_min": 8.033568130438764e-05, "MethodLength_count": 0.006040940793673622, "NumberOfPrivateMethod_count": 0.006034906053864617, "AnonymousInnerClassLength_std": 0.0006629366807253765, "NCSSForThisFile_std": 0.0158450000149343, "ThrowsCount_50%": 0.005183614241243921, "ExecutableStatementCount_75%": 0.012576089503108201, "NCSSForThisClass_50%": 0.002941708380218401, "AnonymousInnerClassLength_25%": 6.008764954538588e-05, "NestedTryDepth_std": 0.004943852185626903, "NCSSForThisClass_75%": 0.006269433643412732, "ClassFanOutComplexity_min": 0.0007341189332665595, "ExecutableStatementCount_max": 0.013155481948282635, "NestedIfElseDepth_max": 0.0026963021975457482, "NumberOfPublicMethods_Checkstyle_min": 0.0004397793669963177, "NestedForDepth_75%": 0.002498336950085851, "NumberOfMethods_Checkstyle_mean": 0.0006201188839131219, "NCSSForThisFile_50%": 0.004359830395079379, "NumberOfProtectedMethod_mean": 0.0016741778702565888, "NumberOfProtectedMethod_75%": 0.0010973368208532482, "MethodLength_50%": 0.010211235425544286, "BooleanExpressionComplexity_mean": 0.006898746876379548, "FileLength_max": 0.021113447780345303, "NumberOfMethods_Checkstyle_75%": 0.0010702117915308187, "NestedTryDepth_25%": 3.44631386976795e-05, "ClassDataAbstractionCoupling_count": 0.006246424028770676, "NumberOfProtectedMethod_max": 0.0008286322768891549, "MethodLength_25%": 0.012336963560558802, "NumberOfPrivateMethod_mean": 0.0077988252082801055, "FileLength_count": 0.006270052968195191, "FileLength_mean": 0.01433688234270608, "AnonymousInnerClassLength_50%": 2.1768781526467774e-05, "ClassFanOutComplexity_max": 0.021498569609000602, "NestedIfElseDepth_mean": 0.006106722485198662, "NumberOfPackageMethod_mean": 0.0, "NumberOfPublicMethods_Checkstyle_mean": 0.008381875591523012, "BooleanExpressionComplexity_75%": 0.0036574143544698683, "BooleanExpressionComplexity_50%": 0.0013337306346754855, "NumberOfPrivateMethod_25%": 4.571445082164946e-05, "NestedTryDepth_mean": 0.003214957168270861, "NCSSForThisClass_std": 0.013417385432408512, "NCSSForThisClass_max": 0.014754224607703535, "NumberOfPublicMethods_Checkstyle_75%": 0.002503095663549322, "NumberOfPackageMethod_min": 0.0, "ExecutableStatementCount_min": 0.005651153687498766, "ExecutableStatementCount_count": 0.006173130703891096, "ExecutableStatementCount_50%": 0.008999682605520944, "NumberOfPrivateMethod_75%": 0.005546961406738023, "NPathComplexity_mean": 0.010318971277807745, "FileLength_std": 0.01421934245324685, "NumberOfMethods_Checkstyle_50%": 0.00041069811157944894, "ThrowsCount_count": 0.0062537220099502504, "NPathComplexity_50%": 0.0061735702738787675, "NestedTryDepth_min": 3.3697940381319275e-05, "NumberOfPrivateMethod_max": 0.00746289445926354, "NumberOfPackageMethod_max": 0.0, "ExecutableStatementCount_mean": 0.012924341578361585, "NumberOfMethods_Checkstyle_25%": 0.0005966260251107022, "CyclomaticComplexity_count": 0.006882332833581972, "AnonymousInnerClassLength_75%": 2.0781196230997986e-05, "NestedIfElseDepth_std": 0.005140554440033336, "NumberOfPackageMethod_75%": 0.0, "NumberOfPublicMethods_Checkstyle_count": 0.00585083063903098, "BooleanExpressionComplexity_count": 0.006446608842147545, "NCSSForThisMethod_50%": 0.008930821307467331, "NCSSForThisMethod_max": 0.013838372061219207, "NPathComplexity_25%": 0.009044617571709549, "NCSSForThisFile_max": 0.01915355825285294, "NestedForDepth_50%": 0.000993497145322745, "ClassDataAbstractionCoupling_50%": 0.0010648995156940248, "NumberOfPublicMethods_Checkstyle_std": 0.013931879220706383, "NCSSForThisClass_count": 0.004759088249294656, "NestedForDepth_mean": 0.005145140770288554, "NestedIfElseDepth_75%": 0.006519461327655171, "NCSSForThisClass_mean": 0.014691771534609361, "MethodLength_max": 0.016392764530456932, "ClassDataAbstractionCoupling_mean": 0.01028445663058665, "NestedForDepth_count": 0.0057955259621957815, "NCSSForThisMethod_min": 0.006623968210561877, "NCSSForThisFile_75%": 0.007210489561164152, "NCSSForThisMethod_count": 0.006995528721544504, "ThrowsCount_mean": 0.008315366099674627, "ThrowsCount_std": 0.01577269291915781, "ClassFanOutComplexity_25%": 0.0032140239053171037, "FileLength_25%": 0.004069491315209904, "NestedTryDepth_count": 0.004985614106428854, "NumberOfProtectedMethod_25%": 0.0015943179153826436, "ThrowsCount_min": 0.0005430547271876664, "ClassFanOutComplexity_mean": 0.01638435941042273, "CyclomaticComplexity_min": 0.0033824743997415466, "NCSSForThisMethod_25%": 0.008768794180703022, "ExecutableStatementCount_std": 0.013440994984186744, "ClassDataAbstractionCoupling_75%": 0.0021333955582752092, "NumberOfPackageMethod_count": 0.006128776034432298, "CyclomaticComplexity_mean": 0.01001737929688038, "ThrowsCount_25%": 0.0025932834922599347, "NumberOfPrivateMethod_min": 1.6858451412005063e-05, "NumberOfMethods_Checkstyle_std": 0.008646476149431136, "BooleanExpressionComplexity_max": 0.004759229304563708, "FileLength_75%": 0.006613427769279961, "NumberOfPublicMethods_Checkstyle_50%": 0.0008668157238117708, "CyclomaticComplexity_std": 0.009827947245503336, "ThrowsCount_max": 0.011549233203400797, "NCSSForThisClass_min": 0.0009058589171619681, "NPathComplexity_count": 0.006203671249094593, "NPathComplexity_75%": 0.011002291060598609, "NumberOfPublicMethods_Checkstyle_max": 0.013014709887288305, "NPathComplexity_min": 0.006536125948823481, "NestedForDepth_min": 7.98270896825314e-05, "FileLength_min": 0.0017723627778485805, "NestedTryDepth_max": 0.0008674258018580205, "NestedTryDepth_75%": 0.001960793928010452, "CyclomaticComplexity_max": 0.00956887190216362, "NCSSForThisFile_25%": 0.0037299274052199115, "NestedIfElseDepth_count": 0.005443979623445293, "NCSSForThisFile_mean": 0.013734660136856747, "MethodLength_75%": 0.012762894518709869, "NCSSForThisFile_min": 0.001548368559645777, "NestedForDepth_std": 0.005640119501994207, "ClassDataAbstractionCoupling_max": 0.008016683119029835, "BooleanExpressionComplexity_25%": 0.0001662289919093205, "NumberOfProtectedMethod_min": 0.0015694000334591438, "ClassFanOutComplexity_75%": 0.0062383612934037, "NCSSForThisFile_count": 0.0052412775903507855, "NumberOfPackageMethod_25%": 0.0, "ClassDataAbstractionCoupling_std": 0.007846787719326943, "CyclomaticComplexity_75%": 0.009186680385166682, "AnonymousInnerClassLength_min": 0.0, "ClassFanOutComplexity_50%": 0.0027490285054582483, "ThrowsCount_75%": 0.009347316952774735, "NumberOfProtectedMethod_50%": 0.0011451680712133972, "CyclomaticComplexity_50%": 0.005466978954117734, "AnonymousInnerClassLength_mean": 0.0008158639832673043, "NCSSForThisClass_25%": 0.002981320635962039, "NCSSForThisMethod_mean": 0.012696391274098134, "ExecutableStatementCount_25%": 0.007620268275579893, "NumberOfMethods_Checkstyle_min": 0.00010164911530898731, "ClassDataAbstractionCoupling_25%": 0.001368899782188154, "NestedForDepth_25%": 4.956162006722878e-05, "NumberOfProtectedMethod_std": 0.0008391274405074098, "NPathComplexity_max": 0.008484403671364871, "NPathComplexity_std": 0.01194741495905941, "NumberOfPackageMethod_std": 2.014288861612059e-05, "NestedIfElseDepth_min": 0.00019935867774592523, "NumberOfMethods_Checkstyle_count": 0.00620600991829563, "NestedIfElseDepth_50%": 0.0009431194565840164, "NumberOfPublicMethods_Checkstyle_25%": 0.0011447388817561726, "MethodLength_std": 0.012983286774700413, "AnonymousInnerClassLength_count": 0.005691126493106259, "ClassFanOutComplexity_count": 0.007031376964036154,