{"accuracy_score": 0.911284046692607, "precision_score": 0.3, "recall_score": 0.05660377358490566, "f1_score": 0.09523809523809525, "roc_auc_score": 0.671379646966569, "pr_auc_score": 0.18464847213624544}