{"ThrowsCount": 0.02096212815037187, "NumberOfComparisons": 0.008456774651623577, "CyclomaticComplexity": 0.019007906223343623, "NPathComplexity": 0.02240981466679337, "NumberOfAnonymousClasses": 0.0001411061039997171, "NumberOfModifiers": 0.02033105927566664, "NumberOfLogStatements": 0.004307814320378211, "NumberOfPublicMethods_Checkstyle": 0.012963306422897359, "NestedForDepth": 0.00023173773965605454, "NestedIfElseDepth": 0.0015524136213426612, "NumberOfProtectedMethod": 0.001425885669760659, "NCSSForThisMethod": 0.04718741614182647, "NumberOfUniqueWords": 0.10916654226623834, "IsConstructor": 0.0052496749275561284, "NCSSForThisFile": 0.011252565591179573, "NumberOfPrivateMethod": 0.001328173422587882, "NumberOfAssignments": 0.03639131566990714, "NumberOfNumbers": 0.040253809309326004, "FileLength": 0.010750118650682558, "NumberOfTryCatch": 0.000500633377425558, "NumberOfMathOperations": 0.0035339082837638753, "NestedTryDepth": 0.00015996896581687772, "LOCMethod_CK": 0.05235738195071921, "NumberOfMethods_Checkstyle": 0.013754492635472949, "MethodLength": 0.08180661125598229, "AnonymousInnerClassLength": 0.007550854542873537, "NumberOfLambdas": 0.0, "NumberOfInnerClasses": 0.0, "NumberOfParameters_CK": 0.014108065752831746, "ClassDataAbstractionCoupling": 0.012120534371128906, "RFC": 0.08296550947964425, "Maximum Depth": 0.034342895006309035, "NumberOfLoops": 0.007173039042348944, "BooleanExpressionComplexity": 0.0021182349196580286, "NumberOfPackageMethod": 5.300810295494457e-05, "CBO": 0.10673370716077735, "Returns": 0.015660659389197196, "ClassFanOutComplexity": 0.01913947187074218, "WMC_CK": 0.021868724207473135, "ExecutableStatementCount": 0.04510306553747334, "NumberOfParenthesizedExps": 0.0014044667035693294, "NumberOfStringLiterals": 0.048607807246622455, "MaxNumberOfNestedBlocks": 0.0064657135843691135, "NumberOfVariables": 0.02911601381603357, "NCSSForThisClass": 0.019985669971674346}