{"accuracy_score": 0.9756452199200291, "precision_score": 0.0, "recall_score": 0.0, "f1_score": 0.0, "roc_auc_score": 0.5995125140232928, "pr_auc_score": 0.022768218201286314}