{"accuracy_score": 0.9167315175097276, "precision_score": 0.4782608695652174, "recall_score": 0.10377358490566038, "f1_score": 0.17054263565891475, "roc_auc_score": 0.6815817690079538, "pr_auc_score": 0.20392272486845175}