{"PMR": 0.009996889460479877, "MaxNumberOfNestedBlocks_max": 0.008668681830661834, "issues_priorityMajor_count": 0.04784182846861523, "NumberOfModifiers_max": 0.009189446212599303, "blamemerge_priorityMajor_max": 0.0008273413571964916, "MaxNumberOfNestedBlocks_min": 0.0010403511573837646, "blame_merge_priorityMinor_mean": 0.0, "Average Statements per Method": 0.03720987549893641, "NumberOfMathOperations_max": 0.01595041881175954, "NMIR": 0.0, "Maximum Depth_25%": 0.006236231462593036, "SIX": 0.0, "MaxNumberOfNestedBlocks_count": 0.025616711207966363, "Mit": 0.0, "Maximum Depth_min": 0.004659337035555523, "NumberOfMathOperations_50%": 0.0031047537698489416, "issues_priorityMinor_max": 0.004719317890789403, "NumberOfMethods_Mood": 0.03790982902007469, "issues_priorityMinor_count": 0.046556225130328324, "NumberOfMathOperations_count": 0.02468614748952808, "NF": 0.012664337939589154, "HMi": 0.0, "NumberOfMathOperations_min": 0.0008124790145886791, "blame_merge_priorityMinor_max": 0.0, "NumberOfMathOperations_std": 0.02096282799802727, "blamemerge_priorityMajor_min": 0.005683626191049817, "Maximum Depth_50%": 0.005870114031665471, "NumberOfModifiers_25%": 0.0047859273326807195, "NumberOfModifiers_75%": 0.00794904171878439, "Ad": 0.011555687363875054, "blame_merge_priorityMinor_std": 0.0, "PMd": 0.012551360445014387, "Ao": 0.0, "issues_priorityMajor_mean": 0.014718882988426484, "Ait": 0.0, "blamemerge_priorityMinor_mean": 0.013089114267234395, "blame_merge_priorityMajor_min": 0.0, "Maximum Block Depth": 0.028867219204014236, "blamemerge_priorityMinor_max": 0.002895065743677568, "Maximum Depth_max": 0.0064578937771420965, "NumberOfModifiers_std": 0.01363504895582339, "Maximum Depth_count": 0.014364716718537684, "MaxNumberOfNestedBlocks_50%": 0.0035516063579506957, "NumberOfModifiers_min": 0.004824328190256969, "blamemerge_priorityMinor_min": 0.0008804166540631026, "blamemerge_priorityMinor_count": 0.05390570775671812, "Mi": 0.0, "blame_merge_priorityMinor_min": 0.0, "Maximum Depth_mean": 0.00961558426642684, "Md": 0.013745102085109552, "Ai": 0.0, "issues_priorityMajor_max": 0.0004230900392181374, "NMA": 0.018299028367683313, "MaxNumberOfNestedBlocks_mean": 0.013307048107921953, "NumberOfMathOperations_mean": 0.014113553389714557, "blame_merge_priorityMajor_count": 0.0, "Average Block Depth": 0.04570199528637881, "blamemerge_priorityMajor_mean": 0.020294095481211, "blamemerge_priorityMajor_count": 0.05482801593366599, "Maximum Depth_std": 0.010713177764373014, "Maximum Depth_75%": 0.006842742871596377, "NumberOfMathOperations_25%": 0.0016586769089758904, "NumberOfModifiers_50%": 0.00566090917845515, "NumberOfModifiers_mean": 0.014614157101092264, "NumberOfModifiers_count": 0.025403694971529205, "blame_merge_priorityMajor_max": 0.0, "NumberOfMathOperations_75%": 0.009658477880490813, "issues_priorityMinor_std": 0.009849487446623093, "MaxNumberOfNestedBlocks_std": 0.017526505103630633, "issues_priorityMajor_std": 0.01546847246285187, "MaxNumberOfNestedBlocks_75%": 0.006982353269130329, "blamemerge_priorityMinor_std": 0.009037763873817349, "Mo": 0.0, "issues_priorityMajor_min": 0.004787320937067806, "blame_merge_priorityMajor_std": 0.0, "blame_merge_priorityMinor_count": 0.0, "blamemerge_priorityMajor_std": 0.017464587976811698, "MaxNumberOfNestedBlocks_25%": 0.0029877285572695424, "Ma": 0.014086578417414206, "issues_priorityMinor_mean": 0.010090801530252727, "NMI": 0.0, "NM": 0.018115116934634964, "NOPa": 0.0, "Av": 0.007404778005092431, "Average Complexity*": 0.033730254395218075, "HMd": 0.012511388507406601, "Maximum Complexity*": 0.030369464510703416, "blame_merge_priorityMajor_mean": 0.0, "PMi": 0.0, "issues_priorityMinor_min": 0.00046925998479610927}