{"accuracy_score": 0.9331395348837209, "precision_score": 0.3711340206185567, "recall_score": 0.3185840707964602, "f1_score": 0.3428571428571428, "roc_auc_score": 0.8246032214022306, "pr_auc_score": 0.23942172216071378}