{"accuracy_score": 0.8255707762557077, "precision_score": 0.21787709497206703, "recall_score": 0.43333333333333335, "f1_score": 0.2899628252788104, "roc_auc_score": 0.6564966832504147, "pr_auc_score": 0.1825515955977154}