{"NBD": 0.11313909927321779, "VG": 0.14080832275774577, "NVAR": 0.1221446671361898, "NOP": 0.016243475766146296, "MCLC": 0.18165058745068588, "Di": 0.06111924885533868, "IOVars": 0.05339824478200152, "Fin": 0.03023647180788392, "Fout": 0.02584111292814707, "Ci": 0.05568449778053587, "NCOMP": 0.1729708616493129, "Si": 0.02676340981279443}