{"accuracy_score": 0.9917447759910568, "precision_score": 0.0, "recall_score": 0.0, "f1_score": 0.0, "roc_auc_score": 0.6354222592576021, "pr_auc_score": 0.015562738791466146}