{"NPathComplexity_25%": 0.0050461660286379665, "FileLength_std": 0.02489927863587445, "MethodLength_std": 0.013690965530863514, "CyclomaticComplexity_min": 0.0013826844001097122, "NestedForDepth_max": 0.0004434911103031527, "NumberOfProtectedMethod_50%": 0.000108094561120717, "CyclomaticComplexity_50%": 0.00353938791504595, "NumberOfPublicMethods_Checkstyle_75%": 0.0018740360051417778, "BooleanExpressionComplexity_75%": 0.0007813113813014923, "NestedTryDepth_50%": 1.0310782828580149e-05, "ThrowsCount_min": 0.0002506833432673616, "FileLength_25%": 0.004627425312484628, "NCSSForThisClass_min": 0.0012685402812210329, "NestedIfElseDepth_75%": 0.0013205481634068284, "NestedIfElseDepth_50%": 0.0007153422710441449, "NumberOfMethods_Checkstyle_count": 0.004320907092117742, "BooleanExpressionComplexity_std": 0.003465345340011918, "NestedTryDepth_max": 0.00145667142135636, "NCSSForThisFile_50%": 0.0048407081331504065, "NCSSForThisClass_mean": 0.014539537743572771, "NestedIfElseDepth_25%": 0.0009881185440217476, "FileLength_min": 0.0018950289465217438, "NCSSForThisMethod_max": 0.010531839631367517, "NumberOfProtectedMethod_max": 0.0036304697813792823, "FileLength_50%": 0.004919348978899783, "NestedForDepth_25%": 1.0992116326538513e-05, "NumberOfPackageMethod_min": 3.294724893854187e-05, "ExecutableStatementCount_min": 0.004806288781497364, "NumberOfPackageMethod_max": 0.002688501486800385, "MethodLength_mean": 0.01291088426934835, "NCSSForThisClass_max": 0.012430061592702478, "ClassDataAbstractionCoupling_min": 0.00022726740513310124, "ExecutableStatementCount_50%": 0.00624549993289185, "ExecutableStatementCount_mean": 0.010310136676210698, "NestedForDepth_75%": 0.00030329622519633493, "AnonymousInnerClassLength_max": 0.0003009492128506195, "NCSSForThisClass_count": 0.004506155226441661, "FileLength_max": 0.02215343720580136, "NumberOfPrivateMethod_50%": 0.00091013913924027, "NCSSForThisFile_std": 0.020869666545610104, "ClassFanOutComplexity_count": 0.004357201230325067, "MethodLength_max": 0.015469777377693087, "NPathComplexity_max": 0.006585942450074693, "NCSSForThisFile_count": 0.00443917523953664, "NumberOfPrivateMethod_mean": 0.0045727140482468434, "CyclomaticComplexity_25%": 0.0028203572372534303, "NestedIfElseDepth_std": 0.0050485395732222035, "ClassDataAbstractionCoupling_75%": 0.005331936031639987, "NestedForDepth_mean": 0.0007925415909261331, "NumberOfPackageMethod_75%": 0.0009062586760062122, "ClassDataAbstractionCoupling_count": 0.0036740084542394194, "NCSSForThisFile_mean": 0.012747340750735307, "NumberOfPackageMethod_std": 0.0035426320863180894, "NestedTryDepth_25%": 7.530899875165348e-06, "ExecutableStatementCount_max": 0.010038484621320735, "ClassDataAbstractionCoupling_max": 0.010698970211317752, "NumberOfPublicMethods_Checkstyle_std": 0.011543495481514067, "NCSSForThisFile_min": 0.0016632274242527401, "BooleanExpressionComplexity_max": 0.0023168731433619713, "NCSSForThisMethod_75%": 0.008800205642057258, "NumberOfProtectedMethod_75%": 0.0005163825954808503, "NumberOfProtectedMethod_25%": 7.334753227923836e-05, "NumberOfMethods_Checkstyle_75%": 0.0018685776692737434, "NumberOfProtectedMethod_mean": 0.0038559699681223482, "NCSSForThisFile_max": 0.021004229652869685, "ThrowsCount_25%": 0.01795440629399638, "ClassDataAbstractionCoupling_mean": 0.012176251270257241, "NumberOfMethods_Checkstyle_max": 0.006101021876117636, "ExecutableStatementCount_25%": 0.0071251792926651175, "NCSSForThisMethod_50%": 0.007178835094427295, "NPathComplexity_count": 0.004923913039367449, "NumberOfPublicMethods_Checkstyle_mean": 0.0051412940605377695, "NumberOfProtectedMethod_std": 0.004139912664566052, "NumberOfProtectedMethod_min": 1.1622643863827056e-06, "MethodLength_25%": 0.01482483261199609, "AnonymousInnerClassLength_count": 0.004966667448243067, "NCSSForThisFile_25%": 0.0047480214669413925, "NumberOfMethods_Checkstyle_25%": 0.0007819703365522276, "ClassDataAbstractionCoupling_50%": 0.00432203990973066, "NumberOfMethods_Checkstyle_50%": 0.00047434921621314905, "NestedIfElseDepth_min": 5.158918737409932e-05, "NCSSForThisClass_25%": 0.00409050868401169, "BooleanExpressionComplexity_count": 0.004372139873325395, "BooleanExpressionComplexity_25%": 0.0005036102114987977, "ThrowsCount_count": 0.004996861328765647, "ClassFanOutComplexity_std": 0.044560949101755586, "NumberOfPackageMethod_50%": 4.3949616660809624e-05, "NestedTryDepth_count": 0.004219367647038999, "AnonymousInnerClassLength_75%": 3.98299579802131e-05, "ClassFanOutComplexity_25%": 0.004673955210607218, "ExecutableStatementCount_std": 0.011636915708664146, "NCSSForThisMethod_min": 0.0054875092155502935, "ClassFanOutComplexity_mean": 0.017079305202322533, "FileLength_count": 0.004653681303017081, "NumberOfPrivateMethod_count": 0.004392463896749176, "NCSSForThisMethod_std": 0.014586103066572894, "NumberOfPackageMethod_mean": 0.002185584712857239, "AnonymousInnerClassLength_std": 0.0002386371241065664, "ThrowsCount_75%": 0.01756726340972853, "AnonymousInnerClassLength_mean": 0.00026301588978377846, "ClassDataAbstractionCoupling_25%": 0.004128771394107115, "NumberOfPackageMethod_count": 0.0042974426203856485, "NumberOfPublicMethods_Checkstyle_count": 0.004116700340692567, "NumberOfMethods_Checkstyle_std": 0.006867113534889766, "ThrowsCount_mean": 0.02324690684071334, "MethodLength_min": 0.008653524615560512, "NumberOfProtectedMethod_count": 0.0042761171146791545, "CyclomaticComplexity_mean": 0.008214109109873507, "NCSSForThisMethod_count": 0.00471961443693498, "AnonymousInnerClassLength_min": 6.410830639731031e-06, "CyclomaticComplexity_max": 0.00628848765431806, "ClassDataAbstractionCoupling_std": 0.017393416701780642, "NPathComplexity_min": 0.002893046260674169, "NumberOfPrivateMethod_max": 0.0034171242444224112, "BooleanExpressionComplexity_mean": 0.00274144698944065, "NestedForDepth_count": 0.003603752485789858, "NPathComplexity_50%": 0.004415619881186192, "NumberOfPrivateMethod_75%": 0.0023812103821460153, "NestedForDepth_50%": 0.0, "FileLength_mean": 0.013688048433785526, "MethodLength_75%": 0.011580322668184023, "NumberOfPublicMethods_Checkstyle_min": 0.0004208563666360853, "NPathComplexity_mean": 0.0092186874622923, "AnonymousInnerClassLength_50%": 4.42098954771724e-05, "ClassFanOutComplexity_75%": 0.020010692954191535, "BooleanExpressionComplexity_min": 5.2951316503770785e-05, "ThrowsCount_max": 0.014180171512545301, "NestedTryDepth_std": 0.0016828972383317123, "NumberOfPrivateMethod_std": 0.004687956123350257, "NestedTryDepth_mean": 0.0018916585408755128, "NCSSForThisMethod_25%": 0.007670784500233109, "NCSSForThisFile_75%": 0.008409494156270016, "NestedIfElseDepth_mean": 0.003030697889734619, "NestedForDepth_std": 0.0009040102267289696, "FileLength_75%": 0.009370210538317063, "CyclomaticComplexity_std": 0.007313589467808272, "NumberOfPublicMethods_Checkstyle_50%": 0.000604780738745986, "NumberOfPublicMethods_Checkstyle_25%": 0.0006999496994679296, "ClassFanOutComplexity_50%": 0.006382766669537021, "ExecutableStatementCount_75%": 0.008698850159746597, "ThrowsCount_std": 0.021945928892518982, "ClassFanOutComplexity_max": 0.030078638169195364, "CyclomaticComplexity_75%": 0.005895279030886635, "AnonymousInnerClassLength_25%": 4.618977701528898e-05, "NumberOfPublicMethods_Checkstyle_max": 0.008767085109241872, "NCSSForThisClass_std": 0.011919507243133906, "NumberOfMethods_Checkstyle_mean": 0.002270225875149917, "NestedTryDepth_75%": 2.497321519411282e-05, "MethodLength_50%": 0.012061194429008902, "ThrowsCount_50%": 0.013510935772505223, "ClassFanOutComplexity_min": 0.001098123165415472, "ExecutableStatementCount_count": 0.004224059786700339, "NCSSForThisClass_50%": 0.0032300741196883568, "NumberOfPrivateMethod_min": 1.4351350414202677e-05, "NumberOfMethods_Checkstyle_min": 0.00048473994216007634, "NPathComplexity_std": 0.009753524208681315, "NumberOfPackageMethod_25%": 2.6567776019339325e-05, "NCSSForThisClass_75%": 0.005802308928062374, "NestedIfElseDepth_max": 0.001736155078039957,