{"accuracy_score": 0.9690601284296556, "precision_score": 0.17307692307692307, "recall_score": 0.47368421052631576, "f1_score": 0.2535211267605634, "roc_auc_score": 0.8610265332753371, "pr_auc_score": 0.09062291195937437}