{"NumberOfMathOperations_std": 0.009535730606577038, "NumberOfMathOperations_count": 0.011600337405592093, "Mo": 0.0, "Mit": 0.0, "Average Complexity*": 0.03522104289744359, "blamemerge_priorityMinor_mean": 0.0233028312928944, "NumberOfMathOperations_50%": 0.004025098704598917, "blamemerge_priorityMajor_mean": 0.0117787561478324, "MaxNumberOfNestedBlocks_min": 0.0009617255482710936, "issues_priorityMajor_max": 8.994300146480328e-05, "NumberOfModifiers_50%": 0.011258290246164187, "blamemerge_priorityMajor_max": 0.004493410492763463, "NumberOfMethods_Mood": 0.040355261773429574, "issues_priorityMajor_std": 0.007177998003993541, "Ao": 0.0, "NumberOfModifiers_75%": 0.012045563509178016, "Maximum Block Depth": 0.017777934776468846, "Ad": 0.024619607355532334, "NumberOfModifiers_mean": 0.01630700835465989, "blamemerge_priorityMajor_count": 0.01920911365665616, "NumberOfModifiers_max": 0.010814911087061013, "blame_merge_priorityMajor_max": 0.0, "MaxNumberOfNestedBlocks_mean": 0.00837612561465839, "Average Statements per Method": 0.0575741516766223, "NumberOfMathOperations_min": 0.001684265123232956, "blame_merge_priorityMajor_std": 0.0, "blame_merge_priorityMinor_count": 0.0, "NumberOfMathOperations_max": 0.00861937669526635, "blame_merge_priorityMajor_mean": 0.0, "blame_merge_priorityMinor_min": 0.0, "MaxNumberOfNestedBlocks_std": 0.007058311615895694, "Maximum Depth_75%": 0.007187318541266436, "issues_priorityMinor_max": 0.0039915126750736645, "Average Block Depth": 0.057932987439581245, "Maximum Depth_std": 0.006077207069132479, "MaxNumberOfNestedBlocks_max": 0.007203606290938097, "Maximum Depth_count": 0.01119625187548161, "blame_merge_priorityMajor_count": 0.0, "Maximum Depth_25%": 0.006493940884542847, "blame_merge_priorityMinor_mean": 0.0, "Av": 0.017023957337895985, "Maximum Complexity*": 0.023329156732123945, "HMd": 0.02364302811735123, "NumberOfModifiers_min": 0.009048757975695515, "issues_priorityMinor_min": 6.453935597198904e-05, "Maximum Depth_min": 0.00386037062861566, "SIX": 0.0, "NMI": 0.0, "blame_merge_priorityMinor_max": 0.0, "PMd": 0.024514131204482464, "blame_merge_priorityMajor_min": 0.0, "issues_priorityMajor_mean": 0.005091582449054624, "MaxNumberOfNestedBlocks_25%": 0.004797730008120753, "Maximum Depth_max": 0.006560607372483087, "issues_priorityMinor_std": 0.006842287414536489, "blamemerge_priorityMinor_max": 0.004599324638761918, "issues_priorityMinor_count": 0.05876625016136297, "NF": 0.02489169697148873, "MaxNumberOfNestedBlocks_50%": 0.0038366307486835437, "PMR": 0.013934878845744333, "issues_priorityMajor_count": 0.05099387816980472, "Ait": 0.0, "MaxNumberOfNestedBlocks_count": 0.011686399892636484, "blamemerge_priorityMajor_min": 0.004216051456923624, "Maximum Depth_mean": 0.008664363999380812, "NumberOfModifiers_count": 0.012708226583927442, "Maximum Depth_50%": 0.005258055418605942, "blamemerge_priorityMinor_min": 0.0017099252975272623, "blamemerge_priorityMinor_count": 0.01496887091940348, "Ma": 0.03242081670373807, "NMA": 0.027552869407811403, "Mi": 0.0, "HMi": 0.0, "MaxNumberOfNestedBlocks_75%": 0.0051820744888426955, "NumberOfMathOperations_25%": 0.005015888128260133, "NM": 0.027666113166278043, "blame_merge_priorityMinor_std": 0.0, "Md": 0.031195285335621818, "PMi": 0.0, "issues_priorityMajor_min": 0.0031582510925645493, "Ai": 0.0, "NumberOfModifiers_std": 0.010925773399061336, "blamemerge_priorityMinor_std": 0.013673224585036696, "NumberOfModifiers_25%": 0.01641465906474132, "NOPa": 0.0, "NumberOfMathOperations_mean": 0.010098539761325024, "NumberOfMathOperations_75%": 0.013165880541722378, "issues_priorityMinor_mean": 0.005661551290256124, "blamemerge_priorityMajor_std": 0.012888750971884095}