{"accuracy_score": 0.9164383561643835, "precision_score": 0.46153846153846156, "recall_score": 0.1, "f1_score": 0.16438356164383564, "roc_auc_score": 0.5877625760088447, "pr_auc_score": 0.21340872765638016}