{"accuracy_score": 0.980546792849632, "precision_score": 0.07142857142857142, "recall_score": 0.04, "f1_score": 0.05128205128205128, "roc_auc_score": 0.7325519445924348, "pr_auc_score": 0.0365775757794891}