{"accuracy_score": 0.9631943271990545, "precision_score": 0.0, "recall_score": 0.0, "f1_score": 0.0, "roc_auc_score": 0.5185862553459366, "pr_auc_score": 0.029797728492958787}