{"NumberOfModifiers": 0.07248719605201498, "WMC_CK": 0.030734512955585054, "CBO": 0.19156421139025162, "NumberOfLambdas": 0.0, "NumberOfAssignments": 0.038358698436541105, "NumberOfLogStatements": 0.0076291653653774, "IsConstructor": 0.0010981651225480964, "NumberOfLoops": 0.011534998275681328, "RFC": 0.13661804938319622, "NumberOfMathOperations": 0.019301185414382957, "MaxNumberOfNestedBlocks": 0.017481775318276896, "Returns": 0.032662217025124125, "NumberOfAnonymousClasses": 0.0001787930035116645, "NumberOfNumbers": 0.018293839678664704, "NumberOfParameters_CK": 0.026031987723904138, "NumberOfInnerClasses": 0.0, "NumberOfParenthesizedExps": 0.004073969860240159, "NumberOfStringLiterals": 0.09494857133773943, "LOCMethod_CK": 0.07710416711766943, "NumberOfVariables": 0.03573681648089988, "NumberOfComparisons": 0.021174249994012694, "NumberOfTryCatch": 0.0003591164770179939, "NumberOfUniqueWords": 0.16262831358736007}