{"accuracy_score": 0.988030888030888, "precision_score": 0.0, "recall_score": 0.0, "f1_score": 0.0, "roc_auc_score": 0.5014502878316228, "pr_auc_score": 0.012177192617523527}