{"Di": 0.020676401266258575, "Fin": 0.009078155726371741, "NVAR": 0.014996903807430233, "NumberOfModifiers": 0.04518928179670824, "CBO": 0.07235046392702095, "NumberOfLoops": 0.00734826050920592, "Maximum Depth": 0.028716159040494182, "Fout": 0.005483253071676274, "NumberOfLogStatements": 0.0068950179222661105, "IOVars": 0.01621344742815372, "VG": 0.033692276563582604, "MaxNumberOfNestedBlocks": 0.01352802089018995, "FileLength": 0.03233705441078861, "Si": 0.005218155947429246, "IsConstructor": 0.0027458526816295076, "Ci": 0.020207691744963785, "NumberOfParameters_CK": 0.011453651005168335, "NumberOfParenthesizedExps": 0.005036562305066169, "NumberOfAssignments": 0.03016569082063202, "NumberOfAnonymousClasses": 0.0010573249411259767, "NumberOfLambdas": 0.0026518118216286054, "NumberOfInnerClasses": 0.0, "NCOMP": 0.01910712962249672, "NumberOfComparisons": 0.015504746016942628, "NumberOfNumbers": 0.017706194440533334, "AnonymousInnerClassLength": 0.012093922006513812, "WMC_CK": 0.041566903092269805, "NOP": 0.007318170932416234, "LOCMethod_CK": 0.07678397382291324, "Returns": 0.01770788929883418, "MCLC": 0.021670685833624987, "NumberOfStringLiterals": 0.04013613765845278, "NumberOfMathOperations": 0.010417469856812175, "NumberOfVariables": 0.03551916877699139, "NBD": 0.025763068515984963, "NumberOfUniqueWords": 0.10847559071930166, "MethodLength": 0.0862450288488791, "NumberOfTryCatch": 0.0018073105490683799, "RFC": 0.07713517238017395}