{"accuracy_score": 0.9434523809523809, "precision_score": 0.039473684210526314, "recall_score": 0.01282051282051282, "f1_score": 0.01935483870967742, "roc_auc_score": 0.6445029537211567, "pr_auc_score": 0.056097525861461855}