{"NOP": 0.0320744612497099, "Si": 0.03688906527554577, "MCLC": 0.13751309598771638, "NCOMP": 0.10317586645366256, "Fout": 0.03877887562672528, "VG": 0.12805291741335406, "Fin": 0.02233005839696652, "NBD": 0.11439033887054928, "Ci": 0.08970529605324086, "NVAR": 0.09063764585715507, "IOVars": 0.08911458272887078, "Di": 0.11733779608650358}