{"accuracy_score": 0.9781897491821155, "precision_score": 0.0, "recall_score": 0.0, "f1_score": 0.0, "roc_auc_score": 0.5549220748823657, "pr_auc_score": 0.019298709534903105}