{"Di": 0.060563252032136264, "VG": 0.22465305036146846, "Fin": 0.057380328253537644, "Si": 0.020331002846296072, "NOP": 0.0771959933906326, "IOVars": 0.04616104415479219, "NVAR": 0.0609524463080637, "NCOMP": 0.0964390937306477, "MCLC": 0.1247903894358013, "Fout": 0.02240008636250884, "NBD": 0.15579874838403676, "Ci": 0.05333456474007853}