{"accuracy_score": 0.971655328798186, "precision_score": 1.0, "recall_score": 0.005681818181818182, "f1_score": 0.01129943502824859, "roc_auc_score": 0.563167362605717, "pr_auc_score": 0.05555275390310519}