{"HMd": 0.012057122696674192, "Ait": 0.0, "NumberOfModifiers_mean": 0.016271405929314035, "issues_priorityMajor_count": 0.041364223428790925, "NMI": 0.0, "NumberOfMathOperations_75%": 0.01026212725452837, "blamemerge_priorityMinor_std": 0.01926545751540493, "NumberOfModifiers_min": 0.008383807064154782, "Ai": 0.0, "MaxNumberOfNestedBlocks_75%": 0.007250687332241248, "NumberOfMathOperations_25%": 0.004531274093669337, "NumberOfModifiers_count": 0.020816293955681946, "blame_merge_priorityMinor_count": 0.0, "NumberOfMathOperations_count": 0.02080311892882794, "SIX": 0.0, "blamemerge_priorityMinor_min": 0.00242995400801107, "MaxNumberOfNestedBlocks_50%": 0.0035322243491810296, "issues_priorityMinor_std": 0.00468444549431481, "blamemerge_priorityMinor_max": 0.004809937274903001, "MaxNumberOfNestedBlocks_mean": 0.01325127339871152, "Md": 0.015383920447464458, "NM": 0.01760422359660727, "blamemerge_priorityMajor_max": 0.003752617819978816, "blame_merge_priorityMajor_max": 0.0, "PMd": 0.016137967045779224, "NumberOfMathOperations_max": 0.015212427253846507, "Mi": 0.0, "NMA": 0.018841097006988553, "NumberOfMathOperations_min": 0.001305914765268633, "Av": 0.004779928110036061, "NumberOfModifiers_75%": 0.012845289883237365, "Average Block Depth": 0.03652363620904731, "blame_merge_priorityMinor_std": 0.0, "HMi": 0.0, "blame_merge_priorityMinor_min": 0.0, "NumberOfModifiers_50%": 0.008383713266452625, "issues_priorityMinor_min": 0.0024016421035227002, "Average Statements per Method": 0.03626166173254229, "issues_priorityMajor_mean": 0.025587645566570266, "Maximum Depth_50%": 0.0053346010983968345, "NumberOfMathOperations_std": 0.021235950698377342, "blame_merge_priorityMajor_std": 0.0, "NumberOfModifiers_25%": 0.0062576174172139, "MaxNumberOfNestedBlocks_std": 0.015543634108463442, "blamemerge_priorityMinor_mean": 0.035203050082473535, "Maximum Depth_max": 0.012523116656144816, "blamemerge_priorityMajor_count": 0.029340631489005512, "MaxNumberOfNestedBlocks_25%": 0.0024419007707609454, "Ad": 0.013195412045178614, "Maximum Depth_75%": 0.007721828114724346, "Maximum Depth_count": 0.025328220962911603, "blamemerge_priorityMajor_std": 0.024200688404743313, "Maximum Complexity*": 0.020626614383320818, "Mit": 0.0, "blame_merge_priorityMajor_min": 0.0, "PMi": 0.0, "blamemerge_priorityMajor_min": 0.005130075168403835, "blame_merge_priorityMajor_count": 0.0, "MaxNumberOfNestedBlocks_count": 0.021155662103700637, "blame_merge_priorityMinor_max": 0.0, "NumberOfModifiers_max": 0.013573297010545283, "blame_merge_priorityMinor_mean": 0.0, "MaxNumberOfNestedBlocks_min": 0.0008671517512752791, "Maximum Block Depth": 0.010369684038764714, "issues_priorityMinor_mean": 0.009151912596083845, "Ao": 0.0, "Maximum Depth_25%": 0.005014632149681042, "MaxNumberOfNestedBlocks_max": 0.011515203205881225, "Average Complexity*": 0.02229428956538799, "blamemerge_priorityMajor_mean": 0.03350714035846176, "NumberOfMathOperations_50%": 0.0034619249728744497, "issues_priorityMinor_count": 0.04150440021381324, "PMR": 0.017665654226386183, "issues_priorityMajor_std": 0.012884575401482301, "issues_priorityMajor_min": 0.008065904734237154, "issues_priorityMajor_max": 0.009896203551981113, "Maximum Depth_std": 0.01635260076290626, "NumberOfMethods_Mood": 0.023163230832729035, "blamemerge_priorityMinor_count": 0.02753793143679949, "blame_merge_priorityMajor_mean": 0.0, "NumberOfMathOperations_mean": 0.020357102378105247, "NF": 0.013814731106002143, "issues_priorityMinor_max": 0.004132288476011897, "NumberOfModifiers_std": 0.014062031182460829, "Maximum Depth_min": 0.0036831715759152515, "Ma": 0.014003248947157725, "Maximum Depth_mean": 0.013147648489485795, "Mo": 0.0, "NOPa": 0.0}