{"accuracy_score": 0.8496732026143791, "precision_score": 0.2375, "recall_score": 0.38, "f1_score": 0.2923076923076923, "roc_auc_score": 0.8132918149466192, "pr_auc_score": 0.3784925564173616}