{"NumberOfLambdas_max": 0.0, "LOCMethod_CK_50%": 0.010525935678899027, "NumberOfModifiers_50%": 0.004156904400414349, "MaxNumberOfNestedBlocks_std": 0.007078729252185875, "NumberOfNumbers_50%": 0.0035258047958761744, "NumberOfAssignments_max": 0.0070773822934034345, "IsConstructor_freq": 0.006086272080796863, "LOCMethod_CK_75%": 0.007052400759983667, "NumberOfInnerClasses_75%": 0.0, "NumberOfModifiers_min": 0.0008127694110418344, "NumberOfVariables_count": 0.005045400874001921, "NumberOfTryCatch_50%": 0.0005826962984186558, "RFC_count": 0.004177934564742622, "NumberOfComparisons_std": 0.01137163317768492, "Returns_25%": 0.0007829142810446278, "WMC_CK_max": 0.004920888961944399, "NumberOfAnonymousClasses_mean": 0.004042291168281029, "WMC_CK_50%": 0.0032706972486286966, "Returns_min": 0.00044254528271906655, "NumberOfAssignments_75%": 0.009258721598502377, "NumberOfTryCatch_max": 0.01072140082284122, "CBO_75%": 0.01690601356154942, "NumberOfLambdas_count": 0.0042947673461214125, "NumberOfLogStatements_25%": 0.0002537148318322088, "NumberOfParenthesizedExps_min": 0.0, "NumberOfAnonymousClasses_50%": 0.0, "RFC_std": 0.017181966118374078, "NumberOfParameters_CK_25%": 0.002445838496796597, "NumberOfNumbers_min": 0.00036105411884240334, "NumberOfInnerClasses_max": 0.0, "CBO_max": 0.017501717183538924, "NumberOfLogStatements_50%": 0.00039856015274158864, "CBO_count": 0.005523537906570756, "RFC_max": 0.017677252738202153, "CBO_50%": 0.015034817592928741, "IsConstructor_top": 2.9181981050181902e-05, "NumberOfInnerClasses_25%": 0.0, "RFC_25%": 0.007081855209262677, "NumberOfAssignments_min": 0.00225083438316089, "MaxNumberOfNestedBlocks_max": 0.005766463418793042, "Returns_mean": 0.006158968841524866, "LOCMethod_CK_std": 0.013420530116227807, "NumberOfComparisons_max": 0.005728332078034958, "NumberOfModifiers_mean": 0.01891196995243818, "NumberOfAnonymousClasses_min": 0.0, "NumberOfUniqueWords_min": 0.00669918125828127, "NumberOfParenthesizedExps_count": 0.005672592482343438, "MaxNumberOfNestedBlocks_count": 0.0050540418711846205, "NumberOfComparisons_min": 9.507189331121676e-05, "NumberOfUniqueWords_max": 0.018006518864464072, "NumberOfModifiers_count": 0.004881916103541344, "Returns_max": 0.003882491366868012, "NumberOfParenthesizedExps_max": 0.0035683832023300096, "NumberOfMathOperations_count": 0.005760474719599708, "NumberOfLoops_min": 7.060002925281017e-05, "MaxNumberOfNestedBlocks_50%": 0.0028768582091985725, "NumberOfUniqueWords_75%": 0.009818949997986078, "NumberOfUniqueWords_25%": 0.007837656259866297, "NumberOfParenthesizedExps_25%": 0.0001290065593688123, "NumberOfAssignments_mean": 0.013446920100579147, "WMC_CK_count": 0.005243011128346366, "NumberOfParenthesizedExps_mean": 0.0036971723244349263, "LOCMethod_CK_max": 0.025184527337253317, "NumberOfStringLiterals_max": 0.0058968291769454706, "NumberOfLogStatements_mean": 0.004909383155486485, "NumberOfTryCatch_75%": 0.0038154174922228235, "NumberOfUniqueWords_std": 0.009754019915425871, "LOCMethod_CK_count": 0.005701422423138606, "NumberOfStringLiterals_std": 0.008004753391364784, "NumberOfLoops_max": 0.0048870932948859875, "NumberOfStringLiterals_min": 0.0009966502692088566, "NumberOfMathOperations_75%": 0.004913034636085165, "NumberOfInnerClasses_mean": 0.0, "NumberOfAssignments_50%": 0.011041995585780293, "Returns_50%": 0.0014063241997858318, "NumberOfLogStatements_max": 0.0047277859213255, "NumberOfVariables_std": 0.006303028612028801, "NumberOfTryCatch_min": 3.8514297661989896e-05, "NumberOfParameters_CK_std": 0.004669346491411833, "NumberOfMathOperations_std": 0.015531622909320628, "NumberOfMathOperations_max": 0.009197341702767793, "NumberOfParameters_CK_max": 0.0046659159060585325, "WMC_CK_75%": 0.007412241342814647, "NumberOfLambdas_75%": 0.0, "IsConstructor_count": 0.005116854295358008, "NumberOfVariables_max": 0.009222755083692904, "NumberOfMathOperations_min": 4.836266961875223e-05, "NumberOfInnerClasses_count": 0.005212534798795586, "NumberOfParenthesizedExps_std": 0.004659138715736688, "NumberOfVariables_50%": 0.00589410989185431, "NumberOfNumbers_25%": 0.001940011476517988, "NumberOfParameters_CK_count": 0.004781332728302198, "NumberOfUniqueWords_count": 0.004384422487717965, "NumberOfStringLiterals_75%": 0.007926782760715078, "NumberOfMathOperations_25%": 0.00040703518625465095, "NumberOfLambdas_mean": 0.0, "NumberOfLoops_50%": 0.0013505261737978558, "NumberOfModifiers_std": 0.03785167818455135, "NumberOfTryCatch_std": 0.01716415285872354, "WMC_CK_min": 0.0007314618129018669, "NumberOfComparisons_50%": 0.0009103445311507703, "LOCMethod_CK_mean": 0.012800668879150953, "LOCMethod_CK_25%": 0.008103654324313734, "NumberOfLogStatements_75%": 0.0014535340831620658, "NumberOfUniqueWords_mean": 0.011345179788435057, "RFC_50%": 0.009090017526979173, "NumberOfModifiers_max": 0.022796916687721925, "IsConstructor_unique": 0.0005278056592905444, "NumberOfNumbers_mean": 0.006282481406484004, "NumberOfParenthesizedExps_50%": 8.320591148375825e-05, "MaxNumberOfNestedBlocks_min": 0.00039250655301608446, "NumberOfStringLiterals_mean": 0.008548729516504776, "NumberOfNumbers_count": 0.006083637012780327, "NumberOfNumbers_max": 0.006206684762490264, "NumberOfLambdas_std": 0.0, "NumberOfAnonymousClasses_75%": 0.000986713070344671, "NumberOfComparisons_mean": 0.007722121273911348, "NumberOfAssignments_count": 0.005049379952625164, "NumberOfParenthesizedExps_75%": 0.0010612560477961796, "NumberOfModifiers_75%": 0.004484129406570865, "NumberOfNumbers_75%": 0.004247374109390394, "NumberOfLoops_75%": 0.0011897432818827808, "NumberOfStringLiterals_50%": 0.007652734921349636, "NumberOfLambdas_50%": 0.0, "RFC_mean": 0.015850430624551125, "NumberOfAnonymousClasses_count": 0.004212009758670227, "NumberOfParameters_CK_mean": 0.00923216490525015, "NumberOfStringLiterals_count": 0.004973273342231731, "NumberOfMathOperations_50%": 0.0015363834415593543, "NumberOfComparisons_75%": 0.0023006796805523848, "NumberOfComparisons_count": 0.00523590925184945, "NumberOfComparisons_25%": 0.0008503152805998605, "NumberOfNumbers_std": 0.007680958352701808, "NumberOfLogStatements_count": 0.004891623740259672, "NumberOfLogStatements_std": 0.005922625381587983, "WMC_CK_std": 0.006942579199069215, "CBO_std": 0.010957494083626255, "NumberOfParameters_CK_50%": 0.0031482223101064154, "NumberOfVariables_25%": 0.003543230320137371, "WMC_CK_25%": 0.002217149444003192, "NumberOfAssignments_std": 0.007665588736690688, "NumberOfParameters_CK_min": 0.0013749823693685053, "NumberOfModifiers_25%": 0.00345449159976268, "Returns_std": 0.005151210169703203, "NumberOfTryCatch_count": 0.005336084701920285, "NumberOfAnonymousClasses_std": 0.0026986715850591085, "CBO_25%": 0.009426817219393155, "NumberOfVariables_mean": 0.00884540802985815, "NumberOfLoops_mean": 0.00401061506550808, "CBO_min": 0.003967212363707115, "NumberOfTryCatch_25%": 0.00018926753023732013, "NumberOfStringLiterals_25%": 0.0038803536514520833, "NumberOfLambdas_25%": 0.0, "NumberOfUniqueWords_50%": 0.00845721685392256, "WMC_CK_mean": 0.008215808937953062, "MaxNumberOfNestedBlocks_25%": 0.0022569618669018043, "NumberOfLambdas_min": 0.0, "Returns_count": 0.004866879276856444, "RFC_75%": 0.011460300791990102, "NumberOfLogStatements_min": 6.154354746592226e-05, "MaxNumberOfNestedBlocks_75%": 0.004308174350639378, "NumberOfTryCatch_mean": 0.00508094891021448, "NumberOfLoops_count": 0.0035718904275889325, "NumberOfLoops_std": 0.0047390183227763085, "CBO_mean": 0.018042592144449386, "RFC_min": 0.0032944608049807456, "LOCMethod_CK_min": 0.00339295781489271, "NumberOfVariables_75%": 0.009189873492938434, "NumberOfInnerClasses_std": 0.0, "NumberOfLoops_25%": 0.0002966009528537698, "NumberOfVariables_min": 0.002244607062406344, "NumberOfInnerClasses_min": 0.0, "NumberOfParameters_CK_75%": 0.003584722234064162, "NumberOfAnonymousClasses_max": 0.00181129642678311, "NumberOfAnonymousClasses_25%": 0.0, "NumberOfMathOperations_mean": 0.010486350760689349,