{"NumberOfStringLiterals_75%": 0.004421373766689235, "NumberOfLogStatements_50%": 0.0, "IsConstructor_unique": 0.0007847458759099705, "LOCMethod_CK_25%": 0.004690065873385085, "NumberOfLoops_50%": 0.00023610813417640128, "CBO_max": 0.0049453368338048045, "NumberOfAnonymousClasses_min": 0.0, "NumberOfUniqueWords_min": 0.010094501149777526, "NumberOfLambdas_std": 0.0, "NumberOfLogStatements_std": 0.0, "NumberOfMathOperations_min": 0.0, "NumberOfInnerClasses_75%": 0.0, "CBO_25%": 0.006652594599106841, "NumberOfMathOperations_std": 0.004432328629046965, "Returns_75%": 0.00023610813417640128, "NumberOfLogStatements_count": 0.011157337301335946, "NumberOfLoops_75%": 0.00015740542278426753, "NumberOfAssignments_std": 0.009390283131242854, "NumberOfAssignments_25%": 0.0038015649554228, "NumberOfMathOperations_mean": 0.004406911917832737, "NumberOfParenthesizedExps_75%": 0.0, "NumberOfInnerClasses_25%": 0.0, "IsConstructor_count": 0.010144358686791035, "NumberOfParameters_CK_count": 0.009927753832881761, "CBO_75%": 0.0013711367570814572, "NumberOfAssignments_50%": 0.0030389085876463147, "Returns_min": 0.0, "NumberOfMathOperations_25%": 0.0, "NumberOfTryCatch_75%": 0.01539570628413121, "NumberOfVariables_25%": 0.0017190023238410333, "NumberOfTryCatch_min": 0.0, "NumberOfTryCatch_std": 0.037884012228895945, "NumberOfTryCatch_25%": 0.0, "NumberOfAnonymousClasses_max": 0.0, "NumberOfLogStatements_25%": 0.0, "NumberOfComparisons_max": 0.006354516122903917, "IsConstructor_freq": 0.008399680881113068, "NumberOfNumbers_std": 0.009494648382285226, "NumberOfComparisons_mean": 0.011256728998464307, "CBO_std": 0.01470472725912773, "NumberOfVariables_min": 0.0006565077105567429, "NumberOfTryCatch_max": 0.030136132195333464, "LOCMethod_CK_std": 0.00660116822525891, "NumberOfAnonymousClasses_mean": 0.0, "NumberOfParameters_CK_25%": 0.0019596026728377143, "RFC_max": 0.017050651033795085, "NumberOfLogStatements_75%": 0.0, "WMC_CK_25%": 0.0004010923365762074, "NumberOfAnonymousClasses_50%": 0.0, "NumberOfLambdas_min": 0.0, "CBO_min": 0.0011132441495467031, "NumberOfMathOperations_max": 0.004584301709799115, "NumberOfUniqueWords_mean": 0.012522864866533758, "LOCMethod_CK_max": 0.010224996667159335, "NumberOfStringLiterals_max": 0.009718272110185833, "NumberOfLoops_max": 0.003944103413591321, "NumberOfModifiers_mean": 0.0370764454705661, "CBO_count": 0.0062551962347249775, "RFC_25%": 0.0036212757698497497, "CBO_50%": 0.0022644849143023367, "NumberOfParameters_CK_75%": 0.0, "NumberOfAssignments_count": 0.010786311380545853, "NumberOfNumbers_mean": 0.004137959946316297, "NumberOfTryCatch_50%": 0.0, "NumberOfComparisons_count": 0.00953116906536522, "WMC_CK_75%": 0.009047983287879634, "NumberOfLambdas_mean": 0.0, "NumberOfVariables_count": 0.00834744552251269, "NumberOfAssignments_min": 0.0012266608514855354, "NumberOfUniqueWords_25%": 0.012434035440885205, "MaxNumberOfNestedBlocks_max": 0.006620785482453185, "NumberOfNumbers_75%": 0.00164683436145833, "NumberOfUniqueWords_max": 0.015410716710237402, "NumberOfUniqueWords_count": 0.0067504465132420905, "Returns_25%": 0.003140171024622707, "NumberOfParameters_CK_50%": 0.0008820416044272638, "RFC_min": 0.003753532908207534, "WMC_CK_mean": 0.008948961169583183, "NumberOfVariables_mean": 0.007500967249950924, "Returns_count": 0.010384782585649309, "RFC_mean": 0.018726053159855045, "WMC_CK_std": 0.009820706448017878, "NumberOfParenthesizedExps_50%": 0.0, "NumberOfMathOperations_count": 0.006428173609577613, "MaxNumberOfNestedBlocks_75%": 0.0034036626661242244, "NumberOfParenthesizedExps_mean": 0.0011860363806366603, "RFC_50%": 0.008485288233212913, "NumberOfStringLiterals_count": 0.006209849750872862, "NumberOfParenthesizedExps_max": 0.0004010923365762074, "LOCMethod_CK_75%": 0.008076545491886028, "NumberOfVariables_max": 0.010330496755984341, "LOCMethod_CK_50%": 0.00702154313078814, "NumberOfLoops_25%": 0.0, "NumberOfInnerClasses_count": 0.008952859910053327, "NumberOfParameters_CK_min": 0.0, "NumberOfInnerClasses_min": 0.0, "NumberOfParenthesizedExps_min": 0.0, "NumberOfLoops_std": 0.0030915556056886036, "NumberOfLoops_mean": 0.0019271829591597036, "WMC_CK_50%": 0.0025037554972688197, "NumberOfUniqueWords_75%": 0.01101353700720555, "NumberOfLogStatements_mean": 0.0, "NumberOfNumbers_count": 0.00639958540295722, "NumberOfNumbers_min": 0.0, "CBO_mean": 0.0044951316486301456, "NumberOfInnerClasses_std": 0.0, "NumberOfLambdas_50%": 0.0, "NumberOfModifiers_min": 0.01669772949799695, "RFC_75%": 0.01487689160567994, "NumberOfParameters_CK_max": 0.003559624254875706, "NumberOfStringLiterals_min": 0.004920153164804652, "NumberOfComparisons_50%": 0.0, "NumberOfModifiers_max": 0.011305707688352177, "NumberOfComparisons_std": 0.0076940849898293785, "NumberOfVariables_50%": 0.0012216997348810195, "MaxNumberOfNestedBlocks_count": 0.00926744627145799, "NumberOfStringLiterals_25%": 0.00271085282894775, "NumberOfParameters_CK_std": 0.005243816899743789, "WMC_CK_max": 0.008447530180551626, "NumberOfModifiers_50%": 0.013772418644811624, "NumberOfParameters_CK_mean": 0.0036343331055062158, "NumberOfAnonymousClasses_75%": 0.0, "MaxNumberOfNestedBlocks_std": 0.010799982661651317, "Returns_max": 0.003832218158630699, "Returns_mean": 0.004844208385594507, "NumberOfParenthesizedExps_25%": 0.0, "NumberOfLoops_min": 0.0, "MaxNumberOfNestedBlocks_25%": 0.0, "NumberOfTryCatch_count": 0.008616013877591507, "NumberOfModifiers_25%": 0.013318943303511821, "NumberOfAnonymousClasses_std": 0.0, "NumberOfUniqueWords_50%": 0.012082616809750115, "NumberOfStringLiterals_mean": 0.01032143291567976, "NumberOfModifiers_75%": 0.011954064182008579, "NumberOfAnonymousClasses_count": 0.010578595984665989, "NumberOfMathOperations_50%": 0.0, "IsConstructor_top": 0.0, "NumberOfLogStatements_max": 0.0, "NumberOfLoops_count": 0.006434295924349333, "NumberOfStringLiterals_std": 0.01189665632462993, "Returns_std": 0.003995635721165066, "NumberOfInnerClasses_50%": 0.0, "NumberOfTryCatch_mean": 0.018650302425782226, "NumberOfAnonymousClasses_25%": 0.0, "MaxNumberOfNestedBlocks_50%": 0.003176791155778332, "LOCMethod_CK_mean": 0.0074716753779213085, "RFC_std": 0.03266224702250871, "NumberOfParenthesizedExps_count": 0.011245720008813957, "NumberOfNumbers_25%": 0.0, "NumberOfLambdas_max": 0.0, "NumberOfLambdas_count": 0.009436584315567738, "NumberOfVariables_75%": 0.006942395017044038, "NumberOfInnerClasses_mean": 0.0, "NumberOfComparisons_75%": 0.0, "LOCMethod_CK_count": 0.007860824224749322, "WMC_CK_min": 0.00030081925243215555, "NumberOfParenthesizedExps_std": 0.0004477309803641389, "NumberOfLogStatements_min": 0.0, "NumberOfAssignments_max": 0.0072088848086139376, "LOCMethod_CK_min": 0.001756483218615055, "NumberOfAssignments_mean": 0.00778242536325927, "NumberOfNumbers_50%": 0.0, "NumberOfNumbers_max": 0.007443620753676287, "NumberOfComparisons_25%": 0.00021487089459439691, "WMC_CK_count": 0.010526522857510193, "NumberOfMathOperations_75%": 0.0008113004080746017, "NumberOfAssignments_75%": 0.002494465213074553, "MaxNumberOfNestedBlocks_min": 0.0, "NumberOfVariables_std": 0.019082436412653538, "NumberOfModifiers_std": 0.004755543645734943, "RFC_count": 0.010447211946781717, "NumberOfComparisons_min": 0.0, "NumberOfLambdas_25%": 0.0, "NumberOfStringLiterals_50%": 0.0045119157871530745, "NumberOfUniqueWords_std": 0.010732366644957027, "NumberOfModifiers_count": 0.01317878456438001, "Returns_50%": 0.0012513528017004452, "NumberOfLambdas_75%": 0.0, "NumberOfInnerClasses_max": 0.0, "MaxNumberOfNestedBlocks_mean": 0.0053277251318017685}