{"NumberOfComparisons": 0.012741666081879488, "NumberOfInnerClasses": 0.0, "Si": 0.006140496316746229, "NumberOfTryCatch": 0.00106705647506027, "Fin": 0.020261016693938448, "WMC_CK": 0.021040143503659674, "RFC": 0.11905246191118736, "Ci": 0.0218588705378967, "NumberOfNumbers": 0.012765505882620608, "NumberOfParameters_CK": 0.00796102136908305, "AnonymousInnerClassLength": 0.0003917774654030603, "NumberOfModifiers": 0.03864539927698418, "Returns": 0.027623613668681934, "NumberOfParenthesizedExps": 0.0027362126452855013, "MaxNumberOfNestedBlocks": 0.012309547792477607, "LOCMethod_CK": 0.05335774319156469, "NCOMP": 0.02283585934646013, "MethodLength": 0.07348686062944361, "NumberOfVariables": 0.022117633192168647, "NumberOfUniqueWords": 0.10179070435992378, "FileLength": 0.03510278562650379, "Maximum Depth": 0.010636757871826033, "NumberOfLogStatements": 0.022619356385603254, "IsConstructor": 0.007332424895047031, "CBO": 0.0899077542215242, "Di": 0.022510242813379707, "NumberOfLambdas": 0.0, "NumberOfAnonymousClasses": 0.0004095440147730412, "Fout": 0.0041993674968531505, "IOVars": 0.01736339525585582, "VG": 0.019440250317130727, "NVAR": 0.04502190920426717, "NOP": 0.00798230917111949, "MCLC": 0.030874851161614838, "NumberOfMathOperations": 0.008931117642525892, "NumberOfStringLiterals": 0.03227246867488242, "NBD": 0.020454184390881116, "NumberOfLoops": 0.005563489086264683, "NumberOfAssignments": 0.04119420142948268}