{"MethodLength_mean": 0.012912187501929132, "NumberOfProtectedMethod_std": 0.005999443102568136, "NestedIfElseDepth_max": 0.005369472111701021, "NumberOfMethods_Checkstyle_50%": 0.0005242006807203726, "NumberOfPrivateMethod_75%": 0.0011886426181460812, "CyclomaticComplexity_25%": 0.0020399102733571553, "NestedIfElseDepth_min": 0.0006944239180051635, "NCSSForThisClass_min": 0.0011214077700144032, "NestedTryDepth_mean": 0.0013691242679305768, "NumberOfProtectedMethod_75%": 0.0009665253016527787, "NumberOfPrivateMethod_mean": 0.004491871888065077, "NestedTryDepth_std": 0.0012151973665704661, "CyclomaticComplexity_min": 0.0013711827162886465, "NCSSForThisClass_50%": 0.0013869772509239842, "ClassDataAbstractionCoupling_50%": 0.00053396962612844, "NumberOfPublicMethods_Checkstyle_std": 0.01187257287054095, "NestedForDepth_min": 0.0, "ClassDataAbstractionCoupling_count": 0.006975136749043503, "NestedTryDepth_count": 0.00791630844516564, "NCSSForThisFile_count": 0.00747893354439915, "ClassDataAbstractionCoupling_75%": 0.002361276218811517, "NumberOfPackageMethod_max": 3.30671952462511e-05, "NCSSForThisClass_75%": 0.005267082214373172, "NPathComplexity_mean": 0.011314461841705745, "ExecutableStatementCount_75%": 0.008462147652597623, "NCSSForThisMethod_max": 0.013490170035338289, "NestedTryDepth_max": 0.0013676995401367205, "NumberOfPrivateMethod_count": 0.007628738093915996, "NestedTryDepth_25%": 0.0, "NCSSForThisClass_std": 0.012529857352913044, "FileLength_count": 0.006963649546429189, "NumberOfMethods_Checkstyle_std": 0.008735434383721069, "ThrowsCount_75%": 0.007215666894926682, "ClassFanOutComplexity_max": 0.029121129381379455, "NCSSForThisFile_std": 0.014112237456312732, "NCSSForThisClass_25%": 0.0014581388338960795, "BooleanExpressionComplexity_mean": 0.005549483241158308, "CyclomaticComplexity_count": 0.0072864748203339625, "NestedIfElseDepth_std": 0.012757686224463442, "NumberOfPackageMethod_mean": 2.590391923376341e-05, "NCSSForThisFile_75%": 0.005214228568747404, "NestedForDepth_75%": 8.522585948045612e-05, "NPathComplexity_std": 0.009589838140924045, "NumberOfPackageMethod_75%": 0.0, "ClassFanOutComplexity_50%": 0.0038281858930937856, "AnonymousInnerClassLength_count": 0.007180541753013292, "NPathComplexity_max": 0.008108090070365136, "NumberOfPublicMethods_Checkstyle_max": 0.011313022155369465, "NestedTryDepth_min": 0.0, "ThrowsCount_25%": 0.00492128009149042, "NumberOfProtectedMethod_count": 0.008471017174344966, "NumberOfPublicMethods_Checkstyle_count": 0.00733482424994721, "NPathComplexity_count": 0.007116837779166841, "NestedIfElseDepth_mean": 0.00704561429682442, "NumberOfMethods_Checkstyle_max": 0.011560817162597953, "NCSSForThisMethod_mean": 0.01053004114943755, "MethodLength_25%": 0.008888817211534035, "NumberOfMethods_Checkstyle_min": 9.255518845978842e-05, "NCSSForThisClass_max": 0.015019910641516023, "ClassDataAbstractionCoupling_25%": 0.0006333700123500936, "NCSSForThisClass_count": 0.007435675369821036, "NestedTryDepth_50%": 0.0, "MethodLength_max": 0.01288108067514704, "FileLength_50%": 0.002898903520394289, "ClassDataAbstractionCoupling_max": 0.013071896790476063, "NumberOfPublicMethods_Checkstyle_mean": 0.007490075798719226, "CyclomaticComplexity_Designite_75%": 0.005222290233451122, "NCSSForThisFile_max": 0.01669262998293259, "NestedIfElseDepth_25%": 0.000660357696898817, "NPathComplexity_25%": 0.006153619082883406, "NestedForDepth_std": 0.0012950553429989726, "FileLength_min": 0.003044176384395049, "NPathComplexity_75%": 0.008300671809038178, "BooleanExpressionComplexity_count": 0.007299884741866731, "ClassFanOutComplexity_mean": 0.016079462498033815, "MethodLength_75%": 0.009722750625941863, "CyclomaticComplexity_50%": 0.0025561308999295334, "NumberOfPackageMethod_count": 0.007648067025483888, "NumberOfMethods_Checkstyle_25%": 0.000560628581316636, "NestedIfElseDepth_75%": 0.0020983504502951247, "ClassDataAbstractionCoupling_std": 0.014223197301258173, "NumberOfPublicMethods_Checkstyle_min": 0.00025493978525543075, "CyclomaticComplexity_max": 0.00561649264988103, "NestedForDepth_count": 0.0068885164912733405, "ThrowsCount_max": 0.003354045437867009, "ThrowsCount_min": 0.0015174709344230677, "NCSSForThisMethod_25%": 0.005552412033798001, "ClassFanOutComplexity_count": 0.007177516708907971, "NCSSForThisMethod_min": 0.00606515041173654, "ExecutableStatementCount_mean": 0.01047962908669687, "AnonymousInnerClassLength_std": 0.0009730707122545857, "NestedTryDepth_75%": 0.0, "NCSSForThisClass_mean": 0.01417898675641566, "NCSSForThisMethod_count": 0.008091672155023365, "NumberOfPrivateMethod_max": 0.005493560133802108, "NCSSForThisMethod_75%": 0.008597721359117126, "ExecutableStatementCount_25%": 0.005488645542830329, "CyclomaticComplexity_Designite_count": 0.015806123936227434, "CyclomaticComplexity_Designite_std": 0.007708804099698024, "NumberOfMethods_Checkstyle_mean": 0.0032373622910368393, "FileLength_std": 0.017410106937128612, "ThrowsCount_std": 0.009402805552794033, "NCSSForThisFile_mean": 0.015463054366284285, "NumberOfPublicMethods_Checkstyle_25%": 0.0003358008406514363, "NestedForDepth_50%": 1.6387544828267036e-05, "NumberOfPackageMethod_25%": 0.0, "CyclomaticComplexity_Designite_max": 0.006381122017091267, "NCSSForThisFile_25%": 0.0021961500101273226, "NestedIfElseDepth_50%": 0.0008019912730585816, "NestedIfElseDepth_count": 0.007538340166621814, "ClassFanOutComplexity_min": 0.004502898194362912, "NumberOfProtectedMethod_max": 0.004488765384586598, "FileLength_25%": 0.003270493982704464, "BooleanExpressionComplexity_50%": 0.0005926824700393927, "NestedForDepth_25%": 0.0, "AnonymousInnerClassLength_50%": 0.0013249902128043944, "NumberOfPrivateMethod_std": 0.005659124861681367, "NumberOfProtectedMethod_min": 4.80934981523072e-05, "ThrowsCount_mean": 0.011475972758858564, "CyclomaticComplexity_std": 0.007430017329410538, "BooleanExpressionComplexity_min": 0.00011998639986011759, "CyclomaticComplexity_Designite_min": 0.0019825104085474626, "MethodLength_min": 0.008308460740681008, "NumberOfPackageMethod_min": 0.0, "NCSSForThisFile_min": 0.0015055675334364742, "ClassFanOutComplexity_std": 0.022960479066351482, "NestedForDepth_mean": 0.0015375371346153838, "ExecutableStatementCount_min": 0.005992208196510994, "MethodLength_std": 0.012038382403927916, "NumberOfPackageMethod_std": 2.4930405757712925e-05, "AnonymousInnerClassLength_mean": 0.0014111112361696093, "AnonymousInnerClassLength_max": 0.001064517004916402, "FileLength_max": 0.018879500811948093, "ThrowsCount_count": 0.007326243919584249, "NumberOfProtectedMethod_50%": 4.82002582188202e-05, "ClassFanOutComplexity_75%": 0.007057680017876857, "AnonymousInnerClassLength_25%": 0.000635618703230684, "BooleanExpressionComplexity_25%": 0.0005149453428184088, "CyclomaticComplexity_75%": 0.00506638225131548, "ExecutableStatementCount_count": 0.007068010826497974, "CyclomaticComplexity_mean": 0.0069434903722084725, "CyclomaticComplexity_Designite_mean": 0.007358782701463103, "ExecutableStatementCount_std": 0.013376758144554596, "NumberOfPublicMethods_Checkstyle_50%": 0.0003338093876403778, "AnonymousInnerClassLength_75%": 0.0010109434627326374, "BooleanExpressionComplexity_std": 0.0062325857739705835, "ExecutableStatementCount_50%": 0.00641129717419116, "NCSSForThisMethod_std": 0.01462973022212019, "NumberOfProtectedMethod_mean": 0.004466821348876881, "NumberOfPrivateMethod_25%": 0.0, "NumberOfPublicMethods_Checkstyle_75%": 0.0026489159674255728, "ClassDataAbstractionCoupling_mean": 0.011203201804664855, "BooleanExpressionComplexity_max": 0.0026917394443819517, "NumberOfProtectedMethod_25%": 3.590645703751855e-05, "BooleanExpressionComplexity_75%": 0.001489338122250115, "AnonymousInnerClassLength_min": 0.0, "NCSSForThisFile_50%": 0.0018474064337953896, "NumberOfPrivateMethod_50%": 3.086179296492597e-05, "ExecutableStatementCount_max": 0.013450093737086537, "ThrowsCount_50%": 0.007302951383712925, "NumberOfMethods_Checkstyle_75%": 0.0012529646915123837,