{"accuracy_score": 0.8513071895424836, "precision_score": 0.24691358024691357, "recall_score": 0.4, "f1_score": 0.30534351145038163, "roc_auc_score": 0.7484697508896799, "pr_auc_score": 0.3120246662944596}