{"accuracy_score": 0.9657258064516129, "precision_score": 0.15, "recall_score": 0.04225352112676056, "f1_score": 0.06593406593406594, "roc_auc_score": 0.6952537140652132, "pr_auc_score": 0.07317606302856983}