{"accuracy_score": 0.9966527196652719, "precision_score": 0.0, "recall_score": 0.0, "f1_score": 0.0, "roc_auc_score": 0.5927123883673002, "pr_auc_score": 0.005308498763757603}