;WMC_CK;BuggedMethods
count;13256.0;13256
unique;;2
top;;False
freq;;13206
mean;1.4302957151478575;
std;2.7652474081492;
min;0.0;
25%;0.0;
50%;1.0;
75%;1.0;
max;110.0;
