{"ExecutableStatementCount": 0.05112554632098286, "NumberOfParameters_CK": 0.012962143162342014, "NCSSForThisMethod": 0.043172483522628584, "NumberOfMethods_Checkstyle": 0.0134179672754087, "RFC": 0.040528629969446894, "NumberOfStringLiterals": 0.03541786945632584, "NumberOfUniqueWords": 0.09815812226210428, "CyclomaticComplexity": 0.022942819092495906, "NestedIfElseDepth": 0.004635810155093649, "NumberOfProtectedMethod": 0.00021180664157516069, "MethodLength": 0.06294787930290577, "ThrowsCount": 0.013173889662322009, "Returns": 0.013474905624713363, "MaxNumberOfNestedBlocks": 0.01590274366556807, "CBO": 0.032116833706806826, "NumberOfLambdas": 0.0, "ClassDataAbstractionCoupling": 0.010066537047945344, "NPathComplexity": 0.027675051049877306, "BooleanExpressionComplexity": 0.007225871476976266, "NumberOfComparisons": 0.01009767495332265, "NumberOfMathOperations": 0.01990551396540853, "NumberOfPrivateMethod": 0.0087119457430929, "ClassFanOutComplexity": 0.022298666966958647, "NumberOfAssignments": 0.030821195838532957, "FileLength": 0.026402546684664525, "NumberOfPublicMethods_Checkstyle": 0.012211523830399619, "IsConstructor": 0.005918810132923332, "NumberOfPackageMethod": 0.00810262466079658, "NumberOfParenthesizedExps": 0.005720448704809687, "AnonymousInnerClassLength": 0.00025631202918126924, "Maximum Depth": 0.032626101649849276, "NestedForDepth": 0.0003029406228186831, "NumberOfVariables": 0.02405356047268786, "NumberOfTryCatch": 0.03575633543484336, "NumberOfNumbers": 0.04324979237021202, "WMC_CK": 0.02100245057056123, "NestedTryDepth": 7.51498211697878e-05, "LOCMethod_CK": 0.04462405443394101, "NumberOfLogStatements": 0.021983539022585676, "NumberOfLoops": 0.015278348464447249, "NumberOfInnerClasses": 0.0, "NumberOfModifiers": 0.058607849760146005, "NCSSForThisClass": 0.023349946933580612, "NumberOfAnonymousClasses": 0.0002938477276955809, "NCSSForThisFile": 0.02319190980985219}