{"accuracy_score": 0.9700356333009394, "precision_score": 0.0, "recall_score": 0.0, "f1_score": 0.0, "roc_auc_score": 0.6074013307466125, "pr_auc_score": 0.033309037823713035}