{"AnonymousInnerClassLength": 0.04884630870757029, "MethodLength": 0.6255948560792245, "FileLength": 0.32555883521320517}