;AnonymousInnerClassLength;BuggedMethods;MethodLength;FileLength
count;4949.0;4949;4949.0;4949.0
unique;;2;;
top;;False;;
freq;;4724;;
mean;0.14043241058799757;;2.7844008890684986;7.214588805819357
std;1.2314426438832133;;5.3809778239726;39.50440277819432
min;0.0;;0.0;0.0
25%;0.0;;0.0;0.0
50%;0.0;;0.0;0.0
75%;0.0;;3.0;0.0
max;28.0;;116.0;1111.0
