;WMC_CK;BuggedMethods
count;6725.0;6725
unique;;2
top;;False
freq;;6609
mean;1.0333085501858736;
std;2.837470734170696;
min;0.0;
25%;0.0;
50%;1.0;
75%;1.0;
max;101.0;
