{"WMC_CK_std": 0.1156978542869541, "WMC_CK_mean": 0.10675552048525395, "WMC_CK_75%": 0.07213793018398397, "DIT": 0.013105922957108688, "NORM": 0.0, "WMC_CK_25%": 0.025679357254723575, "WMC": 0.20030598439408712, "WMC_CK_min": 0.006825140616225021, "WMC_CK_50%": 0.04440398322311728, "WMC_CK_max": 0.08469931428213898, "WMC_CK_count": 0.15745830749537387, "NOCh": 0.0, "NMI": 0.0, "NPM": 0.17293068482103346}