{"accuracy_score": 0.9159533073929961, "precision_score": 0.4444444444444444, "recall_score": 0.07547169811320754, "f1_score": 0.12903225806451613, "roc_auc_score": 0.628374701938003, "pr_auc_score": 0.16357095795139098}