{"Returns_mean": 0.008133421912910426, "NumberOfAnonymousClasses_75%": 7.498158653225356e-05, "NumberOfAssignments_25%": 0.00824769002507031, "WMC_CK_count": 0.004613959801042761, "NumberOfMathOperations_25%": 0.00043956880741385446, "NumberOfStringLiterals_50%": 0.005347165333889881, "CBO_std": 0.0061564332067388285, "NumberOfInnerClasses_25%": 0.0, "NumberOfComparisons_25%": 0.0014719044311536152, "Returns_std": 0.003873199890353846, "NumberOfAssignments_75%": 0.009228578995081515, "RFC_min": 0.0062698149032046, "NumberOfUniqueWords_75%": 0.022881736281809686, "NumberOfModifiers_75%": 0.009325166390846434, "WMC_CK_50%": 0.003738949009098782, "NumberOfNumbers_count": 0.005820283316674777, "NumberOfParameters_CK_min": 0.009108517086025744, "NumberOfModifiers_mean": 0.011196441598990392, "Returns_50%": 0.007071831555391715, "WMC_CK_75%": 0.004692255601899204, "IsConstructor_freq": 0.005460447453957644, "NumberOfLambdas_max": 0.0002642819792325552, "NumberOfModifiers_max": 0.007552315651684889, "NumberOfAnonymousClasses_count": 0.006008729655878616, "NumberOfInnerClasses_75%": 0.0, "NumberOfInnerClasses_max": 0.0, "NumberOfComparisons_min": 0.0011242036766861791, "LOCMethod_CK_std": 0.005624311999201041, "NumberOfLoops_std": 0.0024862027249434753, "NumberOfLambdas_count": 0.005250364227840386, "NumberOfComparisons_50%": 0.0012181584610480103, "LOCMethod_CK_min": 0.00767179848899339, "NumberOfParenthesizedExps_max": 0.003744714547491889, "NumberOfParameters_CK_50%": 0.011015835849248815, "NumberOfMathOperations_mean": 0.0038780369531896293, "NumberOfVariables_mean": 0.0057777932943031095, "NumberOfUniqueWords_mean": 0.02324233995661573, "NumberOfLambdas_50%": 0.0, "NumberOfLoops_50%": 0.0006929881091610489, "NumberOfParenthesizedExps_std": 0.003088536447765971, "NumberOfTryCatch_75%": 0.002549307533184524, "NumberOfAnonymousClasses_25%": 0.0, "MaxNumberOfNestedBlocks_50%": 0.002799916380371142, "NumberOfInnerClasses_50%": 0.0, "CBO_25%": 0.013083758681466644, "NumberOfModifiers_min": 0.006402959022821346, "CBO_min": 0.010384318378277912, "NumberOfTryCatch_min": 0.0009804934311970802, "Returns_75%": 0.007769911750711461, "NumberOfTryCatch_25%": 0.0009136877852085022, "NumberOfAnonymousClasses_std": 2.9440703383285755e-05, "NumberOfLoops_min": 0.0009032640037704965, "NumberOfParameters_CK_count": 0.005936055635998998, "NumberOfComparisons_std": 0.005226578642770235, "NumberOfAnonymousClasses_mean": 5.1016274927360494e-05, "LOCMethod_CK_25%": 0.008342039458674937, "MaxNumberOfNestedBlocks_mean": 0.005760386334719435, "IsConstructor_count": 0.0053564353524944595, "NumberOfMathOperations_count": 0.005860538061071077, "NumberOfParameters_CK_mean": 0.012097495793593184, "LOCMethod_CK_mean": 0.01044726390341879, "MaxNumberOfNestedBlocks_25%": 0.0020224475110145693, "NumberOfLambdas_25%": 0.0, "LOCMethod_CK_count": 0.005811733800985867, "NumberOfTryCatch_std": 0.0015816378109472814, "NumberOfAnonymousClasses_min": 0.0, "NumberOfMathOperations_max": 0.004548465884045887, "NumberOfMathOperations_50%": 0.002307955250849952, "NumberOfLoops_75%": 0.0009873256538132174, "WMC_CK_mean": 0.006896585003169426, "NumberOfTryCatch_mean": 0.003612480472733551, "NumberOfStringLiterals_std": 0.00323151036000722, "MaxNumberOfNestedBlocks_max": 0.00440198392570441, "NumberOfAssignments_count": 0.005089202250625455, "NumberOfAssignments_min": 0.0074904465687923374, "NumberOfLogStatements_count": 0.005162749853905055, "NumberOfInnerClasses_count": 0.006434373270073417, "RFC_25%": 0.009793171095783038, "NumberOfLogStatements_mean": 0.013723550242499074, "NumberOfAnonymousClasses_max": 3.398178115046954e-05, "NumberOfMathOperations_75%": 0.0016721305887166063, "IsConstructor_top": 0.005772918804397924, "LOCMethod_CK_max": 0.013153501592079323, "NumberOfUniqueWords_std": 0.0068460244940543305, "NumberOfNumbers_75%": 0.0016007527931893625, "NumberOfInnerClasses_mean": 0.0, "NumberOfParenthesizedExps_count": 0.005753139681191609, "NumberOfLoops_max": 0.0014859755067929347, "NumberOfAnonymousClasses_50%": 0.0, "LOCMethod_CK_75%": 0.01057089066417714, "NumberOfComparisons_75%": 0.0034401899394678878, "NumberOfModifiers_std": 0.006852535055140408, "NumberOfNumbers_25%": 0.0006556813661852916, "NumberOfVariables_std": 0.005540961029940385, "WMC_CK_std": 0.0069140771353595285, "NumberOfLogStatements_50%": 0.003981417151877243, "NumberOfAssignments_mean": 0.009871696395473133, "NumberOfStringLiterals_mean": 0.006858653089484814, "NumberOfLambdas_mean": 5.288816569270828e-05, "NumberOfParenthesizedExps_min": 0.0021380201454070506, "RFC_mean": 0.009135385228327032, "RFC_75%": 0.0098469308091295, "NumberOfLambdas_std": 7.941623643842774e-05, "NumberOfVariables_75%": 0.004408558389191968, "RFC_count": 0.005928802064700688, "NumberOfComparisons_count": 0.005333303995425948, "NumberOfLoops_count": 0.005604615452705826, "NumberOfVariables_max": 0.005695753285096337, "LOCMethod_CK_50%": 0.011606964014003757, "NumberOfStringLiterals_25%": 0.005946640832740994, "NumberOfComparisons_max": 0.004877723426081059, "NumberOfUniqueWords_50%": 0.02053308582654522, "NumberOfLogStatements_min": 0.0036973768988409097, "Returns_min": 0.008970574221141689, "NumberOfParenthesizedExps_50%": 0.0034474888754126563, "NumberOfTryCatch_count": 0.005733626553314548, "NumberOfNumbers_max": 0.004719131520412381, "NumberOfLogStatements_max": 0.006724799774342266, "RFC_max": 0.01035916221758686, "NumberOfVariables_min": 0.0024564890630715485, "NumberOfStringLiterals_count": 0.006811122330872381, "NumberOfParameters_CK_std": 0.008756299526197183, "NumberOfParameters_CK_75%": 0.009700054724028162, "NumberOfAssignments_max": 0.008365242044656359, "CBO_75%": 0.012382374774369953, "NumberOfParenthesizedExps_mean": 0.005816078372130359, "NumberOfStringLiterals_min": 0.005050230369213882, "NumberOfUniqueWords_min": 0.01830046449637019, "RFC_std": 0.003920675125488902, "NumberOfInnerClasses_std": 0.0, "MaxNumberOfNestedBlocks_75%": 0.003164128017893626, "WMC_CK_min": 0.0012446157741416023, "NumberOfLogStatements_75%": 0.004366105926659155, "NumberOfModifiers_50%": 0.007813365268805769, "NumberOfTryCatch_50%": 0.0011439234475459812, "CBO_50%": 0.012125704675530423, "NumberOfNumbers_50%": 0.000740447021472807, "Returns_max": 0.005644261756767844, "NumberOfStringLiterals_max": 0.008763792223806662, "NumberOfUniqueWords_max": 0.02322983581204328, "NumberOfStringLiterals_75%": 0.006613209133404202, "NumberOfVariables_count": 0.006058261616697901, "NumberOfVariables_50%": 0.0036576051409478905, "CBO_mean": 0.013293141170691879, "IsConstructor_unique": 0.000604337404920345, "CBO_count": 0.006498179781271497, "NumberOfParameters_CK_max": 0.010852417131936052, "CBO_max": 0.013120137218138084, "NumberOfParenthesizedExps_75%": 0.004632685226463506, "NumberOfParameters_CK_25%": 0.008370426284362893, "NumberOfNumbers_mean": 0.003414335404257205, "NumberOfLambdas_min": 0.0, "NumberOfInnerClasses_min": 0.0, "Returns_25%": 0.009119289918785672, "NumberOfLambdas_75%": 0.0, "NumberOfComparisons_mean": 0.006518067765232314, "WMC_CK_max": 0.00721078286510987, "NumberOfAssignments_std": 0.003931370762242118, "NumberOfMathOperations_std": 0.006188542541094795, "NumberOfLoops_mean": 0.003033863192284348, "RFC_50%": 0.008696156238199816, "NumberOfAssignments_50%": 0.008015961294749097, "NumberOfTryCatch_max": 0.0017993585564241258, "NumberOfMathOperations_min": 0.00013506379534271708, "NumberOfUniqueWords_count": 0.005832706567948571, "NumberOfNumbers_min": 0.0005350132895530246, "WMC_CK_25%": 0.002404122744134174, "NumberOfVariables_25%": 0.0028604136606957585, "MaxNumberOfNestedBlocks_min": 0.0016336626207118484, "NumberOfLogStatements_25%": 0.004422356415236992, "NumberOfModifiers_count": 0.005092244127411206, "MaxNumberOfNestedBlocks_std": 0.004660138015039298, "NumberOfUniqueWords_25%": 0.019770752849704087, "NumberOfModifiers_25%": 0.007928228118204433, "MaxNumberOfNestedBlocks_count": 0.005060059520819334,