{"accuracy_score": 0.8918737407656145, "precision_score": 0.2, "recall_score": 0.026845637583892617, "f1_score": 0.04733727810650888, "roc_auc_score": 0.6417584894320345, "pr_auc_score": 0.15524296948275879}