{"WMC_CK_50%": 0.0415691807191573, "WMC_CK_25%": 0.03647642912536435, "WMC_CK_count": 0.14279067989395117, "WMC_CK_75%": 0.06768311937568623, "WMC_CK_std": 0.08764861860856911, "NMIR": 0.0, "WMC_CK_mean": 0.08869063158333709, "WMC_CK_min": 0.022386410580918562, "NPM": 0.1550963283158254, "DIT": 0.02360622615964229, "WMC": 0.2148094486302049, "NORM": 0.0, "NMI": 0.0, "NOCh": 0.056379419700171046, "WMC_CK_max": 0.06286350730717266}