{"accuracy_score": 0.6551724137931034, "precision_score": 0.0125, "recall_score": 0.5, "f1_score": 0.02439024390243903, "roc_auc_score": 0.5894021739130435, "pr_auc_score": 0.009883983616716116}