{"accuracy_score": 0.9790985096328608, "precision_score": 0.0, "recall_score": 0.0, "f1_score": 0.0, "roc_auc_score": 0.5892180046972987, "pr_auc_score": 0.3647504808482533}