;WMC_CK;BuggedMethods
count;4949.0;4949
unique;;2
top;;False
freq;;4724
mean;0.6201252778339058;
std;1.0954668408949457;
min;0.0;
25%;0.0;
50%;0.0;
75%;1.0;
max;26.0;
