{"accuracy_score": 0.856996935648621, "precision_score": 0.6, "recall_score": 0.3248407643312102, "f1_score": 0.4214876033057851, "roc_auc_score": 0.7331117206750662, "pr_auc_score": 0.4850421118383883}