{"NumberOfComparisons": 0.015122392778944161, "BooleanExpressionComplexity": 0.023157980028329653, "NumberOfInnerClasses": 0.0, "NumberOfPrivateMethod": 0.014618653586917711, "NCSSForThisClass": 0.00981960803640397, "NestedIfElseDepth": 0.021547613839029, "NumberOfTryCatch": 0.0008588014592410839, "WMC_CK": 0.018700100342923194, "RFC": 0.1044795623826109, "NumberOfNumbers": 0.011172817541930176, "ClassFanOutComplexity": 0.007115669291483666, "NumberOfParameters_CK": 0.030094198551607065, "AnonymousInnerClassLength": 9.42750322318824e-05, "NumberOfModifiers": 0.042734064104179736, "Returns": 0.030413666352950924, "NumberOfParenthesizedExps": 0.004051796011939941, "MaxNumberOfNestedBlocks": 0.010178174935516933, "LOCMethod_CK": 0.04738883202039549, "NPathComplexity": 0.033508976285568454, "MethodLength": 0.056013513194734514, "NumberOfVariables": 0.021054555271514345, "NumberOfUniqueWords": 0.08098031242255245, "FileLength": 0.012226175300559012, "Maximum Depth": 0.011927053668984356, "NumberOfPackageMethod": 0.012285398086239505, "IsConstructor": 0.004191414934055451, "NumberOfLogStatements": 0.01816595147880149, "CBO": 0.07990448274748554, "NumberOfLambdas": 0.0, "NumberOfAnonymousClasses": 2.996768001502829e-05, "ClassDataAbstractionCoupling": 0.0075473844840441544, "NumberOfMethods_Checkstyle": 0.011153112108338602, "NestedTryDepth": 0.00017153921295174227, "NCSSForThisFile": 0.011557752007894571, "NCSSForThisMethod": 0.050252682479105415, "CyclomaticComplexity": 0.0223940991514274, "NumberOfPublicMethods_Checkstyle": 0.007649767052473307, "ThrowsCount": 0.01066710757204831, "NumberOfMathOperations": 0.01668922812714996, "NumberOfStringLiterals": 0.042201907689144946, "ExecutableStatementCount": 0.04977513681597531, "NumberOfProtectedMethod": 0.0037334356482467816, "NestedForDepth": 0.0011426436457391037, "NumberOfLoops": 0.007035210828532928, "NumberOfAssignments": 0.03619298580978165}