{"accuracy_score": 0.9955809054005447, "precision_score": 0.0, "recall_score": 0.0, "f1_score": 0.0, "roc_auc_score": 0.6938567824790736, "pr_auc_score": 0.010065385813024227}