{"ClassDataAbstractionCoupling": 0.015024336105321707, "NPathComplexity": 0.08708220464272678, "NumberOfPublicMethods_Checkstyle": 0.015568322458227079, "NCSSForThisMethod": 0.16093905470809583, "BooleanExpressionComplexity": 0.016384537226704386, "NestedIfElseDepth": 0.004368324151323688, "NumberOfPrivateMethod": 0.005804849191761786, "NestedForDepth": 0.005073873637846852, "NumberOfMethods_Checkstyle": 0.016232762942309704, "NestedTryDepth": 1.3385538989774595e-05, "CyclomaticComplexity": 0.07773888005905533, "FileLength": 0.026236263276614696, "ClassFanOutComplexity": 0.0293858118147706, "MethodLength": 0.265641806236926, "NCSSForThisClass": 0.03211105370656507, "NumberOfPackageMethod": 0.006181242145493552, "AnonymousInnerClassLength": 0.03468345698380018, "ThrowsCount": 0.036236115509201444, "NCSSForThisFile": 0.023901783534650712, "ExecutableStatementCount": 0.14049759047444937, "NumberOfProtectedMethod": 0.0008943456551655887}