{"accuracy_score": 0.9699437880004589, "precision_score": 0.03571428571428571, "recall_score": 0.00423728813559322, "f1_score": 0.007575757575757574, "roc_auc_score": 0.6670791040391383, "pr_auc_score": 0.04739826563314565}