{"accuracy_score": 0.6810344827586207, "precision_score": 0.013513513513513514, "recall_score": 0.5, "f1_score": 0.026315789473684213, "roc_auc_score": 0.5125000000000001, "pr_auc_score": 0.010256932694472391}