{"VG": 0.018546423736874637, "NumberOfComparisons": 0.011693817638621503, "NPathComplexity": 0.026521134094567984, "NumberOfAnonymousClasses": 0.0115682354294554, "BooleanExpressionComplexity": 0.04052714918037805, "NumberOfNumbers": 0.018780507223513137, "NumberOfUniqueWords": 0.16579944262584514, "NestedIfElseDepth": 0.006970717046521116, "IOVars": 0.009994646673903011, "NumberOfProtectedMethod": 0.00038895032939172065, "ExecutableStatementCount": 0.039565734364472825, "ThrowsCount": 0.0010209104168082078, "NCSSForThisFile": 0.006229779736759541, "NumberOfParameters_CK": 0.01474077895831321, "NCSSForThisMethod": 0.038582500185147514, "NumberOfLogStatements": 0.007931357921351804, "IsConstructor": 0.002584398117025429, "AnonymousInnerClassLength": 0.011343719125059373, "CyclomaticComplexity": 0.01541929645830594, "NCOMP": 0.01691428184328778, "NumberOfAssignments": 0.023682388344585886, "NumberOfModifiers": 0.02941407872615169, "Fout": 0.004438600906404142, "NCSSForThisClass": 0.00758939436791621, "Returns": 0.028747848913214774, "NumberOfLoops": 0.0018268000897126338, "ClassDataAbstractionCoupling": 0.006095796620038852, "NumberOfTryCatch": 0.00011521758100065819, "NestedForDepth": 0.0003946882341333871, "WMC_CK": 0.014234407498036965, "Si": 0.004908735122695795, "RFC": 0.06721372802101347, "Ci": 0.01516331197754247, "NVAR": 0.009518634346384367, "FileLength": 0.011483790926361023, "Di": 0.01275350098495327, "NBD": 0.01763525166823847, "ClassFanOutComplexity": 0.005742095917361426, "LOCMethod_CK": 0.04009134469293527, "NumberOfMathOperations": 0.01482743935821881, "NOP": 0.006676288012599197, "MCLC": 0.01627239416800444, "NumberOfVariables": 0.023813959463310358, "NestedTryDepth": 2.874553672718988e-07, "NumberOfParenthesizedExps": 0.002739312100006716, "NumberOfStringLiterals": 0.03189514236067091, "NumberOfMethods_Checkstyle": 0.008720217619978904, "NumberOfPrivateMethod": 0.005291575075887852, "MaxNumberOfNestedBlocks": 0.008106354600844716, "NumberOfInnerClasses": 0.0, "NumberOfLambdas": 0.0, "CBO": 0.05269313282455956, "NumberOfPackageMethod": 3.2472815123796675e-07, "NumberOfPublicMethods_Checkstyle": 0.007295205392673491, "Fin": 0.006098037613968633, "MethodLength": 0.04939693318147373}