{"accuracy_score": 0.9962723468999619, "precision_score": 0.0, "recall_score": 0.0, "f1_score": 0.0, "roc_auc_score": 0.5657106327761241, "pr_auc_score": 0.0037889760945720623}