{"issues_priority_Minor_mean": 0.025685371788897654, "NumberOfModifiers_75%": 0.011765957084229346, "NumberOfModifiers_count": 0.026078242883265258, "WMC_CK_25%": 0.0051094442398716515, "WMC_CK_min": 0.0031172131086731002, "MaxNumberOfNestedBlocks_25%": 0.004953788729412468, "WMC_CK_mean": 0.016215647992626137, "MissingDefault_freq": 0.015399441150813356, "NumberOfModifiers_min": 0.004415749423500682, "MissingDefault_unique": 0.005215386933386461, "NumberOfMathOperations_25%": 0.0019765030725020284, "NumberOfMathOperations_max": 0.012970508110594317, "Maximum Depth_mean": 0.01045351416172848, "NumberOfModifiers_50%": 0.007630333839003171, "WMC_CK_50%": 0.005593708226509, "MissingDefault_top": 0.00018246739639093178, "NumberOfMathOperations_min": 0.0008396599931655013, "MaxNumberOfNestedBlocks_count": 0.02869017429612887, "Maximum Depth_max": 0.007212251634262213, "issues_priority_Minor_count": 0.062412610035562054, "Average Block Depth": 0.03741831443273333, "WMC_CK_std": 0.017218759421001276, "Maximum Complexity*": 0.016220188530970514, "NumberOfModifiers_mean": 0.022131669504411484, "MagicNumber_count": 0.015262803538415899, "InsufficientModularization": 0.0036050133338821557, "issues_priority_Minor_std": 0.025460047840608194, "NumberOfMathOperations_75%": 0.009245615239972277, "issues_priority_Minor_min": 0.002309715811732657, "NumberOfMathOperations_mean": 0.016410239682417633, "NumberOfMathOperations_std": 0.015786138324537267, "Maximum Depth_min": 0.005864050743160155, "MaxNumberOfNestedBlocks_mean": 0.012813688573099866, "NumberOfModifiers_25%": 0.007320491462843489, "WMC_CK_75%": 0.011800814836367156, "Cyclic_DependentModularization": 0.0, "Maximum Depth_std": 0.005151632523724046, "issues_priority_Minor_max": 0.01318737276870924, "WMC_Designite": 0.050693995165376496, "MaxNumberOfNestedBlocks_75%": 0.009352286226097824, "Maximum Depth_75%": 0.00697738038693192, "NumberOfMethods_Mood": 0.03077717782833747, "MissingHierarchy": 0.0, "MaxNumberOfNestedBlocks_50%": 0.004482243914531627, "MagicNumber_top": 0.0024419960821555923, "Average Complexity*": 0.018582290944312907, "Maximum Depth_50%": 0.005445625373576542, "Maximum Depth_count": 0.017471484866344637, "MagicNumber_freq": 0.014151235614664148, "NumberOfModifiers_std": 0.023290425414735937, "Maximum Depth_25%": 0.006709507738529931, "BrokenModularization": 0.0, "issues_priority_Major_min": 0.005011020264652504, "MaxNumberOfNestedBlocks_std": 0.02025178773787849, "MissingDefault_count": 0.01592286481881644, "NumberOfMathOperations_count": 0.025905802351616592, "WMC_CK_max": 0.013085070936891369, "Hub_likeModularization": 0.0, "MaxNumberOfNestedBlocks_min": 0.0033192841403555146, "MaxNumberOfNestedBlocks_max": 0.012287852206814973, "issues_priority_Major_mean": 0.020127994627568455, "issues_priority_Major_max": 0.0026448628937459696, "issues_priority_Major_count": 0.061664823451945926, "NumberOfModifiers_max": 0.012385438237673825, "Maximum Block Depth": 0.013243560015146478, "WMC_CK_count": 0.02939220883382562, "MagicNumber_unique": 0.007693482412118984, "Average Statements per Method": 0.03384792562636194, "issues_priority_Major_std": 0.03512042974040085, "NumberOfMathOperations_50%": 0.00459541147948169}