{"accuracy_score": 0.8562091503267973, "precision_score": 0.2564102564102564, "recall_score": 0.4, "f1_score": 0.3125, "roc_auc_score": 0.7995195729537367, "pr_auc_score": 0.2927116456410757}