{"NCSSForThisClass": 0.012848616876732607, "BooleanExpressionComplexity": 0.028715095329590132, "NumberOfPrivateMethod": 0.018841286484033864, "Si": 0.007877731054966006, "NestedIfElseDepth": 0.023930142954971756, "Fin": 0.02834893248037185, "WMC_CK": 0.02672591256314831, "Ci": 0.025493562338667904, "ClassFanOutComplexity": 0.009589373177617107, "AnonymousInnerClassLength": 0.0001864825915973381, "NumberOfModifiers": 0.06177260089558092, "MaxNumberOfNestedBlocks": 0.01794296499840789, "NCOMP": 0.03173466549114959, "NPathComplexity": 0.04393713586483139, "MethodLength": 0.11561566352589984, "FileLength": 0.014947965589196054, "Maximum Depth": 0.008739634739088543, "NumberOfPackageMethod": 0.018786313221480555, "Di": 0.0202594344433014, "ClassDataAbstractionCoupling": 0.008973059718077155, "Fout": 0.008533152313195862, "IOVars": 0.015834304053186442, "NumberOfMethods_Checkstyle": 0.012015710331334091, "NestedTryDepth": 0.000171677594386666, "NCSSForThisFile": 0.01218807099776191, "NCSSForThisMethod": 0.08279322312353497, "CyclomaticComplexity": 0.03343794742531076, "NumberOfPublicMethods_Checkstyle": 0.006951201912824089, "VG": 0.03449591661795076, "NVAR": 0.06415377359958101, "NOP": 0.00887138586191236, "ThrowsCount": 0.015669187287122868, "MCLC": 0.03765868963447371, "NumberOfMathOperations": 0.01838203774937798, "ExecutableStatementCount": 0.08193032447866898, "NumberOfProtectedMethod": 0.005386300067588903, "NBD": 0.034361362103954844, "NestedForDepth": 0.0018991605091236805}