{"accuracy_score": 0.9956836750423925, "precision_score": 0.2, "recall_score": 0.012345679012345678, "f1_score": 0.023255813953488372, "roc_auc_score": 0.7073803335499242, "pr_auc_score": 0.012170212922893692}