{"TLOC": 0.16718608105493676, "PMd": 0.13359140453427695, "NPF": 0.029037109505551596, "ClRCi": 0.16002916011204826, "ClTCi": 0.21283473412938353, "NSF": 0.05706739379863699, "NSM": 0.035714088793869184, "NOL": 0.00012638820855831288, "NOD": 0.0, "NOA": 0.0, "RTLOC": 0.20441363986273833}