{"accuracy_score": 0.917351598173516, "precision_score": 0.48, "recall_score": 0.06666666666666667, "f1_score": 0.11707317073170732, "roc_auc_score": 0.5090574903261471, "pr_auc_score": 0.1859356104910413}