{"WMC_CK_max": 0.004937789358291332, "NumberOfParameters_CK_25%": 0.01275033440734199, "MaxNumberOfNestedBlocks_max": 0.00330454922655836, "IsConstructor_freq": 0.006856838281160111, "NumberOfModifiers_max": 0.006409452468928163, "NumberOfParenthesizedExps_count": 0.005300496718619048, "NumberOfParenthesizedExps_25%": 0.0002038102226970024, "WMC_CK_std": 0.005994313379859675, "NumberOfParameters_CK_std": 0.011487478737994286, "NumberOfAnonymousClasses_min": 1.9974205031950597e-05, "NumberOfParameters_CK_min": 0.00987174568859644, "CBO_50%": 0.01057354890670458, "NumberOfAnonymousClasses_max": 0.0037416018372773657, "NumberOfLogStatements_max": 0.0016915358457445732, "Returns_std": 0.0072217712767165335, "NumberOfInnerClasses_max": 0.0, "CBO_min": 0.006097031260911028, "NumberOfNumbers_count": 0.0058708995894115965, "NumberOfLogStatements_count": 0.005786016174939936, "NumberOfTryCatch_std": 0.00491453517268806, "MaxNumberOfNestedBlocks_min": 0.0005182302505674866, "LOCMethod_CK_50%": 0.008835526514032126, "NumberOfMathOperations_max": 0.008704290893264766, "NumberOfParenthesizedExps_std": 0.0027317345125277576, "NumberOfNumbers_max": 0.005770664319848392, "NumberOfTryCatch_25%": 0.000750768298645839, "CBO_count": 0.005690994121034936, "NumberOfParenthesizedExps_min": 0.00013194421287521222, "NumberOfLoops_mean": 0.0038991154672167474, "NumberOfAssignments_std": 0.008604934995227801, "NumberOfAssignments_25%": 0.004843716056504159, "NumberOfStringLiterals_max": 0.008488361955760082, "MaxNumberOfNestedBlocks_count": 0.00601674361615525, "NumberOfAnonymousClasses_50%": 1.3656853174095089e-05, "NumberOfTryCatch_min": 0.0005486651818179097, "WMC_CK_count": 0.005728421392888229, "NumberOfLoops_50%": 0.0005082339133588467, "NumberOfAnonymousClasses_75%": 0.000750658412723033, "NumberOfStringLiterals_50%": 0.0034095270357096755, "WMC_CK_75%": 0.00472134764939438, "NumberOfAnonymousClasses_mean": 0.004462834213321922, "NumberOfAssignments_50%": 0.004664897335190121, "NumberOfVariables_mean": 0.006276697568002934, "NumberOfStringLiterals_mean": 0.00926421887910687, "NumberOfVariables_max": 0.005321218091738774, "NumberOfMathOperations_50%": 0.001657107158075554, "NumberOfUniqueWords_mean": 0.01803604089426853, "NumberOfTryCatch_75%": 0.0024118149433956845, "NumberOfLambdas_75%": 0.0015043923159480264, "NumberOfMathOperations_count": 0.005595769044572951, "NumberOfParameters_CK_75%": 0.01125149900752044, "NumberOfParenthesizedExps_50%": 0.0007586341254861424, "LOCMethod_CK_mean": 0.012778181304769218, "RFC_50%": 0.009806141292657498, "NumberOfAssignments_75%": 0.007647109122895815, "NumberOfLogStatements_75%": 0.0010854923515912797, "NumberOfLoops_75%": 0.0014132055687042754, "NumberOfAssignments_min": 0.0023256262167257627, "NumberOfMathOperations_min": 0.0005684623582071688, "NumberOfMathOperations_std": 0.010001475353644224, "NumberOfModifiers_25%": 0.0036937613868004257, "NumberOfModifiers_75%": 0.005864439760293553, "NumberOfLogStatements_mean": 0.0020999218307151384, "NumberOfVariables_50%": 0.003135982718460853, "LOCMethod_CK_25%": 0.008243895203583604, "IsConstructor_unique": 0.0016613290190873006, "NumberOfStringLiterals_std": 0.010438086400164784, "NumberOfParameters_CK_50%": 0.011121785385767888, "RFC_25%": 0.007548959402956312, "NumberOfVariables_75%": 0.004503224838861797, "NumberOfUniqueWords_min": 0.014141077626869112, "Returns_max": 0.004446257560141037, "NumberOfUniqueWords_75%": 0.019496853432976153, "NumberOfParenthesizedExps_75%": 0.0007819790822783428, "NumberOfVariables_count": 0.006452792984216143, "RFC_count": 0.00593487808434273, "NumberOfStringLiterals_count": 0.00619322659072695, "NumberOfParameters_CK_max": 0.013118355316115228, "NumberOfComparisons_max": 0.004146006054932024, "NumberOfLogStatements_25%": 8.618632297515127e-05, "NumberOfModifiers_std": 0.005400810703652059, "NumberOfVariables_25%": 0.002636472348072895, "NumberOfComparisons_mean": 0.005129393353191502, "MaxNumberOfNestedBlocks_50%": 0.001736752967422197, "NumberOfNumbers_75%": 0.0035645161331416607, "NumberOfModifiers_min": 0.0037475591374748368, "CBO_75%": 0.015942708116937147, "NumberOfComparisons_75%": 0.0026793660510502004, "CBO_std": 0.012727295368341359, "RFC_mean": 0.016825182527488453, "NumberOfParameters_CK_mean": 0.017840992187898762, "NumberOfInnerClasses_75%": 0.0, "NumberOfLambdas_50%": 0.000630967370785631, "Returns_mean": 0.007069826445394428, "IsConstructor_top": 0.001573146375906984, "WMC_CK_50%": 0.0030297664967664038, "LOCMethod_CK_max": 0.011291093867121385, "NumberOfInnerClasses_min": 0.0, "NumberOfLambdas_min": 9.675470385357237e-05, "NumberOfStringLiterals_75%": 0.0058987545039220525, "NumberOfParameters_CK_count": 0.006258445494349941, "NumberOfLoops_max": 0.002669025380417953, "NumberOfNumbers_25%": 0.0015893766030709616, "NumberOfStringLiterals_min": 0.0023016889259320885, "MaxNumberOfNestedBlocks_mean": 0.005242313983541029, "CBO_25%": 0.009661198992204698, "NumberOfLambdas_count": 0.00548433132710157, "NumberOfAssignments_mean": 0.00907177214346264, "NumberOfMathOperations_mean": 0.00743866177094785, "NumberOfParenthesizedExps_mean": 0.0034420972939531945, "RFC_75%": 0.0156369139413454, "CBO_max": 0.013205407825345185, "NumberOfInnerClasses_std": 0.0, "Returns_75%": 0.002887608886129895, "NumberOfNumbers_50%": 0.0019680833924192384, "RFC_std": 0.017629558978228693, "NumberOfUniqueWords_50%": 0.014152751661320705, "NumberOfAnonymousClasses_std": 0.0053540497131748434, "NumberOfLogStatements_50%": 0.00012752298308889052, "NumberOfUniqueWords_count": 0.005271955162273767, "NumberOfTryCatch_50%": 0.001345829328687175, "NumberOfLoops_min": 0.00019604274975795828, "WMC_CK_25%": 0.00225903108165088, "RFC_min": 0.004502696595944568, "NumberOfStringLiterals_25%": 0.003535243486001553, "WMC_CK_min": 0.0015222426419966922, "NumberOfUniqueWords_25%": 0.016268322369133045, "IsConstructor_count": 0.0058841993686191306, "NumberOfNumbers_min": 0.0010009092173961433, "NumberOfInnerClasses_25%": 0.0, "NumberOfMathOperations_25%": 0.0009086214977670955, "Returns_25%": 0.0038617237135004697, "LOCMethod_CK_75%": 0.011213641518919288, "NumberOfModifiers_50%": 0.0043425466185906415, "LOCMethod_CK_std": 0.012926235600654657, "NumberOfLoops_std": 0.004865308480467847, "NumberOfInnerClasses_mean": 0.0, "NumberOfParenthesizedExps_max": 0.0020940392369306693, "NumberOfLambdas_25%": 0.00024592478201250836, "NumberOfUniqueWords_max": 0.018396193710820817, "RFC_max": 0.017930601613825266, "NumberOfComparisons_count": 0.005539387094323912, "NumberOfModifiers_mean": 0.009338094236394263, "NumberOfVariables_std": 0.007178483130530523, "NumberOfModifiers_count": 0.005944590321642513, "Returns_min": 0.0022834881183147948, "NumberOfComparisons_min": 0.0005989122951453078, "NumberOfLogStatements_min": 3.2040270112008456e-05, "NumberOfMathOperations_75%": 0.00489367297699928, "MaxNumberOfNestedBlocks_75%": 0.0034117221047645615, "MaxNumberOfNestedBlocks_std": 0.007676170051058622, "Returns_count": 0.0054116670743849776, "NumberOfTryCatch_max": 0.002438634146577425, "NumberOfAnonymousClasses_25%": 1.3158264426641499e-05, "NumberOfUniqueWords_std": 0.014490689712756119, "WMC_CK_mean": 0.0071075588345640905, "CBO_mean": 0.01639785499681824, "NumberOfLambdas_std": 0.008005584482196777, "NumberOfVariables_min": 0.0014894556482192875, "MaxNumberOfNestedBlocks_25%": 0.0014470957372659623, "NumberOfNumbers_std": 0.007748860663393181, "LOCMethod_CK_min": 0.006092043577716112, "NumberOfAssignments_count": 0.005757510561600885, "NumberOfInnerClasses_50%": 0.0, "NumberOfInnerClasses_count": 0.005283927142731985, "NumberOfNumbers_mean": 0.007452644528766545, "NumberOfLoops_count": 0.005104419614532134, "NumberOfLambdas_mean": 0.006307681615037007, "NumberOfTryCatch_mean": 0.005355805357616745, "NumberOfAssignments_max": 0.0063998887651219765, "NumberOfAnonymousClasses_count": 0.005536463220615224, "Returns_50%": 0.003138219713582278, "NumberOfComparisons_50%": 0.0010311282101621057,