{"accuracy_score": 0.935077519379845, "precision_score": 0.3561643835616438, "recall_score": 0.23008849557522124, "f1_score": 0.27956989247311825, "roc_auc_score": 0.7592022244095382, "pr_auc_score": 0.18383660115346676}