{"accuracy_score": 0.9714933592484613, "precision_score": 0.0, "recall_score": 0.0, "f1_score": 0.0, "roc_auc_score": 0.6107679832671497, "pr_auc_score": 0.034855328377095096}