;BuggedMethods;WMC_CK
count;5463;5463.0
unique;2;
top;False;
freq;5391;
mean;;0.7753981328940143
std;;1.1955775266835205
min;;0.0
25%;;0.0
50%;;1.0
75%;;1.0
max;;20.0
