{"Si_mean": 0.0002868575233899775, "IOVars_std": 0.006023189545053629, "NVAR_mean": 0.0050355644625245085, "MCLC_75%": 0.0061030768132443085, "blame_merge_blame_getDifficulty_mean": 0.0, "blame_merge_blame_getDistinctOperandsCnt_max": 0.0, "Fout_25%": 0.0, "Di_max": 0.0032335129311776853, "Fout_50%": 0.0, "NVAR_25%": 0.0014986586786315747, "NCOMP_std": 0.009575293851603352, "Di_75%": 0.0023012217343799145, "blame_merge_blame_getDistinctOperandsCnt_mean": 0.0, "VG_mean": 0.0058066939241638305, "Fin_75%": 0.00016648848326814434, "IOVars_count": 0.0026739422052512647, "Fin_std": 0.0007969211732220076, "ClRCi": 0.016300618333977532, "blame_merge_blame_getDifficulty_std": 0.0, "NOP_count": 0.0035919649559776135, "blamemerge_blamegetDistinctOperatorsCnt_std": 0.03378942727350971, "Fin_25%": 0.0, "NVAR_50%": 0.002659679294028311, "blamemerge_blamegetDistinctOperatorsCnt_max": 0.04889258778346887, "blame_merge_blame_getDifficulty_count": 0.0, "Si_min": 0.0, "VG_min": 0.0011840264279956833, "Si_25%": 0.0, "NCOMP_mean": 0.009276723952900608, "Ci_mean": 0.004929423907235201, "MCLC_mean": 0.00740271889729403, "Di_25%": 0.0019086295150530484, "blamemerge_blamegetDistinctOperandsCnt_count": 0.0454140177694459, "NOP_75%": 0.0024031153319686352, "NBD_75%": 0.004383586473433091, "Fin_max": 0.00027256275479231015, "Ci_max": 0.002865018516363209, "NumberOfDistinctOperands": 0.059436828404461114, "IOVars_mean": 0.0040620971433093156, "NCOMP_25%": 0.0027421496504361396, "Ci_count": 0.003571684902873968, "NBD_50%": 0.0016199685050339555, "blame_merge_blame_getDistinctOperandsCnt_min": 0.0, "blamemerge_blamegetDistinctOperandsCnt_max": 0.021573230272726174, "blamemerge_blamegetDistinctOperandsCnt_mean": 0.04623339392256662, "MCLC_min": 0.002351982853341334, "Ci_min": 0.0008985664172608057, "NumberOfDistinctOperators": 0.0954445428040739, "NCOMP_count": 0.002910839469233163, "blamemerge_blamegetDifficulty_std": 0.03480443426623838, "IOVars_75%": 0.0024094950736078887, "ClTCi": 0.014600757440389337, "Si_count": 0.003048098365151377, "VG_count": 0.0030007494405343373, "Di_count": 0.0031982781491150148, "Ci_std": 0.005028811941632362, "blame_merge_blame_getDistinctOperandsCnt_std": 0.0, "blame_merge_blame_getDistinctOperatorsCnt_max": 0.0, "Si_max": 0.000775438059517886, "blame_merge_blame_getDistinctOperatorsCnt_mean": 0.0, "MCLC_std": 0.008713881397792625, "NCOMP_max": 0.00545513256399721, "VG_std": 0.007399760944645462, "Fout_std": 0.00043944752343436577, "NOP_min": 0.000541220678829723, "blamemerge_blamegetDistinctOperatorsCnt_count": 0.04569796473200005, "Fin_50%": 0.0, "blame_merge_blame_getDifficulty_min": 0.0, "Si_50%": 0.0, "Di_min": 0.0014591368947990213, "NOPa": 0.0, "Fin_count": 0.003974270258653925, "VG_25%": 0.0021014828187881232, "Fout_75%": 0.0015577114595550874, "Di_50%": 0.001026537793450695, "blame_merge_blame_getDistinctOperatorsCnt_std": 0.0, "Fout_mean": 0.0002926038634107898, "NBD_max": 0.0017443817568480434, "Difficulty": 0.036394182348561975, "NVAR_count": 0.003216810967204293, "Si_75%": 0.0008254328699207605, "blamemerge_blamegetDifficulty_max": 0.07040307153752318, "NVAR_min": 0.000373204126928426, "blame_merge_blame_getDistinctOperandsCnt_count": 0.0, "MCLC_max": 0.006446875266991937, "Si_std": 0.0006708838660676, "blame_merge_blame_getDifficulty_max": 0.0, "MCLC_50%": 0.0038548672396815386, "IOVars_50%": 0.0009143942695616854, "NBD_mean": 0.003053426422998284, "NOP_std": 0.006841583405677941, "blamemerge_blamegetDistinctOperandsCnt_std": 0.03954651137648827, "VG_50%": 0.0032369712113761336, "blamemerge_blamegetDifficulty_count": 0.043019599514797884, "NOP_max": 0.003213536203919137, "Fout_count": 0.0034626003319395623, "VG_max": 0.005251019983460919, "Fout_max": 0.0007594299630198546, "blame_merge_blame_getDistinctOperatorsCnt_count": 0.0, "NBD_count": 0.003403114448303111, "IOVars_25%": 0.001342840959870156, "NBD_25%": 0.002405758834395467, "VG_75%": 0.0051374027967666476, "Di_mean": 0.004569253018701746, "IOVars_min": 0.0006010284883987446, "Fin_mean": 0.00024949664912679153, "Ci_25%": 0.0018409377329787324, "NCOMP_75%": 0.006052117234961095, "blamemerge_blamegetDistinctOperatorsCnt_mean": 0.03766850359409784, "Fout_min": 0.0, "NBD_std": 0.005090988858064719, "Di_std": 0.004458680244589264, "NVAR_75%": 0.0031637608287414807, "Ci_75%": 0.0031507243579089795, "Ci_50%": 0.0009354989550929796, "NCOMP_min": 0.001535232776568973, "NVAR_max": 0.004143667520198798, "NOP_25%": 0.0010975938254902744, "NBD_min": 0.0015609359034417798, "blamemerge_blamegetDifficulty_mean": 0.033438770019005665, "Fin_min": 0.0, "NOP_mean": 0.0033600533484727775, "NOP_50%": 0.0016359159955063904, "IOVars_max": 0.0028419056714111194, "MCLC_count": 0.0033695812696210342, "MCLC_25%": 0.0024191866966713515, "NVAR_std": 0.01036446606659442, "NCOMP_50%": 0.005787780717838206, "blame_merge_blame_getDistinctOperatorsCnt_min": 0.0}