{"accuracy_score": 0.9403973509933775, "precision_score": 0.3333333333333333, "recall_score": 0.8, "f1_score": 0.47058823529411764, "roc_auc_score": 0.9780821917808219, "pr_auc_score": 0.7032212885154061}