{"issues_priorityMinor_min": 0.0, "NumberOfMathOperations_25%": 0.0003204704186320021, "NumberOfModifiers_75%": 0.00581055256896071, "blamemerge_priorityMajor_min": 0.003595970724364162, "PMd": 0.01647600969127763, "NumberOfModifiers_mean": 0.005528799419629225, "Maximum Depth_count": 0.010932966993936158, "NumberOfModifiers_max": 0.004943861232252075, "blamemerge_priorityMinor_count": 0.06879215638756588, "blame_merge_priorityMajor_max": 0.0, "Maximum Depth_50%": 0.004284964456889993, "NumberOfMathOperations_mean": 0.005383973560740523, "blame_merge_priorityMinor_count": 0.0, "issues_priorityMajor_count": 0.02913090730651541, "issues_priorityMajor_mean": 0.02666345614724026, "blamemerge_priorityMajor_std": 0.025401498367980054, "blamemerge_priorityMajor_max": 0.0, "NumberOfMethods_Mood": 0.04948728935740053, "MaxNumberOfNestedBlocks_50%": 0.0031027529245075073, "NumberOfModifiers_min": 0.0031498411219988242, "PMi": 0.0, "Ait": 0.0, "Av": 0.008460023529757615, "issues_priorityMinor_std": 0.023611426207148817, "issues_priorityMajor_std": 0.03030345413527815, "MaxNumberOfNestedBlocks_mean": 0.006589667285053325, "NumberOfMathOperations_count": 0.014675628838348559, "MaxNumberOfNestedBlocks_25%": 0.0019418276013798278, "issues_priorityMinor_max": 0.002419597341645442, "NumberOfMathOperations_max": 0.008785078631062962, "Maximum Block Depth": 0.01895833554934913, "NumberOfMathOperations_50%": 0.0018079284131584578, "NOPa": 0.0, "NMIR": 0.0, "blamemerge_priorityMinor_max": 0.002192406041348397, "MaxNumberOfNestedBlocks_max": 0.003866251496654687, "blamemerge_priorityMajor_mean": 0.03610758737032415, "NumberOfMathOperations_75%": 0.002801709529178105, "Average Complexity*": 0.025071156077635784, "Ao": 0.0, "HMi": 0.0, "Ad": 0.017850092786554694, "NumberOfModifiers_std": 0.005089485283390555, "Maximum Complexity*": 0.016151590722270178, "blamemerge_priorityMinor_std": 0.013880848509077911, "Maximum Depth_min": 0.0038309845814747585, "Maximum Depth_max": 0.004177131127473751, "Mo": 0.0, "issues_priorityMinor_mean": 0.021595704724844227, "Average Block Depth": 0.04156011031763108, "blamemerge_priorityMinor_mean": 0.011341888829781602, "NMI": 0.0, "Maximum Depth_std": 0.007307047892632515, "NF": 0.020224947853304278, "issues_priorityMajor_min": 0.003065956797294613, "Ai": 0.0, "MaxNumberOfNestedBlocks_75%": 0.004828668638118325, "blame_merge_priorityMinor_std": 0.0, "Mi": 0.0, "blame_merge_priorityMajor_std": 0.0, "Average Statements per Method": 0.02236797532474534, "NumberOfModifiers_50%": 0.004936809673375549, "blame_merge_priorityMajor_count": 0.0, "NM": 0.049861777237817255, "Md": 0.030459216242217906, "Maximum Depth_25%": 0.004819252238779692, "blame_merge_priorityMinor_max": 0.0, "SIX": 0.0, "Maximum Depth_75%": 0.0039016782497025984, "PMR": 0.011018569138163108, "Maximum Depth_mean": 0.005533957369135376, "blame_merge_priorityMinor_mean": 0.0, "issues_priorityMinor_count": 0.030573215496574293, "blamemerge_priorityMajor_count": 0.06638512815466886, "NumberOfMathOperations_std": 0.009059009138278465, "blame_merge_priorityMajor_mean": 0.0, "NumberOfMathOperations_min": 0.00016852469589816996, "Ma": 0.03013278060606757, "MaxNumberOfNestedBlocks_min": 0.001633201270010403, "Mit": 0.0, "NumberOfModifiers_count": 0.01575436782217099, "MaxNumberOfNestedBlocks_std": 0.005834995339669618, "NumberOfModifiers_25%": 0.004414699549865495, "MaxNumberOfNestedBlocks_count": 0.015606747746569744, "HMd": 0.03436407279521387, "blame_merge_priorityMajor_min": 0.0, "NMA": 0.03167201512001284, "issues_priorityMajor_max": 0.0, "blame_merge_priorityMinor_min": 0.0}