{"Maximum Depth": 0.2378544541770578, "NumberOfMathOperations": 0.285737607547509, "NumberOfModifiers": 0.3974014364155904, "MaxNumberOfNestedBlocks": 0.07900650185984286}