{"accuracy_score": 0.9720087185958471, "precision_score": 0.1, "recall_score": 0.00423728813559322, "f1_score": 0.008130081300813009, "roc_auc_score": 0.6655747443437875, "pr_auc_score": 0.03372977622053627}