;Maximum Depth;BuggedMethods;NumberOfMathOperations;NumberOfModifiers;MaxNumberOfNestedBlocks
count;8138.0;8138;8138.0;8138.0;8138.0
unique;;2;;;
top;;False;;;
freq;;7671;;;
mean;0.8379208650774146;;0.1458589333988695;0.8914966822315065;0.12644384369623987
std;1.2026565991767797;;1.1813483009020609;2.3159866093067536;0.4289065531877595
min;0.0;;0.0;0.0;0.0
25%;0.0;;0.0;0.0;0.0
50%;0.0;;0.0;1.0;0.0
75%;2.0;;0.0;1.0;0.0
max;8.0;;46.0;41.0;7.0
