{"NumberOfMethods_Checkstyle_std": 0.0105570551851398, "CyclomaticComplexity_count": 0.006740534097136103, "NCSSForThisMethod_50%": 0.008766099187896175, "NestedIfElseDepth_25%": 0.00017910325482415655, "FileLength_75%": 0.004247609499963605, "NumberOfPublicMethods_Checkstyle_75%": 0.004370752599298096, "NestedTryDepth_mean": 0.0007784568536077926, "AnonymousInnerClassLength_min": 1.3121515031105571e-05, "NCSSForThisClass_std": 0.012664073086977909, "NumberOfProtectedMethod_count": 0.006534682402275784, "NumberOfPackageMethod_count": 0.005855615026028372, "NestedIfElseDepth_75%": 0.004937884970107541, "NCSSForThisFile_min": 2.9174346151428876e-05, "NCSSForThisFile_50%": 0.0009919264954145206, "ThrowsCount_25%": 0.0022659501907859782, "BooleanExpressionComplexity_std": 0.009599451289921394, "ClassDataAbstractionCoupling_std": 0.018824257045956975, "NumberOfPublicMethods_Checkstyle_count": 0.006053443774076002, "ClassDataAbstractionCoupling_min": 7.260079581484678e-05, "AnonymousInnerClassLength_25%": 5.002882917950861e-05, "ClassFanOutComplexity_mean": 0.013813834253686437, "NumberOfProtectedMethod_25%": 0.0013527886336692255, "CyclomaticComplexity_max": 0.010589672148001099, "ThrowsCount_std": 0.007452930164662304, "NumberOfProtectedMethod_75%": 0.0014917107407247962, "NCSSForThisMethod_25%": 0.0069300300932260955, "NumberOfPackageMethod_min": 0.0, "MethodLength_max": 0.015115978458042335, "ThrowsCount_mean": 0.007022834208728724, "MethodLength_min": 0.006522014386363113, "NumberOfPrivateMethod_mean": 0.00832263701670631, "MethodLength_75%": 0.01236115039691326, "NumberOfPrivateMethod_min": 0.0, "NCSSForThisClass_min": 0.0002470803435094348, "ThrowsCount_50%": 0.0015437179928847024, "NumberOfPrivateMethod_std": 0.008879847507534039, "ExecutableStatementCount_count": 0.005813891858903018, "ClassDataAbstractionCoupling_mean": 0.017150066184648264, "NCSSForThisFile_std": 0.015077309542272025, "NumberOfProtectedMethod_50%": 0.001183155536979095, "BooleanExpressionComplexity_75%": 0.002416767303004393, "BooleanExpressionComplexity_min": 0.0014109520525498792, "ClassFanOutComplexity_25%": 0.00042855372967818845, "NCSSForThisClass_75%": 0.00466241400730997, "NestedTryDepth_75%": 0.0, "NumberOfProtectedMethod_mean": 0.002516504777676098, "NCSSForThisMethod_count": 0.0069445617661243976, "FileLength_count": 0.0059873997610054115, "NestedForDepth_min": 0.0, "NestedTryDepth_min": 0.0, "ClassDataAbstractionCoupling_max": 0.014269266160016243, "NumberOfPackageMethod_mean": 0.006580612874157157, "NestedIfElseDepth_count": 0.005682509037417042, "NumberOfPublicMethods_Checkstyle_25%": 0.0004938520168594841, "BooleanExpressionComplexity_50%": 0.0006026539935923085, "MethodLength_std": 0.016418897974908652, "NumberOfMethods_Checkstyle_mean": 0.011027388724476844, "NCSSForThisFile_25%": 0.00120890093666648, "NPathComplexity_50%": 0.005470296412171051, "ThrowsCount_max": 0.004681815430828274, "MethodLength_25%": 0.008948773282158842, "ExecutableStatementCount_25%": 0.006228969947766342, "FileLength_min": 6.506514674551244e-05, "NCSSForThisFile_max": 0.014917796476125705, "NestedForDepth_mean": 0.001160907462778342, "ClassFanOutComplexity_max": 0.011733301748497687, "CyclomaticComplexity_std": 0.012307738884293727, "ThrowsCount_min": 0.0018020167766389559, "ClassFanOutComplexity_min": 7.014936340857992e-05, "MethodLength_mean": 0.015838273697599246, "FileLength_50%": 0.0005985883308709674, "NumberOfPackageMethod_25%": 4.796625799863904e-05, "NestedIfElseDepth_max": 0.004514134645539001, "NCSSForThisFile_count": 0.006190904613879204, "NumberOfProtectedMethod_std": 0.0032213974277565, "NPathComplexity_max": 0.009197977326368928, "NestedTryDepth_count": 0.005494498247137513, "NumberOfPackageMethod_std": 0.010533619402682581, "NPathComplexity_count": 0.005586095279048446, "AnonymousInnerClassLength_count": 0.006609659112812883, "NestedForDepth_50%": 0.0, "AnonymousInnerClassLength_max": 0.014916624312729875, "ExecutableStatementCount_std": 0.014943210501495281, "CyclomaticComplexity_25%": 0.001395922697939743, "NumberOfMethods_Checkstyle_count": 0.0064296756105683955, "NPathComplexity_mean": 0.012495149405245848, "NestedTryDepth_std": 0.0005655473103883431, "ThrowsCount_count": 0.006279686033900143, "ClassFanOutComplexity_std": 0.014174406901691534, "ClassDataAbstractionCoupling_count": 0.006312444893832167, "NPathComplexity_25%": 0.004337377698341828, "AnonymousInnerClassLength_75%": 0.0014639707804128793, "NumberOfPrivateMethod_25%": 2.651462934907335e-06, "AnonymousInnerClassLength_std": 0.011085566745938993, "ClassDataAbstractionCoupling_50%": 0.0008513812979346073, "NestedTryDepth_25%": 0.0, "NPathComplexity_min": 0.0021652186090477255, "NestedIfElseDepth_50%": 0.0004112560746591036, "ClassFanOutComplexity_75%": 0.004234491738282579, "ExecutableStatementCount_min": 0.003662680468136478, "NumberOfPrivateMethod_count": 0.006105058389480629, "NumberOfProtectedMethod_max": 0.002409101510187989, "CyclomaticComplexity_min": 0.0013024599115951596, "NumberOfPublicMethods_Checkstyle_50%": 0.0005966793080980574, "NestedForDepth_std": 0.002135017412848176, "NCSSForThisMethod_std": 0.014975907733129146, "NCSSForThisMethod_mean": 0.01531278966797066, "FileLength_25%": 0.0013782495767453238, "NCSSForThisClass_mean": 0.012675457721042258, "NCSSForThisClass_25%": 0.0014631904921709783, "NCSSForThisClass_count": 0.006298530838143772, "NestedIfElseDepth_mean": 0.006916904538044024, "BooleanExpressionComplexity_count": 0.006642490715559292, "NumberOfPackageMethod_50%": 0.0, "ClassFanOutComplexity_50%": 0.0005210279129895267, "NestedForDepth_75%": 6.807619859251982e-05, "NestedTryDepth_50%": 0.0, "NumberOfPackageMethod_75%": 0.0, "ClassDataAbstractionCoupling_25%": 0.0007757085776695047, "NCSSForThisMethod_min": 0.005127073626017638, "NestedTryDepth_max": 0.0006528756666023631, "NumberOfMethods_Checkstyle_50%": 0.0004915466083113812, "NumberOfPackageMethod_max": 0.01332858088216915, "AnonymousInnerClassLength_mean": 0.010239441071410319, "ClassFanOutComplexity_count": 0.006552934173935938, "NumberOfMethods_Checkstyle_25%": 0.0004450849113557009, "ExecutableStatementCount_mean": 0.013149701924814133, "MethodLength_count": 0.005459056328193484, "BooleanExpressionComplexity_max": 0.007118505865199479, "BooleanExpressionComplexity_25%": 0.0011009417817302608, "FileLength_std": 0.022194056873237507, "NestedForDepth_max": 0.0023031586427664807, "NestedForDepth_25%": 0.0, "ExecutableStatementCount_50%": 0.008288705265139735, "MethodLength_50%": 0.011299897015413748, "ExecutableStatementCount_max": 0.013339464835835741, "NCSSForThisFile_75%": 0.003520255924036895, "NumberOfPublicMethods_Checkstyle_max": 0.009517369642853596, "NumberOfPrivateMethod_50%": 0.0, "NCSSForThisMethod_max": 0.01632425575187195, "NestedIfElseDepth_min": 4.762035294274201e-05, "FileLength_mean": 0.02312010537208412, "NPathComplexity_75%": 0.0072671211458695175, "NumberOfMethods_Checkstyle_75%": 0.0028807248224686317, "NumberOfPublicMethods_Checkstyle_min": 9.272265786952563e-05, "NumberOfMethods_Checkstyle_min": 0.00012485528008976925, "AnonymousInnerClassLength_50%": 0.0001011841635637303, "BooleanExpressionComplexity_mean": 0.006637284557186071, "NumberOfPublicMethods_Checkstyle_std": 0.011679906147676057, "ClassDataAbstractionCoupling_75%": 0.003593512846326446, "NumberOfPrivateMethod_max": 0.007519062356594873, "NumberOfMethods_Checkstyle_max": 0.008462131520351033, "NCSSForThisClass_max": 0.0143833342762236, "NPathComplexity_std": 0.012085992393691116, "NCSSForThisFile_mean": 0.013027574296782007, "CyclomaticComplexity_75%": 0.005687305222500087, "CyclomaticComplexity_mean": 0.009973585566353478, "CyclomaticComplexity_50%": 0.0029826753450639776, "NCSSForThisMethod_75%": 0.011517446262969869, "NestedForDepth_count": 0.006161002376234377, "NCSSForThisClass_50%": 0.0012154773374626843, "NumberOfPrivateMethod_75%": 0.00021938005424448188, "NumberOfProtectedMethod_min": 0.0,