{"MaxNumberOfNestedBlocks": 0.12710014580389314, "NumberOfModifiers": 0.6199855494404165, "Maximum Depth": 0.20711615243711204, "NumberOfMathOperations": 0.04579815231857821}