{"accuracy_score": 0.976824034334764, "precision_score": 0.0, "recall_score": 0.0, "f1_score": 0.0, "roc_auc_score": 0.656662923908091, "pr_auc_score": 0.02289308812846855}