;NumberOfModifiers;MaxNumberOfNestedBlocks;BuggedMethods;Maximum Depth;NumberOfMathOperations
count;2193.0;2193.0;2193;2193.0;2193.0
unique;;;2;;
top;;;False;;
freq;;;2150;;
mean;1.68718650250798;0.20109439124487005;;0.8394892840857273;0.1326949384404925
std;4.962055379184628;0.596644117729543;;1.2036100329064379;0.7848897398371052
min;0.0;0.0;;0.0;0.0
25%;0.0;0.0;;0.0;0.0
50%;1.0;0.0;;0.0;0.0
75%;1.0;0.0;;2.0;0.0
max;48.0;6.0;;7.0;14.0
