{"blame_merge_blame_getVolume_max": 0.0, "blamemerge_blamegetEffort_mean": 0.019147417905259197, "FileLength_mean": 0.014530539635458094, "AnonymousInnerClassLength_mean": 0.008591902517773208, "blamemerge_blamegetLength_max": 0.01802641803446933, "blamemerge_blamegetVocabulary_mean": 0.030255041300240666, "blamemerge_blamegetLength_count": 0.03027049675952735, "blame_merge_blame_getLength_std": 0.0, "blamemerge_blamegetVolume_std": 0.014717660787255995, "FileLength_50%": 0.002755945134400526, "blamemerge_blamegetEffort_count": 0.028873966566846293, "AnonymousInnerClassLength_75%": 0.002283618727255573, "blamemerge_blamegetVolume_mean": 0.025863738659757763, "blamemerge_blamegetLength_std": 0.017562272967071472, "MethodLength_50%": 0.019239280262778345, "Difficulty": 0.02436689913881514, "FileLength_min": 0.0004194342725104559, "FileLength_25%": 0.002964111263147867, "blame_merge_blame_getDifficulty_mean": 0.0, "blame_merge_blame_getDifficulty_count": 0.0, "blame_merge_blame_getEffort_mean": 0.0, "blame_merge_blame_getVolume_mean": 0.0, "MethodLength_count": 0.011454722814037642, "TotalNumberOfOperands": 0.027399701990992523, "blame_merge_blame_getVocabulary_count": 0.0, "AnonymousInnerClassLength_count": 0.011307547647912988, "AnonymousInnerClassLength_50%": 3.585889951727155e-07, "AnonymousInnerClassLength_min": 6.384520941158643e-08, "blamemerge_blamegetDifficulty_count": 0.029052230403958403, "blame_merge_blame_getLength_min": 0.0, "blamemerge_blamegetLength_mean": 0.026587300805824728, "Volume": 0.03121044157488534, "blame_merge_blame_getLength_mean": 0.0, "blame_merge_blame_getDifficulty_std": 0.0, "blame_merge_blame_getVolume_min": 0.0, "FileLength_max": 0.01895821165050275, "blamemerge_blamegetEffort_std": 0.018582926857584878, "blame_merge_blame_getDifficulty_max": 0.0, "blame_merge_blame_getDifficulty_min": 0.0, "blame_merge_blame_getLength_max": 0.0, "blamemerge_blamegetEffort_max": 0.024763897837273903, "blamemerge_blamegetVolume_count": 0.0277734297368666, "MethodLength_std": 0.02145601612590224, "FileLength_std": 0.018302679800677613, "Vocabulary": 0.03740485850366292, "blame_merge_blame_getVocabulary_min": 0.0, "NumberOfDistinctOperands": 0.0395423484526278, "blamemerge_blamegetDifficulty_max": 0.019226186765869808, "blame_merge_blame_getEffort_max": 0.0, "AnonymousInnerClassLength_max": 0.005516544655417576, "blame_merge_blame_getVocabulary_mean": 0.0, "NumberOfDistinctOperators": 0.022899806002331432, "blamemerge_blamegetDifficulty_mean": 0.02070791620276833, "TotalNumberOfOperators": 0.029879328189674727, "blame_merge_blame_getLength_count": 0.0, "blamemerge_blamegetVocabulary_std": 0.023842505147644053, "blame_merge_blame_getEffort_min": 0.0, "Length": 0.030780254183447018, "AnonymousInnerClassLength_25%": 0.0, "blamemerge_blamegetVocabulary_count": 0.030359253778569146, "MethodLength_min": 0.012053518097165261, "blame_merge_blame_getVolume_std": 0.0, "blamemerge_blamegetVocabulary_max": 0.022238077194231144, "MethodLength_75%": 0.01605052830387158, "blame_merge_blame_getVolume_count": 0.0, "blame_merge_blame_getEffort_count": 0.0, "FileLength_count": 0.011632303308749608, "AnonymousInnerClassLength_std": 0.007641624142174178, "MethodLength_mean": 0.019693319587428024, "blamemerge_blamegetDifficulty_std": 0.026417684402784903, "MethodLength_25%": 0.01704699531529489, "Effort": 0.02676593786454455, "blame_merge_blame_getEffort_std": 0.0, "MethodLength_max": 0.025570782965440884, "blame_merge_blame_getVocabulary_std": 0.0, "blamemerge_blamegetVolume_max": 0.023232735163981902, "blame_merge_blame_getVocabulary_max": 0.0, "FileLength_75%": 0.004779218159128988}