{"accuracy_score": 0.9468700683850605, "precision_score": 0.7647058823529411, "recall_score": 0.11818181818181818, "f1_score": 0.2047244094488189, "roc_auc_score": 0.8110273590173088, "pr_auc_score": 0.39891407045963323}