{"accuracy_score": 0.9757599580712788, "precision_score": 0.0, "recall_score": 0.0, "f1_score": 0.0, "roc_auc_score": 0.7149620534383014, "pr_auc_score": 0.028119602693511006}