{"accuracy_score": 0.9336585365853659, "precision_score": 0.017543859649122806, "recall_score": 0.07692307692307693, "f1_score": 0.02857142857142857, "roc_auc_score": 0.6134843417452114, "pr_auc_score": 0.016954811292800458}