{"accuracy_score": 0.9634873323397913, "precision_score": 0.0, "recall_score": 0.0, "f1_score": 0.0, "roc_auc_score": 0.7399169308121107, "pr_auc_score": 0.08657706412953188}