{"accuracy_score": 0.9776839565741857, "precision_score": 1.0, "recall_score": 0.02631578947368421, "f1_score": 0.05128205128205127, "roc_auc_score": 0.6085607537361923, "pr_auc_score": 0.06975126336875545}