{"NumberOfComparisons": 0.029369201414974136, "RFC": 0.1187948885334484, "NumberOfInnerClasses": 0.0, "NumberOfAssignments": 0.0491328794212285, "NumberOfParameters_CK": 0.018984871367431728, "NumberOfLoops": 0.012012022685647925, "NumberOfLambdas": 0.02510008209678441, "NumberOfUniqueWords": 0.1783445110329376, "LOCMethod_CK": 0.10919606525789867, "NumberOfModifiers": 0.05014497313943162, "MaxNumberOfNestedBlocks": 0.019583098299677536, "Returns": 0.03491647531838531, "NumberOfMathOperations": 0.031230530221243485, "NumberOfNumbers": 0.04294328436027101, "NumberOfAnonymousClasses": 0.005110182964691376, "NumberOfLogStatements": 0.001115742365212313, "NumberOfTryCatch": 0.0006013356362485149, "CBO": 0.08885359945887493, "NumberOfVariables": 0.04231444893120853, "NumberOfParenthesizedExps": 0.01363065034001848, "WMC_CK": 0.046660353313243766, "NumberOfStringLiterals": 0.0782724016243487, "IsConstructor": 0.0036884022167929477}