{"accuracy_score": 0.9707468165653321, "precision_score": 0.12, "recall_score": 0.012711864406779662, "f1_score": 0.02298850574712644, "roc_auc_score": 0.6698859764298661, "pr_auc_score": 0.04101762410396484}