{"accuracy_score": 0.6012931034482759, "precision_score": 0.010810810810810811, "recall_score": 0.5, "f1_score": 0.021164021164021166, "roc_auc_score": 0.5940217391304348, "pr_auc_score": 0.25855007037559685}