{"NOP_count": 0.007921114673327564, "Si_std": 0.0015891542608030703, "blamemerge_blamegetDistinctOperandsCnt_mean": 0.0446092604575753, "Fout_50%": 6.499201117309278e-05, "Si_50%": 9.325056500266843e-05, "IOVars_25%": 0.004762879752189915, "Ci_min": 0.005906254190313138, "MCLC_count": 0.007350513953195078, "VG_max": 0.004424234543915427, "MCLC_std": 0.003869820729238476, "Di_mean": 0.004681905771851486, "blamemerge_blamegetDistinctOperatorsCnt_count": 0.05273195727686886, "Fin_75%": 2.6552907889784435e-05, "NVAR_count": 0.008389943532893821, "NVAR_50%": 0.003533347391144477, "NCOMP_25%": 0.0016017801406022162, "MCLC_25%": 0.003963729189382773, "Fout_max": 0.0012864044578461819, "Di_min": 0.005799845227527457, "NBD_mean": 0.004265802268578752, "NBD_25%": 0.0026104350639488023, "blame_merge_blame_getDistinctOperatorsCnt_min": 0.0, "IOVars_mean": 0.0051601221251145685, "NCOMP_std": 0.002510017800704473, "NVAR_min": 0.0035400029751332185, "Fin_std": 0.0013537645295375969, "Fin_count": 0.007000290204365718, "MCLC_min": 0.003006673071401331, "blame_merge_blame_getDistinctOperandsCnt_min": 0.0, "Difficulty": 0.05752019071282147, "blame_merge_blame_getDifficulty_min": 0.0, "blame_merge_blame_getDistinctOperatorsCnt_max": 0.0, "NBD_max": 0.002104073539756061, "IOVars_count": 0.006739798424429085, "MCLC_50%": 0.003116254574119196, "blamemerge_blamegetDistinctOperatorsCnt_max": 0.020844747836300952, "blame_merge_blame_getDifficulty_count": 0.0, "NCOMP_count": 0.006942967717417555, "Ci_50%": 0.0028713849896472125, "blame_merge_blame_getDistinctOperandsCnt_mean": 0.0, "NCOMP_75%": 0.0023353905001885634, "Di_max": 0.0024700202301585227, "NCOMP_50%": 0.0017905559246727308, "Si_count": 0.007464693187306779, "NVAR_25%": 0.0024698566755116183, "Fout_mean": 0.0014387734923037646, "NOPa": 0.0, "blamemerge_blamegetDistinctOperandsCnt_count": 0.05224911924240871, "blamemerge_blamegetDifficulty_mean": 0.04195770430741429, "Ci_75%": 0.0035170206659108235, "NBD_min": 0.0030137043287879702, "NCOMP_mean": 0.003962767879582287, "blamemerge_blamegetDifficulty_max": 0.02288102361525044, "Ci_25%": 0.005434699579407266, "MCLC_75%": 0.004062896265283968, "Fin_50%": 0.0, "blamemerge_blamegetDistinctOperatorsCnt_std": 0.04195521725902089, "blame_merge_blame_getDifficulty_max": 0.0, "blame_merge_blame_getDifficulty_std": 0.0, "VG_min": 0.0029436398128736413, "IOVars_50%": 0.0025397679301081676, "Ci_std": 0.0033775624468754, "Di_std": 0.002649693407124453, "Di_25%": 0.005807458940958474, "Si_mean": 0.0020535759883002487, "VG_25%": 0.0033426740921122396, "NumberOfDistinctOperands": 0.054581325941888706, "NVAR_mean": 0.004996677211651985, "NVAR_std": 0.003730690011606186, "IOVars_max": 0.00306559651703283, "NBD_50%": 0.001913930007318926, "blamemerge_blamegetDistinctOperandsCnt_max": 0.031380636769637704, "NOP_std": 0.0027266736007319856, "NumberOfDistinctOperators": 0.03103554274899755, "Fin_25%": 0.0, "Ci_max": 0.00423966256355176, "NOP_max": 0.0023290001564466906, "VG_std": 0.0031772988202228908, "Ci_count": 0.006811041851451026, "blame_merge_blame_getDistinctOperatorsCnt_mean": 0.0, "blame_merge_blame_getDistinctOperandsCnt_count": 0.0, "IOVars_std": 0.004170988513507456, "Si_75%": 0.00011662787922331443, "NVAR_max": 0.005348876978370473, "Fout_min": 0.0006303112096505743, "NOP_25%": 0.005709271763220051, "Fout_75%": 0.00019229935270217, "Si_min": 0.0005378552254114031, "ClRCi": 0.015261656817950945, "blamemerge_blamegetDistinctOperandsCnt_std": 0.038670507609275484, "blame_merge_blame_getDistinctOperatorsCnt_std": 0.0, "VG_75%": 0.0036363572837672304, "blamemerge_blamegetDifficulty_std": 0.04302854660244028, "VG_count": 0.007763836712516772, "NOP_min": 0.004909362615647724, "blamemerge_blamegetDifficulty_count": 0.046472104025345386, "Ci_mean": 0.005920915090395298, "VG_mean": 0.004764395656750267, "IOVars_min": 0.005643640726474527, "Fout_count": 0.008305988603269056, "blame_merge_blame_getDifficulty_mean": 0.0, "Di_count": 0.007214758818440438, "Fout_std": 0.0013586600829543303, "NVAR_75%": 0.0064822980783153916, "Fout_25%": 0.0003617641937971797, "VG_50%": 0.0025626803275380903, "Fin_max": 0.0012160997823146274, "IOVars_75%": 0.0035543991653118946, "blame_merge_blame_getDistinctOperandsCnt_max": 0.0, "blame_merge_blame_getDistinctOperandsCnt_std": 0.0, "NBD_75%": 0.002278961222404473, "NCOMP_max": 0.004501663097197824, "NOP_mean": 0.005896754304173094, "Di_50%": 0.0026548394017401433, "NOP_75%": 0.003635812891182385, "Si_max": 0.0011166094507963872, "MCLC_max": 0.005354110313443545, "MCLC_mean": 0.00500942211138248, "Di_75%": 0.0032608057253187667, "NBD_std": 0.0023248455327354624, "Fin_min": 0.0, "NCOMP_min": 0.0009638543435026504, "Si_25%": 0.0004018887470980703, "NBD_count": 0.007310656714928042, "blamemerge_blamegetDistinctOperatorsCnt_mean": 0.04193345239880009, "ClTCi": 0.022533892872645622, "Fin_mean": 0.0021527961738054316, "NOP_50%": 0.0029360727461389606, "blame_merge_blame_getDistinctOperatorsCnt_count": 0.0}