{"accuracy_score": 0.970193740685544, "precision_score": 0.0, "recall_score": 0.0, "f1_score": 0.0, "roc_auc_score": 0.7596349327795388, "pr_auc_score": 0.09261747445264598}