{"accuracy_score": 0.9669354838709677, "precision_score": 0.21052631578947367, "recall_score": 0.056338028169014086, "f1_score": 0.08888888888888889, "roc_auc_score": 0.6855570951654302, "pr_auc_score": 0.0735507197527249}