{"accuracy_score": 0.8594771241830066, "precision_score": 0.25, "recall_score": 0.36, "f1_score": 0.29508196721311475, "roc_auc_score": 0.833149466192171, "pr_auc_score": 0.3391107277995198}