{"NumberOfVariables": 0.04380297445255554, "CBO": 0.062125830358120776, "NumberOfUniqueWords": 0.20483121528816836, "IsConstructor": 0.01882132292417534, "Returns": 0.04248177200472796, "NumberOfNumbers": 0.06559798922424007, "NumberOfModifiers": 0.03963400337817694, "NumberOfLoops": 0.006906693415369995, "WMC_CK": 0.027514308180708106, "NumberOfParameters_CK": 0.027418176607923787, "NumberOfAnonymousClasses": 0.0, "LOCMethod_CK": 0.12857672359839026, "NumberOfLambdas": 0.0, "NumberOfMathOperations": 0.0568600696352731, "NumberOfLogStatements": 7.840553287638574e-06, "NumberOfStringLiterals": 0.07490491632571483, "NumberOfParenthesizedExps": 0.06397459206282234, "NumberOfTryCatch": 0.0001803930115480593, "MaxNumberOfNestedBlocks": 0.012502323630391351, "RFC": 0.055905764608351845, "NumberOfAssignments": 0.04920008313324769, "NumberOfInnerClasses": 0.0, "NumberOfComparisons": 0.018753007606805937}