{"accuracy_score": 0.9890282131661442, "precision_score": 0.1, "recall_score": 0.16666666666666666, "f1_score": 0.125, "roc_auc_score": 0.7578740157480315, "pr_auc_score": 0.04595061346107892}