{"NPF": 0.02570579605910606, "NSF": 0.04855695880514456, "PMd": 0.09983864173296063, "NOA": 0.0, "NOD": 7.490340739177373e-05, "ClTCi": 0.16640634499731807, "NSM": 0.06317810019412778, "RTLOC": 0.2379233576668412, "TLOC": 0.19308823244653991, "ClRCi": 0.16522766469057, "NOL": 0.0}