{"accuracy_score": 0.937015503875969, "precision_score": 0.3924050632911392, "recall_score": 0.2743362831858407, "f1_score": 0.3229166666666667, "roc_auc_score": 0.7314288565428213, "pr_auc_score": 0.2048595182928377}