{"accuracy_score": 0.9413759689922481, "precision_score": 0.45652173913043476, "recall_score": 0.37168141592920356, "f1_score": 0.4097560975609757, "roc_auc_score": 0.7885472845783648, "pr_auc_score": 0.38993474071444034}