{"accuracy_score": 0.988996138996139, "precision_score": 0.0, "recall_score": 0.0, "f1_score": 0.0, "roc_auc_score": 0.4305950803223166, "pr_auc_score": 0.007777404418990197}