;WMC_CK;BuggedMethods
count;4851.0;4851
unique;;2
top;;False
freq;;4752
mean;0.8612657184085756;
std;1.1360659038245877;
min;0.0;
25%;0.0;
50%;1.0;
75%;1.0;
max;19.0;
