{"MIF": 0.0, "AIF": 0.0, "Aa": 0.458253201604389, "MHF": 0.44037432419504347, "AHF": 0.10137247420056765}