{"accuracy_score": 0.7173601147776184, "precision_score": 0.24598930481283424, "recall_score": 0.45098039215686275, "f1_score": 0.31833910034602075, "roc_auc_score": 0.5717086834733895, "pr_auc_score": 0.20809539974946534}