{"accuracy_score": 0.8580183861082737, "precision_score": 0.6071428571428571, "recall_score": 0.3248407643312102, "f1_score": 0.4232365145228215, "roc_auc_score": 0.7266686813271963, "pr_auc_score": 0.4826659938463305}