{"MethodLength_75%": 0.011323948618550754, "blame_merge_blame_getEffort_min": 0.0, "blamemerge_blamegetVolume_std": 0.029840173819263006, "blame_merge_blame_getVolume_std": 0.0, "blame_merge_blame_getDifficulty_min": 0.0, "blame_merge_blame_getDifficulty_std": 0.0, "AnonymousInnerClassLength_50%": 0.00018980557381626943, "AnonymousInnerClassLength_25%": 0.00030948948453604337, "FileLength_max": 0.011793432916850472, "blame_merge_blame_getVocabulary_min": 0.0, "blame_merge_blame_getEffort_std": 0.0, "blamemerge_blamegetLength_std": 0.02776975996471321, "blame_merge_blame_getVolume_max": 0.0, "blamemerge_blamegetVocabulary_std": 0.030668644127042833, "MethodLength_min": 0.004933018143688499, "blamemerge_blamegetVolume_mean": 0.024600399784167646, "blamemerge_blamegetVocabulary_max": 0.01021344138709325, "FileLength_count": 0.013028960967832858, "blame_merge_blame_getDifficulty_max": 0.0, "blame_merge_blame_getEffort_max": 0.0, "blame_merge_blame_getVolume_min": 0.0, "blame_merge_blame_getVocabulary_max": 0.0, "Volume": 0.037175228805129204, "blame_merge_blame_getLength_std": 0.0, "Effort": 0.0358654839057503, "MethodLength_25%": 0.007506915400727959, "blamemerge_blamegetLength_max": 0.016801596024145965, "AnonymousInnerClassLength_75%": 0.0011647891745753059, "AnonymousInnerClassLength_min": 0.0004323308806177203, "Difficulty": 0.025631938913413133, "blamemerge_blamegetLength_mean": 0.02338867961748871, "MethodLength_50%": 0.009052177462246978, "MethodLength_max": 0.009784393846727813, "FileLength_25%": 0.0017997103006497648, "blamemerge_blamegetDifficulty_count": 0.035968918437577276, "FileLength_min": 0.0009683873943346554, "AnonymousInnerClassLength_max": 0.0021653909713613287, "blame_merge_blame_getLength_min": 0.0, "FileLength_75%": 0.003998767762857608, "blame_merge_blame_getLength_mean": 0.0, "Vocabulary": 0.047887492507310066, "blame_merge_blame_getVocabulary_mean": 0.0, "MethodLength_mean": 0.010232224514719473, "blamemerge_blamegetVocabulary_mean": 0.02166523470727922, "TotalNumberOfOperands": 0.03395926390187955, "blamemerge_blamegetDifficulty_mean": 0.02301202779477492, "MethodLength_std": 0.009657872524621776, "blame_merge_blame_getVocabulary_std": 0.0, "blame_merge_blame_getEffort_count": 0.0, "FileLength_50%": 0.0019158524533457724, "blamemerge_blamegetEffort_max": 0.021099209850927073, "blamemerge_blamegetLength_count": 0.03997473882322024, "blame_merge_blame_getVolume_mean": 0.0, "NumberOfDistinctOperands": 0.045878602227406334, "blamemerge_blamegetVolume_max": 0.02132658950260018, "blamemerge_blamegetDifficulty_max": 0.02334211843357727, "blame_merge_blame_getLength_count": 0.0, "blame_merge_blame_getLength_max": 0.0, "NumberOfDistinctOperators": 0.024023399885611585, "TotalNumberOfOperators": 0.03412584973793721, "blamemerge_blamegetVocabulary_count": 0.040225284921107315, "blamemerge_blamegetDifficulty_std": 0.02272521179783091, "AnonymousInnerClassLength_mean": 0.002237529650524565, "MethodLength_count": 0.01251304409628188, "AnonymousInnerClassLength_count": 0.013846768065747707, "blamemerge_blamegetVolume_count": 0.03750635142447551, "blamemerge_blamegetEffort_mean": 0.020992473415549218, "blame_merge_blame_getDifficulty_mean": 0.0, "blame_merge_blame_getVocabulary_count": 0.0, "FileLength_mean": 0.00987410256589133, "AnonymousInnerClassLength_std": 0.002735506973275797, "Length": 0.03635683312066635, "FileLength_std": 0.008939218227149697, "blamemerge_blamegetEffort_std": 0.022158500062688248, "blamemerge_blamegetEffort_count": 0.03541291512844222, "blame_merge_blame_getDifficulty_count": 0.0, "blame_merge_blame_getEffort_mean": 0.0, "blame_merge_blame_getVolume_count": 0.0}