{"accuracy_score": 0.8508682328907048, "precision_score": 0.5873015873015873, "recall_score": 0.2356687898089172, "f1_score": 0.33636363636363636, "roc_auc_score": 0.7119655338075533, "pr_auc_score": 0.4560616029619152}