{"NumberOfAssignments": 0.05884109197198454, "WMC_CK": 0.029610321240261063, "NumberOfParenthesizedExps": 0.012228824807653296, "NumberOfMathOperations": 0.007690379302573667, "NumberOfStringLiterals": 0.07784867343536386, "NumberOfTryCatch": 0.0026515176988108707, "LOCMethod_CK": 0.11285718522027638, "IsConstructor": 0.0010156739186381095, "NumberOfVariables": 0.058060852069765544, "NumberOfNumbers": 0.08107676776552748, "NumberOfLambdas": 4.256115367289147e-05, "NumberOfAnonymousClasses": 0.00010160240843048951, "MaxNumberOfNestedBlocks": 0.0168670483904315, "RFC": 0.11997229733045711, "Returns": 0.018693990011203396, "NumberOfLoops": 0.009932499119708544, "NumberOfModifiers": 0.019007101259653898, "CBO": 0.17645962475053584, "NumberOfParameters_CK": 0.012110454410724756, "NumberOfUniqueWords": 0.17707881956272864, "NumberOfLogStatements": 3.4220637629129587e-06, "NumberOfComparisons": 0.007849292107835276, "NumberOfInnerClasses": 0.0}