{"accuracy_score": 0.9912430585219991, "precision_score": 0.0, "recall_score": 0.0, "f1_score": 0.0, "roc_auc_score": 0.6937433040497107, "pr_auc_score": 0.004948631027436867}