{"ThrowsCount_25%": 0.001578409318591646, "NumberOfProtectedMethod_count": 0.008133083343959954, "NestedIfElseDepth_mean": 0.003072016494461778, "ClassDataAbstractionCoupling_max": 0.00796705190821032, "ExecutableStatementCount_std": 0.00895847363872499, "NestedForDepth_mean": 0.0, "AnonymousInnerClassLength_50%": 0.0, "ThrowsCount_count": 0.008588608443045188, "NumberOfPrivateMethod_mean": 0.0027932371221541766, "CyclomaticComplexity_75%": 0.015693806094017645, "BooleanExpressionComplexity_50%": 0.0, "NCSSForThisClass_75%": 0.00038359410794442755, "MethodLength_mean": 0.011686492960490803, "NCSSForThisFile_min": 0.0, "NumberOfPackageMethod_mean": 0.001452600852771159, "NumberOfPublicMethods_Checkstyle_min": 0.0, "CyclomaticComplexity_mean": 0.012231059762554343, "NumberOfPublicMethods_Checkstyle_max": 0.021273090906160204, "BooleanExpressionComplexity_min": 0.0, "ClassFanOutComplexity_25%": 0.0, "BooleanExpressionComplexity_25%": 0.00020054616828810376, "NumberOfPrivateMethod_25%": 0.0, "MethodLength_min": 0.0028177451733340706, "NCSSForThisClass_50%": 0.0, "ClassFanOutComplexity_max": 0.020892610301689284, "NumberOfPublicMethods_Checkstyle_75%": 0.0006016385048643112, "NCSSForThisMethod_75%": 0.013528690762770149, "NumberOfProtectedMethod_50%": 0.0, "NCSSForThisFile_mean": 0.015448342634072734, "BooleanExpressionComplexity_std": 0.005480204907386044, "ThrowsCount_mean": 0.004422900686105211, "NCSSForThisMethod_mean": 0.011117159890994198, "NumberOfPrivateMethod_50%": 0.0, "NumberOfProtectedMethod_75%": 0.0, "CyclomaticComplexity_min": 0.0, "MethodLength_std": 0.006818408710759238, "ExecutableStatementCount_count": 0.014600307364920705, "ClassDataAbstractionCoupling_std": 0.015790464317122672, "NCSSForThisFile_count": 0.012082337932065028, "NCSSForThisFile_50%": 0.0, "CyclomaticComplexity_max": 0.00881069389148085, "NCSSForThisClass_std": 0.012006597318432668, "NumberOfMethods_Checkstyle_min": 0.0, "NPathComplexity_mean": 0.013417588401895829, "ExecutableStatementCount_min": 0.0036705078279912983, "AnonymousInnerClassLength_mean": 0.0, "NCSSForThisFile_25%": 0.0, "NPathComplexity_25%": 0.0077200653739120636, "NCSSForThisClass_min": 0.0, "NPathComplexity_75%": 0.012145701031205441, "AnonymousInnerClassLength_min": 0.0, "NestedForDepth_25%": 0.0, "NestedForDepth_max": 0.0007847458759099706, "NumberOfPackageMethod_25%": 0.0, "NumberOfPackageMethod_min": 0.0, "NumberOfMethods_Checkstyle_25%": 0.0, "NCSSForThisClass_mean": 0.007739823178803788, "NumberOfPackageMethod_max": 0.002082053673042452, "MethodLength_max": 0.012032034063900849, "NestedIfElseDepth_std": 0.004836678053715459, "NCSSForThisMethod_max": 0.01832349022073204, "NPathComplexity_50%": 0.003644728587567556, "ExecutableStatementCount_max": 0.012508007393466946, "ClassFanOutComplexity_count": 0.011202484459473836, "ClassFanOutComplexity_50%": 0.0, "ClassFanOutComplexity_75%": 0.0, "AnonymousInnerClassLength_75%": 0.0, "NPathComplexity_count": 0.010991285966614701, "NestedIfElseDepth_min": 0.0, "NestedForDepth_count": 0.010522762225486126, "ThrowsCount_min": 0.0, "NumberOfPrivateMethod_75%": 0.0003008192524321556, "ExecutableStatementCount_50%": 0.010004662710908266, "FileLength_min": 0.0, "NumberOfPrivateMethod_max": 0.0043413438713205054, "NumberOfMethods_Checkstyle_std": 0.01353495330601663, "ExecutableStatementCount_75%": 0.0094832273236984, "MethodLength_25%": 0.011047414793206548, "ThrowsCount_50%": 0.0013381991883473123, "NPathComplexity_max": 0.019855851370452277, "NCSSForThisClass_25%": 0.00046761496800835895, "NestedIfElseDepth_75%": 0.0007847458759099706, "NumberOfProtectedMethod_25%": 0.0, "NumberOfPublicMethods_Checkstyle_count": 0.011918861561580911, "NumberOfPrivateMethod_min": 0.0, "CyclomaticComplexity_25%": 0.00018459363217427738, "BooleanExpressionComplexity_mean": 0.004936353587384745, "ClassFanOutComplexity_mean": 0.02840668418254206, "NCSSForThisMethod_std": 0.010124060192738489, "ThrowsCount_75%": 0.0026834940076551138, "NPathComplexity_min": 0.0, "BooleanExpressionComplexity_count": 0.011024963101071362, "NCSSForThisMethod_25%": 0.009204962913777658, "NumberOfPackageMethod_count": 0.012053337756829933, "BooleanExpressionComplexity_max": 0.005922028865354271, "ThrowsCount_max": 0.0014315943704540863, "NestedForDepth_50%": 0.0, "ClassDataAbstractionCoupling_50%": 0.0, "NestedIfElseDepth_max": 0.0037265407459256376, "NCSSForThisMethod_50%": 0.009387063586653716, "NCSSForThisFile_75%": 0.0, "NumberOfPrivateMethod_std": 0.002678622543525313, "CyclomaticComplexity_std": 0.007861679181110337, "MethodLength_75%": 0.01885036692842585, "FileLength_50%": 0.0, "ClassDataAbstractionCoupling_25%": 0.0, "NestedForDepth_std": 0.0, "NumberOfPublicMethods_Checkstyle_25%": 0.0, "NumberOfPackageMethod_std": 0.0015922368340875086, "NestedIfElseDepth_25%": 0.0, "NestedIfElseDepth_count": 0.012914518396342849, "NCSSForThisMethod_min": 0.0021589257474869013, "FileLength_std": 0.014749883506091174, "NumberOfMethods_Checkstyle_count": 0.017666551375625898, "BooleanExpressionComplexity_75%": 0.0, "NCSSForThisMethod_count": 0.015075624830298793, "AnonymousInnerClassLength_count": 0.008621553009618326, "NumberOfPublicMethods_Checkstyle_std": 0.018233643494198662, "NumberOfProtectedMethod_mean": 0.0007842787652695487, "NestedForDepth_75%": 0.0, "NumberOfPublicMethods_Checkstyle_mean": 0.008554908969817627, "NumberOfPublicMethods_Checkstyle_50%": 0.0, "FileLength_mean": 0.021936942921143187, "NumberOfMethods_Checkstyle_mean": 0.0007087483902000032, "FileLength_max": 0.017669791785518342, "AnonymousInnerClassLength_max": 0.0, "ClassDataAbstractionCoupling_mean": 0.020551615773973422, "MethodLength_count": 0.014261299413695666, "NumberOfProtectedMethod_max": 0.000588559406932478, "NestedIfElseDepth_50%": 0.0, "NCSSForThisClass_count": 0.010749493367984081, "ExecutableStatementCount_25%": 0.00819030927681189, "ThrowsCount_std": 0.015456356138875766, "ClassFanOutComplexity_min": 0.0, "MethodLength_50%": 0.005277242287037018, "FileLength_75%": 0.0008165093994587081, "NumberOfMethods_Checkstyle_max": 0.01483765756169983, "CyclomaticComplexity_count": 0.011042324306566884, "NumberOfMethods_Checkstyle_75%": 0.0002987384868520912, "ClassDataAbstractionCoupling_count": 0.013140878791500632, "NumberOfProtectedMethod_min": 0.0, "NumberOfPackageMethod_50%": 0.0, "NCSSForThisFile_std": 0.01853677004363972, "NumberOfProtectedMethod_std": 0.0007032138368543902, "ClassDataAbstractionCoupling_min": 0.000588559406932478, "ClassDataAbstractionCoupling_75%": 0.0, "NumberOfMethods_Checkstyle_50%": 0.0012215084795729962, "NestedForDepth_min": 0.0, "CyclomaticComplexity_50%": 0.0010938881906623849, "NCSSForThisFile_max": 0.020253722375528, "NumberOfPrivateMethod_count": 0.01200995207839444, "AnonymousInnerClassLength_std": 0.0, "ClassFanOutComplexity_std": 0.02584714856505255, "ExecutableStatementCount_mean": 0.012858273795545069, "FileLength_count": 0.016123095820928284, "NCSSForThisClass_max": 0.011888398616599653, "NumberOfPackageMethod_75%": 0.0, "NPathComplexity_std": 0.030802147477675963, "FileLength_25%": 0.000588559406932478, "AnonymousInnerClassLength_25%": 0.0}