{"NumberOfComparisons": 0.010521860495610501, "BooleanExpressionComplexity": 0.02082765314151861, "NumberOfInnerClasses": 0.0, "NumberOfPrivateMethod": 0.013412016110720142, "NCSSForThisClass": 0.009395712718636678, "NestedIfElseDepth": 0.018770820700768128, "Si": 0.004002136473408495, "NumberOfTryCatch": 0.00045144495366140837, "Fin": 0.01624994044200951, "WMC_CK": 0.01381040481665143, "RFC": 0.09660363026333182, "Ci": 0.013765737954094456, "NumberOfNumbers": 0.011611654986909614, "ClassFanOutComplexity": 0.009067529430793711, "NumberOfParameters_CK": 0.005471803309954832, "AnonymousInnerClassLength": 2.1158209417991736e-07, "NumberOfModifiers": 0.032985798135027514, "Returns": 0.02391241257451514, "NumberOfParenthesizedExps": 0.0037931125844906373, "MaxNumberOfNestedBlocks": 0.009880720251880692, "LOCMethod_CK": 0.033653846875586424, "NCOMP": 0.015517874453154919, "NPathComplexity": 0.021519694728723306, "MethodLength": 0.0487688990327633, "NumberOfVariables": 0.0158455860184617, "NumberOfUniqueWords": 0.07812567953426908, "FileLength": 0.00936012405760312, "NumberOfPackageMethod": 0.013998473466468793, "IsConstructor": 0.003922771834136047, "NumberOfLogStatements": 0.020521193152359264, "CBO": 0.08035123887319562, "Di": 0.014714044587406274, "NumberOfLambdas": 0.0, "NumberOfAnonymousClasses": 0.0002375712393110702, "ClassDataAbstractionCoupling": 0.006939005391251758, "Fout": 0.005328647675279589, "IOVars": 0.015053057902781561, "NumberOfMethods_Checkstyle": 0.00802772756327411, "NestedTryDepth": 0.0, "NCSSForThisFile": 0.010538011158743381, "NCSSForThisMethod": 0.041743495804522475, "CyclomaticComplexity": 0.017313261351518137, "NumberOfPublicMethods_Checkstyle": 0.005693460526495216, "VG": 0.01729153209255662, "NVAR": 0.033141722402691955, "NOP": 0.007414837534594401, "ThrowsCount": 0.01201821629284402, "MCLC": 0.019447049352204128, "NumberOfMathOperations": 0.008851477103348705, "NumberOfStringLiterals": 0.02958360291372252, "ExecutableStatementCount": 0.04040360991061415, "NumberOfProtectedMethod": 0.0031106496506576125, "NBD": 0.015035252026652552, "NestedForDepth": 0.001194835216813033, "NumberOfLoops": 0.0050837326994084804, "NumberOfAssignments": 0.02571521665050912}