{"Statements": 0.03515780450953421, "MethodLength": 0.05343847277915535, "Fout": 0.002914182089062517, "Calls": 0.03624282065702609, "LOCMethod_CK": 0.03843502717493328, "NumberOfNumbers": 0.030159804401564957, "MaxNumberOfNestedBlocks": 0.010700696274691475, "ClassFanOutComplexity": 0.008570765229476541, "VG": 0.014114289152731474, "NumberOfMethods_Checkstyle": 0.007192271566063517, "NumberOfVariables": 0.029478050067229984, "NCSSForThisClass": 0.011010053443776473, "ClassDataAbstractionCoupling": 0.006889263948212268, "NBD": 0.011134022375154469, "NumberOfAnonymousClasses": 5.196028616506778e-05, "NumberOfLambdas": 0.0, "NCOMP": 0.01285056992128328, "IsConstructor": 0.0013596115005424598, "CBO": 0.05630831319721222, "MCLC": 0.01827396346665127, "CyclomaticComplexity": 0.021778750131664807, "NumberOfProtectedMethod": 0.0007802872232471502, "NumberOfPublicMethods_Checkstyle": 0.007651691866577572, "ExecutableStatementCount": 0.041468712399165004, "NumberOfParameters_CK": 0.007240000286956095, "NOP": 0.005469738712138244, "NCSSForThisFile": 0.008420661078238622, "NestedTryDepth": 0.0, "NumberOfInnerClasses": 0.0, "NumberOfAssignments": 0.041272181087279536, "Complexity": 0.015924343230590967, "NumberOfLogStatements": 0.014780400740079452, "FileLength": 0.008101444174091746, "NPathComplexity": 0.023108951756616824, "IOVars": 0.009391942311120498, "ThrowsCount": 0.008534583026584544, "NestedForDepth": 0.001185975498762408, "NumberOfPackageMethod": 0.00034183836602009435, "NumberOfStringLiterals": 0.049490110532347746, "NVAR": 0.012373840383245948, "RFC": 0.046238142665988476, "NumberOfPrivateMethod": 0.00022959266739123885, "BooleanExpressionComplexity": 0.0067453086053584415, "WMC_CK": 0.01789736748268869, "NumberOfParenthesizedExps": 0.012811075671993582, "NumberOfMathOperations": 0.007691554730305229, "NestedIfElseDepth": 0.00419448594872699, "NumberOfUniqueWords": 0.07971734761786645, "NCSSForThisMethod": 0.039732834742326036, "Ci": 0.009723730707701165, "Di": 0.009650917448093493, "NumberOfComparisons": 0.020483219450970036, "AnonymousInnerClassLength": 0.005056057700204375, "NumberOfLoops": 0.006569856597854294, "Fin": 0.009988492757747474, "Si": 0.0025064996325479473, "NumberOfModifiers": 0.02645040484450715, "Returns": 0.015035839258053895, "Maximum Depth": 0.01752315504045678, "NumberOfTryCatch": 0.00015672158402425763}