{"accuracy_score": 0.9897186147186147, "precision_score": 0.0, "recall_score": 0.0, "f1_score": 0.0, "roc_auc_score": 0.7809846431797651, "pr_auc_score": 0.0075313342889038615}