{"AnonymousInnerClassLength": 0.0, "FileLength": 0.048394241903184934, "MethodLength": 0.9516057580968151}