{"NumberOfModifiers": 0.4083224589893304, "Maximum Depth": 0.06419521002513007, "MaxNumberOfNestedBlocks": 0.4152365860323251, "NumberOfMathOperations": 0.11224574495321443}