;NumberOfModifiers;BuggedMethods;Maximum Depth;MaxNumberOfNestedBlocks;NumberOfMathOperations
count;1572.0;1572;1572.0;1572.0;1572.0
unique;;2;;;
top;;False;;;
freq;;1570;;;
mean;6.035623409669212;;0.9427480916030534;0.13994910941475827;0.11513994910941476
std;63.23403834992779;;1.129672509971938;0.476841931707961;0.7603140449732431
min;0.0;;0.0;0.0;0.0
25%;0.0;;0.0;0.0;0.0
50%;1.0;;0.0;0.0;0.0
75%;1.0;;2.0;0.0;0.0
max;1025.0;;6.0;5.0;15.0
