{"NPM": 0.07608936537087271, "WMC_CK_std": 0.1522428693827755, "WMC_CK_count": 0.13636307547052398, "WMC_CK_75%": 0.0890722025866497, "DIT": 0.03619843541737806, "WMC_CK_min": 0.02359203321442138, "NORM": 0.0, "NMI": 0.0, "WMC_CK_max": 0.11868794538251805, "NOCh": 0.0, "WMC_CK_25%": 0.052631529460449876, "WMC": 0.12743575251292116, "WMC_CK_mean": 0.12378452567463995, "WMC_CK_50%": 0.0639022655268496}