{"accuracy_score": 0.8874172185430463, "precision_score": 0.125, "recall_score": 0.4, "f1_score": 0.19047619047619047, "roc_auc_score": 0.9054794520547945, "pr_auc_score": 0.13954709646900315}