{"MaxNumberOfNestedBlocks": 0.34605794319024086, "Maximum Depth": 0.07780468602727075, "NumberOfMathOperations": 0.23539105519989548, "NumberOfModifiers": 0.34074631558259283}