{"accuracy_score": 0.9957864446842403, "precision_score": 0.0, "recall_score": 0.0, "f1_score": 0.0, "roc_auc_score": 0.6694282001299544, "pr_auc_score": 0.008767528647391434}