{"NumberOfCoupledClasses": 0.045556961296372434, "NumberOfInheritedMethods": 0.0, "NumberPublicMethods": 0.14796152228137427, "NumberOfAncestors": 5.257535536486439e-05, "NumberUserDefinedAttributes": 0.023379106165027207, "NumberOfPrivateAttributes": 0.11638528743460652, "NumberOfSubclasses": 0.0003564573183477095, "NumberOfMethods_Mood": 0.14655330516154474, "NumberOfPolymorphicMethods": 0.13454860783985778, "NumberOfAttributes": 0.11743672775640848, "NumberOfProtectedAttributes": 0.028640887851187728, "Cohesion": 0.17055571767969038, "NumberOfPublicAttributes": 0.06857284386021777}