{"accuracy_score": 0.9341085271317829, "precision_score": 0.38144329896907214, "recall_score": 0.3274336283185841, "f1_score": 0.35238095238095235, "roc_auc_score": 0.7515682903707198, "pr_auc_score": 0.2554662079899518}