{"NumberOfComparisons": 0.011451616090290238, "Maximum Depth": 0.03995868542315248, "ClassDataAbstractionCoupling": 0.007598751876909559, "RFC": 0.06050828424356255, "NumberOfInnerClasses": 0.0, "Di": 0.009157225162887387, "NumberOfAssignments": 0.02800100600657055, "NumberOfParameters_CK": 0.007604447483267795, "NumberOfLoops": 0.006189397601470754, "NumberOfLambdas": 0.01799426272062511, "NPathComplexity": 0.023369015764096317, "NumberOfUniqueWords": 0.10547843220546498, "NumberOfPublicMethods_Checkstyle": 0.008665539735145009, "NCSSForThisMethod": 0.047731644519209096, "BooleanExpressionComplexity": 0.009355325455268628, "NOP": 0.003335801967442084, "NestedIfElseDepth": 0.0007504774330251249, "Fin": 0.006264703371224792, "LOCMethod_CK": 0.048220419033705664, "NumberOfModifiers": 0.024505823878886546, "Fout": 0.004742954454336801, "NumberOfPrivateMethod": 0.003052417469214078, "NestedForDepth": 0.0012432318400818132, "MaxNumberOfNestedBlocks": 0.008298250876627384, "NumberOfMethods_Checkstyle": 0.009339050566527207, "NestedTryDepth": 5.294010339903248e-06, "CyclomaticComplexity": 0.01776251174164703, "NCOMP": 0.015709435428562093, "FileLength": 0.014401186415741745, "MCLC": 0.014238802757369324, "Ci": 0.01044561958206547, "Returns": 0.014187722844396457, "ClassFanOutComplexity": 0.01625670625783965, "NumberOfMathOperations": 0.016849503199916325, "VG": 0.012517137105394961, "NumberOfNumbers": 0.022425813811618123, "NumberOfAnonymousClasses": 0.00403527853555994, "NumberOfLogStatements": 0.00042090995335010607, "NumberOfTryCatch": 0.0003394078944317041, "CBO": 0.06365015025294354, "MethodLength": 0.06864506539820373, "NumberOfVariables": 0.02644594714222931, "NCSSForThisClass": 0.015957899632169096, "NumberOfPackageMethod": 0.0031209408040880223, "NumberOfParenthesizedExps": 0.006359146984401053, "NVAR": 0.0051567466303517545, "AnonymousInnerClassLength": 0.009082183050022022, "NBD": 0.008630013832625934, "IsConstructor": 0.000589872218077519, "WMC_CK": 0.02215506705989968, "ThrowsCount": 0.013237568513329388, "IOVars": 0.0061856196673759556, "NumberOfStringLiterals": 0.04095916916333851, "NCSSForThisFile": 0.011835952075158376, "Si": 0.004969886059378734, "ExecutableStatementCount": 0.040264364896960184, "NumberOfProtectedMethod": 0.0003423119022223428}