{"NumberOfMathOperations": 0.07037977452098736, "MaxNumberOfNestedBlocks": 0.21435778731806573, "NumberOfModifiers": 0.5512688445798031, "Maximum Depth": 0.16399359358114388}