{"accuracy_score": 0.9547991071428571, "precision_score": 0.09090909090909091, "recall_score": 0.004273504273504274, "f1_score": 0.00816326530612245, "roc_auc_score": 0.6466962205001877, "pr_auc_score": 0.07006758104644578}