;NumberOfMathOperations;MaxNumberOfNestedBlocks;NumberOfModifiers;Maximum Depth;BuggedMethods
count;5607.0;5607.0;5607.0;5607.0;5607
unique;;;;;2
top;;;;;False
freq;;;;;4995
mean;0.04155519885856965;0.1100410201533797;1.680577849117175;0.6597110754414125;
std;0.426410826699188;0.4379240853850786;19.50990177779466;1.0527243026342648;
min;0.0;0.0;0.0;0.0;
25%;0.0;0.0;0.0;0.0;
50%;0.0;0.0;1.0;0.0;
75%;0.0;0.0;1.0;2.0;
max;16.0;6.0;1028.0;9.0;
