{"accuracy_score": 0.9151750972762646, "precision_score": 0.43478260869565216, "recall_score": 0.09433962264150944, "f1_score": 0.15503875968992248, "roc_auc_score": 0.7143365820090578, "pr_auc_score": 0.22542658452754388}