{"RFC_max": 0.008267789505763906, "NumberOfLoops_max": 0.0024515280905028094, "NumberOfLogStatements_50%": 0.0, "NumberOfComparisons_mean": 0.004162240622695575, "NumberOfAnonymousClasses_50%": 0.00010884721352279665, "NumberOfLambdas_max": 0.0, "NumberOfLogStatements_75%": 0.0, "NumberOfUniqueWords_max": 0.01548509122854334, "NumberOfVariables_count": 0.01390163307546208, "LOCMethod_CK_mean": 0.0065776201412836785, "NumberOfStringLiterals_std": 0.011762564364573404, "NumberOfLambdas_50%": 0.0, "NumberOfLogStatements_min": 0.0, "NumberOfMathOperations_50%": 0.00015604745446202065, "IsConstructor_top": 5.903577410941026e-05, "MaxNumberOfNestedBlocks_25%": 0.0013957795662984406, "NumberOfNumbers_25%": 0.00033071459096931295, "NumberOfNumbers_count": 0.01616402100875321, "WMC_CK_std": 0.007076529746170444, "NumberOfMathOperations_25%": 0.0001635767331611291, "NumberOfTryCatch_max": 0.003069722697609731, "NumberOfVariables_min": 0.0003836574896717816, "NumberOfNumbers_min": 6.543754165548237e-05, "NumberOfInnerClasses_count": 0.014278444347920685, "NumberOfTryCatch_mean": 0.003929645848515883, "NumberOfAnonymousClasses_max": 0.00012544957271942792, "NumberOfInnerClasses_75%": 0.0, "NumberOfNumbers_50%": 0.0022410174222990734, "NumberOfParameters_CK_25%": 0.005684914608306931, "LOCMethod_CK_50%": 0.008306041360050247, "NumberOfParenthesizedExps_std": 0.003277937307558944, "LOCMethod_CK_count": 0.01568057628407, "NumberOfParenthesizedExps_max": 0.002107906480056236, "NumberOfNumbers_max": 0.006601951994458524, "MaxNumberOfNestedBlocks_count": 0.013689621814100564, "NumberOfLoops_std": 0.005131510973017263, "WMC_CK_25%": 0.0025280919834509805, "NumberOfAssignments_50%": 0.00506651337701836, "CBO_max": 0.027066078506803565, "RFC_min": 0.0024101656679467003, "Returns_count": 0.012756882662672945, "WMC_CK_mean": 0.006993818693431591, "NumberOfAnonymousClasses_mean": 0.0001248298084554858, "NumberOfUniqueWords_mean": 0.007697622207028813, "NumberOfModifiers_min": 0.002132249386938796, "NumberOfParameters_CK_max": 0.004192688090343631, "NumberOfLoops_min": 5.804025967960395e-05, "NumberOfTryCatch_50%": 0.001583591828658247, "NumberOfParenthesizedExps_50%": 0.0001894993297886463, "WMC_CK_max": 0.007491198817070395, "MaxNumberOfNestedBlocks_75%": 0.005444934677814698, "MaxNumberOfNestedBlocks_min": 0.00022624373202281787, "NumberOfParameters_CK_75%": 0.007196956944998306, "NumberOfInnerClasses_mean": 0.0, "NumberOfMathOperations_count": 0.018637006208660233, "NumberOfUniqueWords_25%": 0.009151905240461604, "LOCMethod_CK_std": 0.01098548318411235, "NumberOfAnonymousClasses_75%": 0.0, "NumberOfVariables_mean": 0.009888848110211646, "NumberOfModifiers_50%": 0.002302195845222901, "NumberOfLambdas_mean": 0.0, "NumberOfInnerClasses_50%": 0.0, "CBO_count": 0.011645383240075743, "RFC_75%": 0.005894125206379589, "NumberOfAssignments_mean": 0.006621673347992156, "MaxNumberOfNestedBlocks_max": 0.004416292938463214, "NumberOfInnerClasses_max": 0.0, "Returns_75%": 0.002636902413512886, "NumberOfStringLiterals_50%": 0.0008087809797499216, "NumberOfParameters_CK_count": 0.014470670517546295, "NumberOfParameters_CK_mean": 0.008549469226899125, "RFC_50%": 0.00426846567739258, "CBO_75%": 0.01297178702031398, "CBO_mean": 0.01648168874048173, "NumberOfStringLiterals_mean": 0.008389869027448017, "Returns_min": 0.0010208751899464974, "NumberOfStringLiterals_75%": 0.003990065256156396, "NumberOfAnonymousClasses_count": 0.01187062906433574, "NumberOfMathOperations_std": 0.006287517959492037, "NumberOfAssignments_max": 0.009809513517545042, "WMC_CK_min": 0.00035122441319503686, "NumberOfLambdas_75%": 0.0, "MaxNumberOfNestedBlocks_std": 0.00930615038476254, "IsConstructor_freq": 0.01401600083989771, "NumberOfUniqueWords_75%": 0.011129940152828244, "NumberOfParenthesizedExps_25%": 4.706152128253531e-05, "NumberOfModifiers_25%": 0.004397904159019485, "NumberOfLambdas_25%": 0.0, "IsConstructor_unique": 0.002581602439105288, "NumberOfModifiers_count": 0.014996883475431388, "Returns_mean": 0.003824185207164107, "RFC_std": 0.00966143086943551, "NumberOfUniqueWords_min": 0.006940566202220799, "NumberOfParameters_CK_std": 0.015207422992902762, "MaxNumberOfNestedBlocks_mean": 0.01046334233564653, "MaxNumberOfNestedBlocks_50%": 0.005984683672942491, "Returns_std": 0.010251580204732992, "NumberOfMathOperations_mean": 0.006087379643837162, "NumberOfTryCatch_75%": 0.002287665574286568, "NumberOfLoops_mean": 0.004304428378356872, "CBO_50%": 0.0056435280245511164, "NumberOfVariables_25%": 0.00204973759000596, "NumberOfUniqueWords_count": 0.009858251433335841, "IsConstructor_count": 0.013193568459425906, "NumberOfVariables_max": 0.004592429796542024, "NumberOfComparisons_75%": 0.0019311843548596751, "WMC_CK_75%": 0.0036348397369141095, "NumberOfModifiers_mean": 0.013081125370952086, "NumberOfModifiers_std": 0.006522371330432709, "NumberOfModifiers_max": 0.0068599459353468565, "NumberOfTryCatch_25%": 0.0028755621523915446, "NumberOfParenthesizedExps_count": 0.012112876689269626, "NumberOfTryCatch_std": 0.009259977911623916, "NumberOfMathOperations_min": 0.00022433549422990682, "NumberOfLoops_75%": 0.0018145630666369047, "NumberOfLambdas_std": 0.0, "NumberOfAssignments_25%": 0.002752635263701244, "Returns_max": 0.006717387626269596, "WMC_CK_50%": 0.002482276902144637, "NumberOfParameters_CK_50%": 0.006620719825230907, "NumberOfParenthesizedExps_min": 8.220257088157527e-05, "NumberOfAnonymousClasses_min": 0.0, "NumberOfVariables_50%": 0.0031984073065768463, "NumberOfLoops_25%": 0.00012928208267537893, "NumberOfLambdas_count": 0.01465237237538104, "NumberOfLoops_count": 0.013723829705206306, "LOCMethod_CK_75%": 0.006734959550094744, "NumberOfInnerClasses_25%": 0.0, "NumberOfComparisons_50%": 0.0003624712105341379, "NumberOfModifiers_75%": 0.003967894221756223, "NumberOfUniqueWords_std": 0.01412060100973688, "Returns_50%": 0.0008921798024756145, "NumberOfStringLiterals_max": 0.01079542951991717, "NumberOfComparisons_min": 8.473922840930689e-05, "NumberOfLambdas_min": 0.0, "NumberOfLogStatements_std": 0.0, "NumberOfParameters_CK_min": 0.00015266720802797808, "NumberOfNumbers_75%": 0.0033541606026255438, "NumberOfComparisons_count": 0.014030013205210322, "NumberOfTryCatch_count": 0.016613251972651833, "NumberOfTryCatch_min": 0.0, "NumberOfComparisons_max": 0.0031261849140006358, "Returns_25%": 0.0010259608227394651, "NumberOfAssignments_count": 0.013067421324371066, "NumberOfNumbers_mean": 0.007661262430368151, "NumberOfAnonymousClasses_std": 9.435075779454793e-05, "NumberOfParenthesizedExps_75%": 0.0007276083293204026, "NumberOfStringLiterals_count": 0.015190697338611739, "NumberOfMathOperations_max": 0.004995631929526643, "NumberOfLogStatements_max": 0.0, "CBO_25%": 0.005228122851451649, "LOCMethod_CK_25%": 0.0040722158951447774, "NumberOfInnerClasses_std": 0.0, "RFC_count": 0.012563685843529081, "LOCMethod_CK_min": 0.002251676226023303, "NumberOfAssignments_75%": 0.010155199146307109, "NumberOfComparisons_25%": 0.0002489770438917952, "CBO_min": 0.003758570503231073, "NumberOfLogStatements_25%": 0.0, "NumberOfLogStatements_mean": 0.0, "NumberOfLogStatements_count": 0.015523181145733264, "NumberOfLoops_50%": 0.0008065575425519426, "NumberOfUniqueWords_50%": 0.00621844671645605, "NumberOfMathOperations_75%": 0.001811113206971916, "NumberOfStringLiterals_min": 1.931277964205815e-05, "RFC_mean": 0.006885163909375955, "NumberOfStringLiterals_25%": 0.001736718375373113, "NumberOfAssignments_std": 0.010911694059151858, "LOCMethod_CK_max": 0.009017094916173826, "NumberOfNumbers_std": 0.011076667645913677, "NumberOfParenthesizedExps_mean": 0.002935933048513496, "CBO_std": 0.02047105792857041, "NumberOfAnonymousClasses_25%": 0.0, "NumberOfInnerClasses_min": 0.0, "NumberOfVariables_std": 0.006946690758445807, "NumberOfComparisons_std": 0.003027730647207431, "WMC_CK_count": 0.011748833856233935, "NumberOfVariables_75%": 0.005590908151632147, "RFC_25%": 0.006556637823873103,