{"accuracy_score": 0.9212328767123288, "precision_score": 0.4444444444444444, "recall_score": 0.18181818181818182, "f1_score": 0.2580645161290322, "roc_auc_score": 0.6248316498316497, "pr_auc_score": 0.28327658945579365}