{"MHF": 0.6520976981274859, "AHF": 0.04982084460644712, "AIF": 0.0, "MIF": 0.0, "Aa": 0.29808145726606716}