{"accuracy_score": 0.914396887159533, "precision_score": 0.35714285714285715, "recall_score": 0.04716981132075472, "f1_score": 0.08333333333333334, "roc_auc_score": 0.48476483108486557, "pr_auc_score": 0.11075624489530608}