;Bugged;MHF;AHF;AIF;MIF;Aa
count;1280;1280.0;1280.0;1280.0;1280.0;1280.0
unique;2;;;;;
top;False;;;;;
freq;1241;;;;;
mean;;0.5659724025195312;0.06783299646796875;0.0;0.0;2.16953125
std;;0.44239871370752526;0.22460259666208807;0.0;0.0;5.286492125998185
min;;0.0;0.0;0.0;0.0;0.0
25%;;0.0;0.0;0.0;0.0;0.0
50%;;0.75;0.0;0.0;0.0;0.0
75%;;1.0;0.0;0.0;0.0;2.0
max;;1.0;1.0;0.0;0.0;88.0
