{"NPathComplexity": 0.1022163990983282, "BooleanExpressionComplexity": 0.106330433675618, "NestedIfElseDepth": 0.04213179614607386, "NumberOfProtectedMethod": 0.0015548021809138328, "ExecutableStatementCount": 0.1446154231337494, "ThrowsCount": 0.00592542825187825, "NCSSForThisFile": 0.026914018525136318, "NCSSForThisMethod": 0.15735598068235324, "AnonymousInnerClassLength": 0.0059869122234809885, "CyclomaticComplexity": 0.0839194679314285, "NCSSForThisClass": 0.021861576827979217, "ClassDataAbstractionCoupling": 0.011302077844230138, "NestedForDepth": 0.0006315722792361066, "FileLength": 0.028607441915633147, "ClassFanOutComplexity": 0.013651193919039817, "NestedTryDepth": 6.572151160211027e-07, "NumberOfMethods_Checkstyle": 0.02082644319964537, "NumberOfPrivateMethod": 0.00836617873110514, "NumberOfPackageMethod": 0.00024814731930093497, "NumberOfPublicMethods_Checkstyle": 0.017771344805012582, "MethodLength": 0.19978270409474105}