{"blamemerge_blamegetVocabulary_std": 0.026486565612923608, "FileLength_mean": 0.012946339550869887, "blame_merge_blame_getDifficulty_std": 0.0, "MethodLength_75%": 0.010439128825299824, "FileLength_25%": 0.0002476366731614893, "blamemerge_blamegetEffort_mean": 0.026104891649710006, "blame_merge_blame_getLength_max": 0.0, "AnonymousInnerClassLength_max": 0.003352512842266777, "AnonymousInnerClassLength_mean": 0.004028808688245433, "AnonymousInnerClassLength_75%": 0.0014210865253642896, "AnonymousInnerClassLength_std": 0.0041204214587549515, "AnonymousInnerClassLength_count": 0.017387789344684115, "TotalNumberOfOperators": 0.029850863490227492, "blame_merge_blame_getVolume_count": 0.0, "blamemerge_blamegetLength_std": 0.027825063478051977, "blamemerge_blamegetDifficulty_std": 0.02063201453538622, "blame_merge_blame_getDifficulty_min": 0.0, "blame_merge_blame_getVolume_min": 0.0, "blame_merge_blame_getVocabulary_mean": 0.0, "blame_merge_blame_getVolume_max": 0.0, "AnonymousInnerClassLength_25%": 2.6169638159573443e-05, "NumberOfDistinctOperators": 0.020977381295918827, "Length": 0.027254723378696666, "blamemerge_blamegetDifficulty_mean": 0.02894604364673817, "blame_merge_blame_getLength_min": 0.0, "blame_merge_blame_getEffort_min": 0.0, "Vocabulary": 0.029498644815467143, "blame_merge_blame_getDifficulty_max": 0.0, "MethodLength_count": 0.01686066230326533, "blamemerge_blamegetVocabulary_max": 0.01165976255419913, "blame_merge_blame_getEffort_mean": 0.0, "blame_merge_blame_getVolume_std": 0.0, "AnonymousInnerClassLength_50%": 2.7859873351398354e-07, "blamemerge_blamegetVolume_count": 0.038687153611327164, "blame_merge_blame_getEffort_count": 0.0, "blame_merge_blame_getLength_std": 0.0, "blame_merge_blame_getDifficulty_mean": 0.0, "blamemerge_blamegetVolume_max": 0.026186620971242188, "AnonymousInnerClassLength_min": 0.0, "MethodLength_mean": 0.01157555346360975, "TotalNumberOfOperands": 0.025889704671923346, "blamemerge_blamegetEffort_std": 0.02097973418967559, "blamemerge_blamegetVolume_std": 0.025122121239667027, "blamemerge_blamegetVocabulary_count": 0.0395818276926186, "FileLength_75%": 0.004163027261323561, "blame_merge_blame_getEffort_max": 0.0, "Effort": 0.02650234025891836, "blame_merge_blame_getLength_count": 0.0, "FileLength_50%": 0.00045683436195355034, "blame_merge_blame_getEffort_std": 0.0, "blamemerge_blamegetVocabulary_mean": 0.02939776768241953, "Volume": 0.026891670928718695, "blamemerge_blamegetDifficulty_count": 0.04316345783246194, "blame_merge_blame_getVocabulary_min": 0.0, "blame_merge_blame_getVolume_mean": 0.0, "NumberOfDistinctOperands": 0.029409906396615244, "blame_merge_blame_getLength_mean": 0.0, "blamemerge_blamegetLength_mean": 0.027938742637124443, "Difficulty": 0.023392264885577177, "blamemerge_blamegetLength_count": 0.039075693577035935, "MethodLength_std": 0.011020929658467751, "MethodLength_25%": 0.011125984543478814, "FileLength_min": 9.257455492814441e-05, "blamemerge_blamegetEffort_count": 0.03745106967408711, "blamemerge_blamegetVolume_mean": 0.025311840926894646, "MethodLength_50%": 0.012212834761390345, "MethodLength_min": 0.00816435634456816, "blame_merge_blame_getDifficulty_count": 0.0, "FileLength_count": 0.01642206710072836, "FileLength_max": 0.01882557207701724, "blame_merge_blame_getVocabulary_std": 0.0, "MethodLength_max": 0.010700244025525057, "blamemerge_blamegetEffort_max": 0.021782781648958978, "FileLength_std": 0.01758521721513345, "blame_merge_blame_getVocabulary_count": 0.0, "blamemerge_blamegetDifficulty_max": 0.03126907048345428, "blame_merge_blame_getVocabulary_max": 0.0, "blamemerge_blamegetLength_max": 0.01955424641703121}