{"accuracy_score": 0.9665322580645161, "precision_score": 0.16666666666666666, "recall_score": 0.04225352112676056, "f1_score": 0.06741573033707865, "roc_auc_score": 0.6469781745683734, "pr_auc_score": 0.06563073612260577}