{"accuracy_score": 0.9436383928571429, "precision_score": 0.05194805194805195, "recall_score": 0.017094017094017096, "f1_score": 0.02572347266881029, "roc_auc_score": 0.6497629709415007, "pr_auc_score": 0.05834939971388938}