{"VG_min": 8.481161294679849e-05, "blame_merge_blame_getDistinctOperatorsCnt_min": 0.0, "Fin_std": 0.0018113665020139905, "NBD_75%": 0.0010680926561182236, "blame_merge_blame_getDistinctOperandsCnt_std": 0.0, "Ci_max": 0.0031181315231390465, "Di_std": 0.004466538718085563, "NOP_75%": 0.0023398289805905627, "Si_75%": 0.0005479850793375688, "Ci_75%": 0.0026625170632304336, "NBD_std": 0.018889999609531666, "NOP_min": 0.0004484039917156598, "blame_merge_blame_getDistinctOperatorsCnt_count": 0.0, "Fin_count": 0.012176520559119632, "MCLC_std": 0.00925131109806241, "Fout_75%": 0.0007664340672497938, "IOVars_75%": 0.0025371324977248675, "blame_merge_blame_getDifficulty_std": 0.0, "blamemerge_blamegetDifficulty_max": 0.0382207399952367, "IOVars_mean": 0.007472330927312531, "VG_75%": 0.00353240740375048, "Fin_75%": 0.0007607459199215608, "Si_50%": 0.00013543483135569469, "NOP_max": 0.0022303688581915677, "NVAR_max": 0.011136171227905181, "blamemerge_blamegetDifficulty_mean": 0.054266648610731924, "Ci_std": 0.004317917582015321, "NBD_count": 0.014481741227606476, "NOP_count": 0.01174284436067861, "Fin_min": 0.0, "NOP_mean": 0.004978584367098929, "MCLC_25%": 0.0010627106882861454, "VG_std": 0.010273465942406442, "blame_merge_blame_getDifficulty_max": 0.0, "IOVars_std": 0.005701482232549567, "Si_std": 0.002604489238616681, "NCOMP_min": 0.0, "Fin_50%": 6.0051948051948e-05, "NOPa": 0.0, "Di_75%": 0.0034097754277750726, "blame_merge_blame_getDistinctOperandsCnt_min": 0.0, "Di_count": 0.013531830737244928, "blamemerge_blamegetDistinctOperandsCnt_count": 0.04378547421973229, "Di_mean": 0.005986475743797837, "Ci_50%": 0.005305194393377361, "Ci_min": 0.0024370023792103838, "Fout_max": 0.002389682700499499, "blamemerge_blamegetDistinctOperandsCnt_std": 0.027669841709934223, "MCLC_count": 0.015422378685711753, "VG_25%": 0.000276123145677247, "MCLC_75%": 0.001534617769390793, "Fout_count": 0.013892451822203717, "Si_count": 0.01319982171689015, "IOVars_25%": 0.0023185410107434924, "VG_max": 0.01216474819686281, "Fout_mean": 0.0038517677963862376, "blamemerge_blamegetDistinctOperandsCnt_mean": 0.038426902854444514, "blamemerge_blamegetDistinctOperatorsCnt_max": 0.014366484524075495, "Fout_25%": 0.0, "NumberOfDistinctOperands": 0.05284768412690756, "NVAR_50%": 0.0008749762269175862, "blame_merge_blame_getDistinctOperatorsCnt_mean": 0.0, "blamemerge_blamegetDifficulty_count": 0.04457843479991903, "blame_merge_blame_getDistinctOperatorsCnt_max": 0.0, "blamemerge_blamegetDistinctOperatorsCnt_count": 0.04788756275913955, "blame_merge_blame_getDifficulty_mean": 0.0, "NBD_mean": 0.004233979666567098, "blamemerge_blamegetDistinctOperatorsCnt_std": 0.019803824787598814, "blame_merge_blame_getDistinctOperandsCnt_mean": 0.0, "VG_mean": 0.006148981425775795, "blamemerge_blamegetDistinctOperatorsCnt_mean": 0.05206757292856512, "Si_min": 0.0, "MCLC_50%": 0.0015572486776496135, "NVAR_75%": 0.0017993042196942062, "Ci_count": 0.014446274374081323, "NBD_min": 0.0002291827074912413, "Di_min": 0.0014084089036083321, "NCOMP_mean": 0.003289045691013751, "VG_count": 0.012360798169113237, "Difficulty": 0.02422628750747146, "blame_merge_blame_getDistinctOperatorsCnt_std": 0.0, "NOP_std": 0.003762384602117145, "Fin_mean": 0.00463673597836432, "IOVars_min": 0.0013296015416062673, "MCLC_mean": 0.00348461612273445, "Di_max": 0.00313672375728244, "blame_merge_blame_getDistinctOperandsCnt_max": 0.0, "MCLC_min": 0.0, "NOP_25%": 0.003746323957738822, "Fin_max": 0.0028289872281891913, "Fout_std": 0.0018055203125134842, "blamemerge_blamegetDistinctOperandsCnt_max": 0.01895593233525738, "NVAR_25%": 5.2311333890281256e-05, "Fin_25%": 0.0, "NCOMP_50%": 0.001258321717062859, "Fout_50%": 0.00022666439974724795, "IOVars_max": 0.0014838998428111528, "NOP_50%": 0.003979381724741999, "Si_mean": 0.0036481206069282073, "Si_max": 0.0026944918979263373, "blamemerge_blamegetDifficulty_std": 0.02351706503517241, "NBD_25%": 0.0005245932174138378, "blame_merge_blame_getDifficulty_min": 0.0, "Di_25%": 0.0018781713860514778, "NVAR_std": 0.014978895498063733, "Ci_mean": 0.0085993599806231, "IOVars_count": 0.011301289652072348, "NCOMP_75%": 0.00274633339875898, "Si_25%": 0.0, "NBD_50%": 0.0015863192932402263, "IOVars_50%": 0.00417245970708228, "NumberOfDistinctOperators": 0.03153304119843048, "NBD_max": 0.015344167985652355, "NVAR_mean": 0.0031097490262905984, "NCOMP_count": 0.01230012834079403, "VG_50%": 0.00119628823661336, "Fout_min": 0.0, "NVAR_count": 0.013831941082996676, "MCLC_max": 0.004813370564508096, "NVAR_min": 4.92933723196881e-05, "ClTCi": 0.02655899735778588, "blame_merge_blame_getDifficulty_count": 0.0, "Di_50%": 0.0033832366619202608, "blame_merge_blame_getDistinctOperandsCnt_count": 0.0, "ClRCi": 0.005690132772410215, "NCOMP_max": 0.005240937688233938, "NCOMP_std": 0.0067947273059253185, "Ci_25%": 0.0022222997583785783, "NCOMP_25%": 0.0007212929942969599}