{"NumberOfComparisons": 0.012038514456766222, "NCSSForThisClass": 0.008527296976259752, "BooleanExpressionComplexity": 0.019950781819523544, "NumberOfPrivateMethod": 0.01178075907836699, "NumberOfInnerClasses": 0.0, "NestedIfElseDepth": 0.02049238545473197, "Si": 0.0032312180812122484, "NumberOfTryCatch": 0.0007638660710032331, "Fin": 0.015485499285765892, "WMC_CK": 0.012941371208796553, "RFC": 0.09799112387827376, "Ci": 0.015008570166310575, "NumberOfNumbers": 0.00979776768712195, "ClassFanOutComplexity": 0.006118564025057904, "NumberOfParameters_CK": 0.004810411491880116, "AnonymousInnerClassLength": 0.00022368230433988668, "NumberOfModifiers": 0.03134887460844867, "NumberOfParenthesizedExps": 0.0031084807089924514, "Returns": 0.021194150237385218, "MaxNumberOfNestedBlocks": 0.009225602365749657, "LOCMethod_CK": 0.031558262602397406, "NCOMP": 0.012997963417173653, "NPathComplexity": 0.022431705239226822, "MethodLength": 0.04562273048398083, "NumberOfVariables": 0.016127481475729982, "NumberOfUniqueWords": 0.07696883324332647, "FileLength": 0.008432239944007677, "Complexity": 0.004260204955848059, "Maximum Depth": 0.004605495734142696, "NumberOfPackageMethod": 0.014608306008509373, "IsConstructor": 0.00277654873882157, "NumberOfLogStatements": 0.01853543932266684, "CBO": 0.07394237374213035, "Di": 0.014590472803975029, "NumberOfLambdas": 0.00015571626295454708, "Statements": 0.011990777850253924, "NumberOfAnonymousClasses": 4.5049988927665725e-05, "ClassDataAbstractionCoupling": 0.004860062909220099, "Fout": 0.004681812808783768, "IOVars": 0.015833736344834842, "NumberOfMethods_Checkstyle": 0.008825897111907318, "NestedTryDepth": 0.0001506044357767164, "NCSSForThisFile": 0.007822207645136263, "Calls": 0.011755028750810371, "NCSSForThisMethod": 0.037945874044408794, "CyclomaticComplexity": 0.017268930790919547, "NumberOfPublicMethods_Checkstyle": 0.005093344284092635, "VG": 0.018269455112027447, "NVAR": 0.03168143821490766, "NOP": 0.006010239357295807, "ThrowsCount": 0.010474307747165257, "MCLC": 0.02324065095477152, "NumberOfMathOperations": 0.008290495740881578, "NumberOfStringLiterals": 0.031727453630372576, "ExecutableStatementCount": 0.039460712274381235, "NumberOfProtectedMethod": 0.0027375871442820564, "NBD": 0.014996911324137193, "NestedForDepth": 0.0015954985492799732, "NumberOfLoops": 0.006008734514057544, "NumberOfAssignments": 0.027580494590490234}