{"LOCMethod_CK": 0.09425032703931041, "NumberOfNumbers": 0.05315939968368731, "MaxNumberOfNestedBlocks": 0.032609096961908786, "NumberOfVariables": 0.05283995128336933, "NumberOfAnonymousClasses": 4.964825799617439e-05, "NumberOfLambdas": 0.0, "CBO": 0.09083198822776584, "NumberOfParameters_CK": 0.02750379909839578, "NumberOfInnerClasses": 0.0, "NumberOfAssignments": 0.0684259590266921, "NumberOfLogStatements": 0.022899847332774753, "NumberOfStringLiterals": 0.07265285158156014, "RFC": 0.08096776165939029, "NumberOfMathOperations": 0.01560336980894534, "WMC_CK": 0.04918889070620834, "NumberOfParenthesizedExps": 0.023668669939901875, "NumberOfUniqueWords": 0.1616894294625015, "NumberOfComparisons": 0.04129356209887093, "NumberOfLoops": 0.016977300841980025, "NumberOfModifiers": 0.050917571264462315, "Returns": 0.039426813154138395, "IsConstructor": 0.004684468937509332, "NumberOfTryCatch": 0.00035929363263108093}