{"accuracy_score": 0.9883658008658008, "precision_score": 0.0, "recall_score": 0.0, "f1_score": 0.0, "roc_auc_score": 0.7715898825654923, "pr_auc_score": 0.007518683619982638}