{"NumberOfParameters_CK": 0.035398749105813095, "RFC": 0.08458490321304889, "NumberOfStringLiterals": 0.05927710532553727, "NumberOfUniqueWords": 0.18255954718917758, "Returns": 0.02177870657633995, "MaxNumberOfNestedBlocks": 0.026713066235908755, "CBO": 0.06567209133039366, "NumberOfLambdas": 0.0, "NumberOfMathOperations": 0.032469704688043735, "NumberOfComparisons": 0.017810828667674392, "NumberOfAssignments": 0.05341237953257185, "IsConstructor": 0.0078023223145674446, "NumberOfParenthesizedExps": 0.010001260324320652, "NumberOfVariables": 0.032012253259766706, "NumberOfTryCatch": 0.041889698938689136, "NumberOfNumbers": 0.0650488673488749, "WMC_CK": 0.040942237380890624, "LOCMethod_CK": 0.08533151697160685, "NumberOfLogStatements": 0.03360938403382268, "NumberOfLoops": 0.027802082863151598, "NumberOfInnerClasses": 0.0, "NumberOfModifiers": 0.07561126305703555, "NumberOfAnonymousClasses": 0.0002720316427644711}