{"accuracy_score": 0.9705215419501134, "precision_score": 0.0, "recall_score": 0.0, "f1_score": 0.0, "roc_auc_score": 0.619762458698354, "pr_auc_score": 0.036002173397236485}