{"WMC": 0.19710596628371646, "NOCh": 0.0, "WMC_CK_count": 0.1933767094607997, "WMC_CK_min": 0.009882052379402905, "DIT": 0.018034471776290882, "WMC_CK_25%": 0.019900156135019227, "NPM": 0.08241403471503349, "NORM": 0.0, "WMC_CK_std": 0.14924390311962746, "WMC_CK_50%": 0.03062931815230691, "WMC_CK_mean": 0.1346549185721943, "NMI": 0.0, "WMC_CK_max": 0.09798507577173415, "WMC_CK_75%": 0.06677339363387465}