{"accuracy_score": 0.9794952681388013, "precision_score": 0.0625, "recall_score": 0.04, "f1_score": 0.048780487804878044, "roc_auc_score": 0.7716995205114544, "pr_auc_score": 0.03834197076755584}