{"NOCh": 0.0, "WMC_CK_25%": 0.005911223528718224, "DIT": 0.034740171064551656, "WMC_CK_mean": 0.15695234926508636, "WMC_CK_min": 0.002156107012452555, "WMC_CK_max": 0.11058102817550486, "NORM": 0.0, "WMC_CK_75%": 0.13501279506017683, "NPM": 0.09763752713609533, "NMI": 0.0, "WMC": 0.11566459960947524, "WMC_CK_count": 0.14224644936477762, "WMC_CK_std": 0.18538248057766402, "WMC_CK_50%": 0.013715269205497092}