{"VG": 0.010724056799155494, "NumberOfAssignments": 0.04402143310640792, "Fout": 0.002354536127161792, "WMC_CK": 0.01852931971551863, "NumberOfParenthesizedExps": 0.007352827381618232, "NumberOfMathOperations": 0.004700429724768539, "NumberOfStringLiterals": 0.06156965100897351, "MethodLength": 0.09919172918053451, "NCOMP": 0.0039371984299684136, "NumberOfTryCatch": 0.001005506307053922, "LOCMethod_CK": 0.08572561083207555, "IsConstructor": 0.0006537879969763226, "Di": 0.007127031065271531, "IOVars": 0.005049529520807875, "Ci": 0.007623688791688682, "NumberOfVariables": 0.04610488686976829, "MCLC": 0.0052603104070291316, "NBD": 0.011240514405521087, "NumberOfNumbers": 0.06832155680725865, "Fin": 0.0023189649194077073, "Maximum Depth": 0.021088200643567145, "NumberOfLambdas": 2.0414416909205645e-07, "NumberOfAnonymousClasses": 8.16454902830034e-06, "MaxNumberOfNestedBlocks": 0.008893866145564807, "RFC": 0.10545669174078308, "Returns": 0.008605779831099862, "Si": 0.002428527452256337, "NVAR": 0.003251324442580427, "NumberOfLoops": 0.007047407098622034, "FileLength": 0.04258735540724935, "NumberOfModifiers": 0.013097792855290993, "CBO": 0.15025541830733072, "NumberOfParameters_CK": 0.00355003708045653, "NumberOfUniqueWords": 0.13367322282632846, "NumberOfLogStatements": 0.0, "NOP": 0.002051975938133718, "AnonymousInnerClassLength": 0.00024750067436230704, "NumberOfComparisons": 0.00494396146621107, "NumberOfInnerClasses": 0.0}