{"accuracy_score": 0.9906023067065357, "precision_score": 0.0, "recall_score": 0.0, "f1_score": 0.0, "roc_auc_score": 0.6998142989786444, "pr_auc_score": 0.0047737739563511366}