{"AnonymousInnerClassLength": 0.10860876924612428, "FileLength": 0.1993282929034048, "MethodLength": 0.6920629378504709}