{"accuracy_score": 0.9603241600540267, "precision_score": 0.0, "recall_score": 0.0, "f1_score": 0.0, "roc_auc_score": 0.7532935511295421, "pr_auc_score": 0.04921194753816569}