;BuggedMethods;AnonymousInnerClassLength;FileLength;MethodLength
count;5682;5682.0;5682.0;5682.0
unique;2;;;
top;False;;;
freq;5424;;;
mean;;0.09873284054910243;11.67757831749384;5.276311158042943
std;;1.7765320114644096;91.36427620788834;10.21044358270413
min;;0.0;0.0;0.0
25%;;0.0;0.0;0.0
50%;;0.0;0.0;3.0
75%;;0.0;0.0;4.0
max;;107.0;3780.0;188.0
