{"MHF": 0.6307719124051988, "MIF": 0.0, "AHF": 0.07568748093728203, "Aa": 0.29354060665751924, "AIF": 0.0}