{"accuracy_score": 0.9416096791162546, "precision_score": 0.4444444444444444, "recall_score": 0.03636363636363636, "f1_score": 0.06722689075630252, "roc_auc_score": 0.6735444901274047, "pr_auc_score": 0.14855405715455106}