;MHF;MIF;AHF;Bugged;Aa;AIF
count;1896.0;1896.0;1896.0;1896;1896.0;1896.0
unique;;;;2;;
top;;;;False;;
freq;;;;1859;;
mean;0.4690413913243671;0.0;0.042301811381329116;;1.9498945147679325;0.0
std;0.447531116135119;0.0;0.170515573345835;;4.670473129146631;0.0
min;0.0;0.0;0.0;;0.0;0.0
25%;0.0;0.0;0.0;;0.0;0.0
50%;0.5;0.0;0.0;;0.0;0.0
75%;1.0;0.0;0.0;;2.0;0.0
max;1.0;0.0;1.0;;77.0;0.0
