{"NumberOfLogStatements_min": 4.206192853127585e-05, "NumberOfInnerClasses_max": 4.6928208517812644e-05, "MaxNumberOfNestedBlocks_mean": 0.006339090333098665, "LOCMethod_CK_25%": 0.007402472254937071, "NumberOfParameters_CK_std": 0.020281217729441546, "NumberOfParameters_CK_50%": 0.005906641119507116, "Returns_min": 0.0031061428557273545, "NumberOfParameters_CK_min": 0.004979878141173354, "NumberOfTryCatch_max": 0.002086040215682161, "NumberOfStringLiterals_25%": 0.007752410544721705, "NumberOfInnerClasses_75%": 0.0, "NumberOfParameters_CK_75%": 0.015400700482809377, "NumberOfAnonymousClasses_min": 0.0, "NumberOfParenthesizedExps_75%": 0.0015281536602982215, "MaxNumberOfNestedBlocks_min": 0.00030966645247740645, "LOCMethod_CK_50%": 0.006527673220749749, "NumberOfAnonymousClasses_std": 0.0002914110762832317, "LOCMethod_CK_count": 0.0064371067378600905, "MaxNumberOfNestedBlocks_75%": 0.0034152685728847053, "NumberOfVariables_max": 0.012066359052872913, "CBO_25%": 0.007603226852263351, "NumberOfInnerClasses_std": 2.8688817658138046e-05, "NumberOfVariables_mean": 0.008966811371601883, "IsConstructor_count": 0.007085862118733234, "NumberOfLogStatements_75%": 0.0002543468152188857, "RFC_std": 0.014332636384744565, "NumberOfComparisons_max": 0.006348616807118452, "NumberOfLambdas_75%": 0.0, "NumberOfUniqueWords_min": 0.007586099038696132, "NumberOfModifiers_count": 0.007271847089271857, "NumberOfComparisons_50%": 0.001987683204144802, "NumberOfParenthesizedExps_max": 0.0031198285679376312, "NumberOfNumbers_mean": 0.008566294691305888, "NumberOfTryCatch_75%": 0.0019094803335076439, "NumberOfParenthesizedExps_mean": 0.00393261174264346, "NumberOfNumbers_std": 0.009285764875190797, "NumberOfModifiers_25%": 0.001982305963178567, "NumberOfAssignments_mean": 0.01158292402633677, "NumberOfAnonymousClasses_25%": 1.3958344782106942e-05, "NumberOfModifiers_min": 0.003250596946666696, "NumberOfParenthesizedExps_min": 0.0006140253829302689, "MaxNumberOfNestedBlocks_50%": 0.00247748057330321, "NumberOfVariables_50%": 0.004255674577826997, "NumberOfLambdas_25%": 0.0, "NumberOfMathOperations_75%": 0.001817568834906571, "NumberOfNumbers_25%": 0.004479551642423826, "NumberOfComparisons_std": 0.005376056702325931, "NumberOfUniqueWords_count": 0.005111561102779431, "LOCMethod_CK_min": 0.00419176213695937, "NumberOfAssignments_50%": 0.008007871127268073, "NumberOfParameters_CK_mean": 0.011047770012227249, "NumberOfMathOperations_count": 0.006781167036854466, "NumberOfParenthesizedExps_25%": 0.0013034730165144637, "NumberOfLogStatements_std": 0.0006504586307631166, "MaxNumberOfNestedBlocks_std": 0.007356549439587747, "NumberOfLoops_std": 0.005606844166933145, "CBO_std": 0.01295671785954604, "NumberOfParameters_CK_count": 0.006276814894297109, "NumberOfLoops_50%": 0.0004812266056221606, "NumberOfStringLiterals_count": 0.00637933858986064, "NumberOfComparisons_min": 0.0010994247390384414, "Returns_mean": 0.01595431195165929, "NumberOfLogStatements_mean": 0.0007452691018261603, "NumberOfInnerClasses_25%": 0.0, "NumberOfTryCatch_std": 0.005231797485654198, "NumberOfStringLiterals_50%": 0.007994663748624434, "CBO_max": 0.009138478061066815, "NumberOfParameters_CK_25%": 0.006925191072743464, "NumberOfVariables_count": 0.005851733980573524, "NumberOfNumbers_min": 0.002568595341095714, "NumberOfLoops_max": 0.0038245254170432025, "NumberOfLambdas_mean": 0.0, "NumberOfNumbers_max": 0.006374654406131734, "NumberOfStringLiterals_max": 0.01047512494835405, "CBO_min": 0.0076692400040266765, "NumberOfLoops_75%": 0.0019377438687587822, "Returns_std": 0.014115305315028174, "NumberOfStringLiterals_75%": 0.010429440745136073, "NumberOfModifiers_75%": 0.002521167485396558, "WMC_CK_count": 0.007430241917990856, "NumberOfTryCatch_50%": 0.0012989493599358923, "NumberOfStringLiterals_std": 0.009325356869037705, "Returns_max": 0.010306634007428681, "NumberOfVariables_std": 0.010476535438117444, "NumberOfMathOperations_25%": 0.0008858671644617041, "CBO_50%": 0.00937358179273713, "NumberOfInnerClasses_mean": 0.0, "NumberOfStringLiterals_mean": 0.009849966549017151, "CBO_mean": 0.017810892757451898, "NumberOfLambdas_max": 0.0, "NumberOfParenthesizedExps_count": 0.006575801320253589, "NumberOfStringLiterals_min": 0.008090871103133255, "WMC_CK_min": 0.000340762243240005, "NumberOfMathOperations_max": 0.0039622583596996665, "NumberOfLoops_25%": 0.0002681971421484917, "NumberOfTryCatch_min": 0.00028301215997926147, "RFC_75%": 0.008700551325743022, "NumberOfUniqueWords_std": 0.019136371176787598, "NumberOfLogStatements_25%": 2.6339516900954795e-05, "NumberOfAnonymousClasses_50%": 3.439824661403087e-05, "NumberOfLogStatements_50%": 1.2832485959413669e-05, "RFC_max": 0.009918656532793863, "NumberOfParenthesizedExps_std": 0.004409447077286524, "WMC_CK_50%": 0.003865201473648505, "RFC_min": 0.0036629866039707267, "IsConstructor_top": 0.00014247439082857883, "NumberOfAssignments_std": 0.011730439040477499, "NumberOfVariables_25%": 0.0031029228137428658, "NumberOfUniqueWords_mean": 0.014440004370692306, "MaxNumberOfNestedBlocks_count": 0.0074871318634937645, "NumberOfAnonymousClasses_75%": 0.0, "WMC_CK_75%": 0.005598623474970148, "NumberOfMathOperations_mean": 0.004930993700282736, "NumberOfVariables_min": 0.002391810288262738, "MaxNumberOfNestedBlocks_max": 0.004984461446114238, "NumberOfTryCatch_25%": 0.0007038070016399114, "WMC_CK_std": 0.00695641052041131, "WMC_CK_mean": 0.008377037993187876, "Returns_25%": 0.0037906517928191167, "NumberOfNumbers_75%": 0.0065305227085033545, "Returns_75%": 0.007069797036625449, "NumberOfLambdas_count": 0.006389866346919923, "NumberOfVariables_75%": 0.00770935772633868, "NumberOfUniqueWords_max": 0.015142349130455405, "CBO_count": 0.006490309435006756, "NumberOfInnerClasses_50%": 0.0, "NumberOfLambdas_min": 0.0, "RFC_50%": 0.005768952265326435, "NumberOfUniqueWords_50%": 0.013273077872815033, "NumberOfUniqueWords_25%": 0.0150203162684947, "NumberOfAssignments_count": 0.005894877938362742, "NumberOfComparisons_mean": 0.00855457970386472, "NumberOfModifiers_mean": 0.0062621247782134295, "NumberOfParameters_CK_max": 0.012973984746244272, "NumberOfUniqueWords_75%": 0.013186654388765746, "RFC_mean": 0.010278282407799752, "NumberOfMathOperations_std": 0.005903347578316425, "NumberOfLambdas_std": 0.0, "NumberOfLoops_min": 4.8406876189841585e-05, "NumberOfLoops_mean": 0.004076398750496714, "NumberOfModifiers_max": 0.0030954346451868204, "LOCMethod_CK_75%": 0.012662686340111477, "NumberOfTryCatch_count": 0.006207389384499343, "LOCMethod_CK_max": 0.011920381980893494, "NumberOfModifiers_std": 0.008765815346726531, "NumberOfAnonymousClasses_count": 0.0058499307997615345, "NumberOfParenthesizedExps_50%": 0.0009612112222380679, "NumberOfAssignments_25%": 0.009197707904447627, "NumberOfAssignments_max": 0.008069304565046207, "NumberOfNumbers_count": 0.007905502131857811, "NumberOfModifiers_50%": 0.0013799286726955198, "NumberOfInnerClasses_count": 0.006827648321894626, "CBO_75%": 0.012926715197981298, "NumberOfLoops_count": 0.006021618861405221, "NumberOfNumbers_50%": 0.003716803280597808, "NumberOfMathOperations_50%": 0.0016817569425319997, "MaxNumberOfNestedBlocks_25%": 0.00180950583611595, "LOCMethod_CK_std": 0.013284588063975528, "RFC_count": 0.006218695960150656, "NumberOfComparisons_count": 0.006621881339312474, "LOCMethod_CK_mean": 0.012314234919605828, "NumberOfLogStatements_max": 0.0005960611440702111, "NumberOfTryCatch_mean": 0.0033161216176302074, "NumberOfMathOperations_min": 0.00032259746274846144, "NumberOfAnonymousClasses_max": 0.0002605936767839297, "WMC_CK_25%": 0.002504398167476627, "NumberOfInnerClasses_min": 0.0, "RFC_25%": 0.005511970850387936, "IsConstructor_freq": 0.008802649747761621, "NumberOfAssignments_min": 0.0020812766162794168, "NumberOfComparisons_25%": 0.0011550290993341096, "IsConstructor_unique": 0.001799653842640248, "Returns_50%": 0.0033324673271633203, "NumberOfComparisons_75%": 0.0025263988411036334,