{"accuracy_score": 0.9167315175097276, "precision_score": 0.48, "recall_score": 0.11320754716981132, "f1_score": 0.183206106870229, "roc_auc_score": 0.6890033126890392, "pr_auc_score": 0.21294498944003698}