{"accuracy_score": 0.9800210304942166, "precision_score": 0.06666666666666667, "recall_score": 0.04, "f1_score": 0.05, "roc_auc_score": 0.737655833777304, "pr_auc_score": 0.03733789220451459}