{"blame_merge_blame_getDifficulty_mean": 0.0, "Difficulty": 0.028433905673060415, "blamemerge_blamegetVolume_std": 0.01743719131702106, "FileLength_75%": 0.009642079861843284, "blame_merge_blame_getVolume_min": 0.0, "blame_merge_blame_getLength_mean": 0.0, "FileLength_mean": 0.014218961682175785, "AnonymousInnerClassLength_50%": 0.0011718090042483489, "blame_merge_blame_getLength_count": 0.0, "blame_merge_blame_getVocabulary_min": 0.0, "blame_merge_blame_getDifficulty_min": 0.0, "FileLength_count": 0.009068104009560787, "Volume": 0.0451920665506725, "AnonymousInnerClassLength_max": 0.00444166300975206, "MethodLength_mean": 0.01456894057882402, "blamemerge_blamegetDifficulty_max": 0.020334559834229906, "AnonymousInnerClassLength_25%": 0.000930178493089686, "MethodLength_min": 0.004819704948107502, "MethodLength_75%": 0.011603194438201007, "AnonymousInnerClassLength_min": 0.0003774883850114122, "blamemerge_blamegetEffort_max": 0.03174932525699778, "FileLength_max": 0.015842611809483608, "Length": 0.03855351809422243, "blamemerge_blamegetVocabulary_std": 0.018002459815001, "blame_merge_blame_getVocabulary_max": 0.0, "blamemerge_blamegetEffort_count": 0.021926097461769798, "FileLength_std": 0.013458517246393313, "blame_merge_blame_getLength_max": 0.0, "NumberOfDistinctOperands": 0.053203616543154676, "FileLength_min": 0.0018723177800000006, "blame_merge_blame_getVolume_max": 0.0, "blamemerge_blamegetLength_std": 0.01772783070273605, "blame_merge_blame_getDifficulty_std": 0.0, "MethodLength_25%": 0.007610875893422442, "NumberOfDistinctOperators": 0.021850518969638962, "blamemerge_blamegetLength_count": 0.023047997410560118, "blamemerge_blamegetLength_mean": 0.022242670227669306, "Effort": 0.04320124853368472, "AnonymousInnerClassLength_mean": 0.005218441258434677, "blamemerge_blamegetVolume_max": 0.03332529613585758, "blame_merge_blame_getLength_std": 0.0, "blamemerge_blamegetVocabulary_max": 0.02152397567487108, "blame_merge_blame_getVocabulary_mean": 0.0, "blamemerge_blamegetLength_max": 0.02677036294088076, "blame_merge_blame_getDifficulty_max": 0.0, "blamemerge_blamegetVolume_mean": 0.019373106129231047, "blamemerge_blamegetVocabulary_count": 0.023129481338085102, "blame_merge_blame_getVocabulary_std": 0.0, "blame_merge_blame_getVolume_count": 0.0, "blame_merge_blame_getEffort_count": 0.0, "AnonymousInnerClassLength_75%": 0.0036866740625968106, "blame_merge_blame_getEffort_min": 0.0, "blame_merge_blame_getEffort_std": 0.0, "blamemerge_blamegetDifficulty_count": 0.02253742219326559, "blame_merge_blame_getVolume_std": 0.0, "TotalNumberOfOperands": 0.0478038362022999, "blamemerge_blamegetVolume_count": 0.021731883295979415, "blamemerge_blamegetEffort_mean": 0.020175749709224696, "FileLength_25%": 0.003973067626460092, "blame_merge_blame_getLength_min": 0.0, "AnonymousInnerClassLength_count": 0.009626836455321182, "FileLength_50%": 0.004424910904610422, "blame_merge_blame_getVolume_mean": 0.0, "MethodLength_50%": 0.009741346696820348, "Vocabulary": 0.04133256083553239, "blamemerge_blamegetDifficulty_std": 0.022682510133934783, "blame_merge_blame_getDifficulty_count": 0.0, "blamemerge_blamegetEffort_std": 0.017175040546970395, "MethodLength_count": 0.009059619471565871, "TotalNumberOfOperators": 0.044575537467804544, "AnonymousInnerClassLength_std": 0.005341475586142886, "MethodLength_std": 0.013175364468718278, "blame_merge_blame_getVocabulary_count": 0.0, "blamemerge_blamegetDifficulty_mean": 0.02261976848361751, "blame_merge_blame_getEffort_max": 0.0, "MethodLength_max": 0.01374083252977856, "blame_merge_blame_getEffort_mean": 0.0, "blamemerge_blamegetVocabulary_mean": 0.024725446321464208}