{"accuracy_score": 0.914396887159533, "precision_score": 0.4230769230769231, "recall_score": 0.10377358490566038, "f1_score": 0.16666666666666669, "roc_auc_score": 0.7163850080816809, "pr_auc_score": 0.22303095101962098}