{"NMIR": 0.0, "NORM": 0.0, "WMC_CK_std": 0.06889169471210049, "WMC_CK_count": 0.10821130287186743, "WMC_CK_75%": 0.033650499037521237, "WMC_CK_mean": 0.06251320485929127, "DIT": 0.01167577050812562, "WMC_CK_25%": 0.0161777246918746, "WMC_CK_max": 0.040113893022257555, "NPM": 0.28256597586091137, "WMC_CK_min": 0.006705201233962756, "NOCh": 0.0025215832444489997, "NMI": 0.0, "WMC": 0.3474122816853864, "WMC_CK_50%": 0.019560868272252337}