{"accuracy_score": 0.8539325842696629, "precision_score": 0.5795454545454546, "recall_score": 0.3248407643312102, "f1_score": 0.4163265306122449, "roc_auc_score": 0.6905985091512081, "pr_auc_score": 0.4779708428624442}