{"NestedTryDepth": 2.8099026868674996e-05, "NestedForDepth": 0.0010242199096199968, "NumberOfPrivateMethod": 0.010665027082240137, "NumberOfMethods_Checkstyle": 0.01529316857655666, "IsConstructor": 0.0008098372717165162, "Si": 3.723549045812268e-05, "MCLC": 0.006772666885905852, "NOP": 0.003063221661931446, "MaxNumberOfNestedBlocks": 0.027181022873258263, "NPathComplexity": 0.024428240536393725, "CyclomaticComplexity": 0.013908552053075597, "NumberOfParenthesizedExps": 0.00905860786212405, "AnonymousInnerClassLength": 0.015415999451494395, "VG": 0.008460543711438232, "NCSSForThisFile": 0.015430668593531517, "Returns": 0.014839842562627804, "NumberOfMathOperations": 0.024827902178835775, "Fin": 0.0014443993267051986, "ExecutableStatementCount": 0.04800907719532495, "Di": 0.008035641715540583, "NumberOfInnerClasses": 0.0, "NBD": 0.009994261088924752, "NumberOfComparisons": 0.0044790674447946835, "NVAR": 0.007001321871919814, "NestedIfElseDepth": 0.01790412849340749, "NumberOfPackageMethod": 0.00015385497365032324, "FileLength": 0.019090025139958586, "NumberOfPublicMethods_Checkstyle": 0.012632189486153932, "NumberOfParameters_CK": 0.008261484964168661, "NumberOfLoops": 0.005992422397561602, "NumberOfTryCatch": 2.0811605539194045e-05, "NumberOfLogStatements": 0.0027779122994028055, "NumberOfAssignments": 0.030201230957850513, "NCSSForThisClass": 0.019319954717183528, "NumberOfAnonymousClasses": 0.00011898140697135759, "Ci": 0.0075777394347493355, "ThrowsCount": 0.009657438209130464, "ClassFanOutComplexity": 0.012338921749507443, "NumberOfVariables": 0.03106676273271306, "NumberOfStringLiterals": 0.08113205026625116, "LOCMethod_CK": 0.049553334330446584, "NumberOfLambdas": 0.0, "NumberOfModifiers": 0.014702813361504462, "IOVars": 0.00802328642667412, "NCOMP": 0.006868634746988308, "WMC_CK": 0.013714678956398649, "Fout": 0.00037591729411701435, "CBO": 0.05811339156740246, "RFC": 0.05905552928042454, "MethodLength": 0.06830951282571826, "NumberOfProtectedMethod": 0.00013567911071984363, "NumberOfUniqueWords": 0.08045325482023213, "NCSSForThisMethod": 0.05175536324244148, "BooleanExpressionComplexity": 0.002901299048232604, "ClassDataAbstractionCoupling": 0.009187966327228871, "NumberOfNumbers": 0.048394805455984534}