{"accuracy_score": 0.9950315075133301, "precision_score": 0.0, "recall_score": 0.0, "f1_score": 0.0, "roc_auc_score": 0.5665961397954213, "pr_auc_score": 0.003868132326418498}