{"IOVars_75%": 0.0023170846696132443, "blamemerge_blamegetDifficulty_count": 0.03745948865665373, "IOVars_std": 0.006439219933097831, "NCOMP_std": 0.002490661926938447, "IOVars_50%": 0.002495916162436248, "NCOMP_50%": 0.002366347759491864, "blamemerge_blamegetDifficulty_mean": 0.05831348674534294, "VG_max": 0.0038276685211867975, "NCOMP_25%": 0.002734608577409662, "Fout_75%": 0.0030530633754751583, "NVAR_25%": 0.0008571282555887297, "blame_merge_blame_getDifficulty_count": 0.0, "blame_merge_blame_getDistinctOperandsCnt_min": 0.0, "blame_merge_blame_getDifficulty_mean": 0.0, "IOVars_25%": 0.00552088539072484, "NumberOfDistinctOperators": 0.039417980582843334, "Fout_min": 0.0028936744911562807, "NBD_mean": 0.002629850500481769, "blame_merge_blame_getDistinctOperatorsCnt_count": 0.0, "NOP_min": 0.0013212851342474011, "MCLC_max": 0.004118848931923582, "blame_merge_blame_getDistinctOperandsCnt_mean": 0.0, "MCLC_count": 0.004438050105630125, "IOVars_mean": 0.005349953700130414, "NVAR_mean": 0.0027530579567673786, "IOVars_max": 0.0063815525420741065, "Fout_count": 0.004023099684371589, "MCLC_25%": 0.0025297018372553107, "Ci_50%": 0.004777883615387302, "VG_25%": 0.0028790127993033976, "Ci_min": 0.0022489654262422484, "blame_merge_blame_getDistinctOperatorsCnt_mean": 0.0, "NBD_max": 0.00418916150523079, "NCOMP_75%": 0.0034900021871325957, "Ci_mean": 0.008636742277340572, "NVAR_50%": 0.000855237374658521, "NOP_75%": 0.004019754004709479, "ClTCi": 0.041843846368532535, "NBD_count": 0.0039024816636036613, "Fin_std": 0.00431997423016995, "Si_std": 0.004387154303799158, "NOP_25%": 0.003307105932815867, "VG_std": 0.0018788860420137614, "Ci_25%": 0.00451825757975009, "Si_25%": 0.0022146325318284227, "NOP_50%": 0.0024293090699204836, "MCLC_std": 0.003244835040636042, "Di_min": 0.0019192364272670888, "blamemerge_blamegetDifficulty_std": 0.03477448888634236, "blamemerge_blamegetDistinctOperandsCnt_count": 0.03762472354587414, "NBD_min": 0.00214941300550618, "Fout_std": 0.00404599592148466, "blamemerge_blamegetDistinctOperatorsCnt_std": 0.035459082188382854, "Si_50%": 0.0022558224400032103, "blame_merge_blame_getDistinctOperatorsCnt_std": 0.0, "NVAR_max": 0.0014888823564868608, "NCOMP_max": 0.0030407873382173795, "IOVars_min": 0.0018925994110233916, "ClRCi": 0.02257437491656174, "Di_50%": 0.0036672123757519287, "NumberOfDistinctOperands": 0.05091494804706575, "MCLC_min": 0.001687262552957171, "NVAR_75%": 0.0011363109015697203, "Di_mean": 0.004980400195998294, "blame_merge_blame_getDifficulty_max": 0.0, "IOVars_count": 0.003607112804447554, "blamemerge_blamegetDistinctOperatorsCnt_count": 0.04031396372873484, "blame_merge_blame_getDistinctOperandsCnt_count": 0.0, "blame_merge_blame_getDistinctOperandsCnt_std": 0.0, "Di_75%": 0.003166301880786781, "blame_merge_blame_getDistinctOperatorsCnt_min": 0.0, "NCOMP_min": 0.001960886720012289, "Ci_max": 0.005536454874440368, "Fin_min": 1.87011796588554e-05, "Ci_count": 0.0036524309802192807, "blamemerge_blamegetDistinctOperatorsCnt_max": 0.028054111916346, "Di_25%": 0.005122857498791808, "VG_75%": 0.003553782658326934, "MCLC_50%": 0.0037869142927016144, "Fout_50%": 0.002162866036297702, "NCOMP_count": 0.004186665022069789, "blame_merge_blame_getDifficulty_std": 0.0, "blame_merge_blame_getDistinctOperandsCnt_max": 0.0, "Fin_max": 0.0026975813204203275, "Fin_50%": 0.00033013387062569256, "Si_75%": 0.0031673031237058925, "NVAR_std": 0.002330127756171498, "VG_count": 0.003386586375867323, "NOP_std": 0.009364565090227268, "Ci_75%": 0.004443803106405678, "Fout_mean": 0.005732623948230566, "Fin_25%": 0.0006703917679659652, "Di_max": 0.007858800879399035, "NVAR_count": 0.003849643517257674, "blamemerge_blamegetDistinctOperatorsCnt_mean": 0.06041921501208869, "NBD_25%": 0.002676443420871332, "NOP_mean": 0.004194956804281994, "blamemerge_blamegetDistinctOperandsCnt_max": 0.02768648837229404, "VG_mean": 0.003948573621760865, "blame_merge_blame_getDifficulty_min": 0.0, "Fout_25%": 0.0027013901019350434, "blamemerge_blamegetDifficulty_max": 0.021011143419183857, "blame_merge_blame_getDistinctOperatorsCnt_max": 0.0, "Fin_75%": 0.001488568848740267, "Fin_count": 0.0037564391039042588, "Si_count": 0.004148574566291934, "Si_min": 0.002127550874195306, "NOP_count": 0.0038258252595205792, "Ci_std": 0.0060450761375335236, "blamemerge_blamegetDistinctOperandsCnt_mean": 0.04812964662838491, "Si_max": 0.004093274989595701, "NBD_50%": 0.002600377142473193, "NVAR_min": 0.00043838550963958516, "VG_min": 0.0031290589831626755, "Si_mean": 0.004198928670970042, "blamemerge_blamegetDistinctOperandsCnt_std": 0.03386141310020795, "NCOMP_mean": 0.005107745001733761, "Difficulty": 0.04408929018612027, "NOPa": 0.0, "MCLC_mean": 0.0059917937358608545, "NBD_75%": 0.0024685256152773465, "Fout_max": 0.0032377623439608814, "Fin_mean": 0.002844690719724841, "NBD_std": 0.0035072332846874128, "Di_std": 0.008134490347707787, "VG_50%": 0.00405227151553084, "Di_count": 0.0035658731768517487, "MCLC_75%": 0.0039421182483038286, "NOP_max": 0.007134867003685538}