{"accuracy_score": 0.9146118721461187, "precision_score": 0.29411764705882354, "recall_score": 0.027777777777777776, "f1_score": 0.050761421319796954, "roc_auc_score": 0.7431301824212272, "pr_auc_score": 0.20989876534331078}