{"PMi": 0.0, "Ait": 0.0, "Average Complexity*": 0.019339223131067524, "blame_merge_priorityMajor_min": 0.0, "Ao": 0.0, "blamemerge_priorityMajor_max": 0.0020839900688201813, "Ai": 0.0, "Av": 0.01187607641508287, "issues_priorityMinor_min": 0.0007933407396986345, "blame_merge_priorityMinor_count": 0.0, "MaxNumberOfNestedBlocks_std": 0.008793305269912557, "NumberOfMathOperations_25%": 0.0008135627743277578, "Ad": 0.010677564428273636, "PMR": 0.01317018887339451, "Average Statements per Method": 0.027132438417812852, "SIX": 0.0, "Maximum Depth_25%": 0.004308965980564544, "NumberOfMathOperations_mean": 0.006139943616394251, "blame_merge_priorityMinor_std": 0.0, "NumberOfModifiers_25%": 0.007094635323850506, "NumberOfMathOperations_max": 0.004343232256315431, "issues_priorityMajor_min": 0.0003774516108239831, "Average Block Depth": 0.028526550401503654, "Maximum Depth_max": 0.005070183979650671, "blamemerge_priorityMinor_count": 0.041828036962636234, "NumberOfModifiers_std": 0.013829601292732054, "Ma": 0.018505804499811256, "blamemerge_priorityMajor_min": 0.00036403209645075626, "NMIR": 0.0, "NumberOfMethods_Mood": 0.026199447809751173, "NumberOfMathOperations_75%": 0.0028777857789095904, "blame_merge_priorityMajor_std": 0.0, "issues_priorityMinor_count": 0.07016885420741392, "NumberOfModifiers_75%": 0.012118005407913792, "Maximum Depth_75%": 0.005665088154177133, "MaxNumberOfNestedBlocks_75%": 0.007181036817073379, "blame_merge_priorityMinor_mean": 0.0, "blamemerge_priorityMajor_std": 0.026717325144615695, "NumberOfModifiers_min": 0.0032543263564682075, "issues_priorityMajor_std": 0.0296770345628205, "Mi": 0.0, "blamemerge_priorityMinor_std": 0.033044754513951245, "Mo": 0.0, "issues_priorityMinor_mean": 0.032130503534949145, "NMI": 0.0, "NumberOfMathOperations_std": 0.004803412875651597, "NumberOfModifiers_max": 0.013297184170481379, "NMA": 0.019656948347060863, "NumberOfModifiers_50%": 0.008684196443617233, "Mit": 0.0, "blame_merge_priorityMajor_max": 0.0, "blamemerge_priorityMajor_count": 0.04124021413413208, "MaxNumberOfNestedBlocks_mean": 0.00993795430832064, "NumberOfMathOperations_50%": 0.0017433081676869809, "blamemerge_priorityMinor_max": 0.0017512967663170444, "blame_merge_priorityMinor_min": 0.0, "NF": 0.010835074030530564, "Maximum Depth_std": 0.00644000737970012, "Maximum Depth_mean": 0.0064717972629808294, "MaxNumberOfNestedBlocks_count": 0.014265859380762162, "MaxNumberOfNestedBlocks_max": 0.00644098730186768, "NOPa": 0.0, "issues_priorityMinor_std": 0.03570681341459039, "NumberOfModifiers_mean": 0.013142624553203723, "Maximum Block Depth": 0.014578217625901361, "blame_merge_priorityMajor_mean": 0.0, "Maximum Complexity*": 0.016908005429855013, "MaxNumberOfNestedBlocks_50%": 0.004820713992773618, "issues_priorityMajor_max": 0.0021373724180173293, "blamemerge_priorityMinor_min": 0.0006370445649706093, "issues_priorityMajor_mean": 0.0283835206954849, "blamemerge_priorityMajor_mean": 0.024502221006784546, "MaxNumberOfNestedBlocks_min": 0.002095345033732447, "Md": 0.018875402956231455, "blame_merge_priorityMinor_max": 0.0, "issues_priorityMajor_count": 0.06666583742952403, "HMd": 0.01777706005078595, "NumberOfModifiers_count": 0.014857122477806814, "Maximum Depth_count": 0.017630448060691375, "issues_priorityMinor_max": 0.0016153749195920713, "Maximum Depth_50%": 0.004454851616017641, "NM": 0.023135429161087535, "PMd": 0.01958573154762824, "MaxNumberOfNestedBlocks_25%": 0.0055993050418318875, "NumberOfMathOperations_count": 0.015637093052768676, "Maximum Depth_min": 0.003187149174573573, "blamemerge_priorityMinor_mean": 0.02776726594921304, "HMi": 0.0, "blame_merge_priorityMajor_count": 0.0, "NumberOfMathOperations_min": 0.0006295188306568519}