{"accuracy_score": 0.9336585365853659, "precision_score": 0.0, "recall_score": 0.0, "f1_score": 0.0, "roc_auc_score": 0.7290589844937672, "pr_auc_score": 0.021435511183264293}