{"NOP": 0.006157387329553118, "NumberOfComparisons": 0.007219402522206995, "NumberOfAnonymousClasses": 6.43424023240919e-05, "NumberOfModifiers": 0.02192725561497877, "NumberOfLogStatements": 0.0035891114699063698, "Fout": 0.012952054517862143, "VG": 0.02133558574074192, "Fin": 0.0012193241063706093, "NumberOfUniqueWords": 0.11112897657026556, "IsConstructor": 0.005233702595129419, "NVAR": 0.013560165205030828, "NumberOfAssignments": 0.042913672805992426, "NumberOfNumbers": 0.04173642510872818, "FileLength": 0.03694478924426917, "NumberOfTryCatch": 0.0006101896855472003, "NBD": 0.02149211912159069, "NumberOfMathOperations": 0.0027290987663728516, "IOVars": 0.013664130488097908, "LOCMethod_CK": 0.06860201069206072, "MethodLength": 0.09822492835081609, "AnonymousInnerClassLength": 0.006541286196301901, "NumberOfLambdas": 0.0, "MCLC": 0.016783012422594897, "Si": 0.011893344137179199, "NumberOfInnerClasses": 0.0, "NumberOfParameters_CK": 0.01017163072867121, "RFC": 0.09247481668266448, "Maximum Depth": 0.033942968171859426, "NumberOfLoops": 0.008056031648260284, "Di": 0.019386959560178826, "CBO": 0.10704885313053217, "Returns": 0.014233993018755893, "WMC_CK": 0.024631968742616358, "NumberOfParenthesizedExps": 0.0013582681278201856, "NCOMP": 0.010501482460915227, "NumberOfStringLiterals": 0.051159845506704035, "MaxNumberOfNestedBlocks": 0.007998427242358197, "NumberOfVariables": 0.032601857053138304, "Ci": 0.019910582831604365}