{"accuracy_score": 0.9763722282806252, "precision_score": 0.0, "recall_score": 0.0, "f1_score": 0.0, "roc_auc_score": 0.6035205526993326, "pr_auc_score": 0.02367679206207542}