{"accuracy_score": 0.8085106382978723, "precision_score": 0.0, "recall_score": 0.0, "f1_score": 0.0, "roc_auc_score": 0.5961538461538463, "pr_auc_score": 0.19084398415646364}