{"NumberOfLogStatements": 0.03871274594274802, "NumberOfTryCatch": 0.0018921117079370303, "NumberOfParameters_CK": 0.01585418035850789, "NumberOfAnonymousClasses": 3.624443047143355e-06, "NumberOfStringLiterals": 0.07652725954272954, "CBO": 0.08127922408042589, "NumberOfNumbers": 0.044293628273072795, "IsConstructor": 0.00097633072213681, "NumberOfVariables": 0.0747015316728855, "NumberOfAssignments": 0.0673631577553636, "NumberOfMathOperations": 0.03566656418474197, "MaxNumberOfNestedBlocks": 0.02577070096288074, "LOCMethod_CK": 0.11177190388579246, "NumberOfLoops": 0.010768583954148796, "RFC": 0.08945327518142061, "NumberOfLambdas": 0.0, "WMC_CK": 0.03381379177977458, "NumberOfInnerClasses": 0.0, "NumberOfUniqueWords": 0.11151245999488314, "NumberOfParenthesizedExps": 0.037506146964018945, "NumberOfComparisons": 0.034850382020953356, "NumberOfModifiers": 0.09865617887864815, "Returns": 0.008626217693883076}