{"accuracy_score": 0.9883910912374236, "precision_score": 0.0, "recall_score": 0.0, "f1_score": 0.0, "roc_auc_score": 0.6965944849596587, "pr_auc_score": 0.012097625151190027}