{"NSF": 0.0490096637074352, "NOD": 0.022061725737687027, "RTLOC": 0.17968323243365397, "NOA": 0.0, "TLOC": 0.14784983285070127, "NPF": 0.012372053183988381, "NOL": 0.009232140818590962, "NSM": 0.07182427532325017, "ClTCi": 0.18302605841758726, "PMd": 0.14899781090957526, "ClRCi": 0.17594320661753057}