{"accuracy_score": 0.8168103448275862, "precision_score": 0.023529411764705882, "recall_score": 0.5, "f1_score": 0.0449438202247191, "roc_auc_score": 0.6733695652173913, "pr_auc_score": 0.014995312054135583}