{"NumberOfAttributes": 0.12015466554477991, "NumberOfAncestors": 0.0, "NumberOfPublicAttributes": 0.030593692590159698, "NumberOfPrivateAttributes": 0.10468117227621268, "Cohesion": 0.2821962315929974, "NumberOfSubclasses": 0.0, "NumberPublicMethods": 0.14082082548254332, "NumberOfCoupledClasses": 0.002127824711886839, "NumberOfInheritedMethods": 0.0, "NumberOfPolymorphicMethods": 0.13632158638070305, "NumberOfProtectedAttributes": 0.013930268081042694, "NumberUserDefinedAttributes": 0.008531630690477425, "NumberOfMethods_Mood": 0.1606421026491969}