{"accuracy_score": 0.9784437434279706, "precision_score": 0.0, "recall_score": 0.0, "f1_score": 0.0, "roc_auc_score": 0.6730527437400107, "pr_auc_score": 0.028293160456942683}