{"MHF": 0.5801696472698363, "MIF": 0.0, "Aa": 0.31421621924367676, "AIF": 0.0, "AHF": 0.10561413348648677}