{"accuracy_score": 0.978984238178634, "precision_score": 0.05263157894736842, "recall_score": 0.05263157894736842, "f1_score": 0.05263157894736842, "roc_auc_score": 0.5274498229043683, "pr_auc_score": 0.014055426453384968}