;MHF;MIF;Aa;Bugged;AIF;AHF
count;1579.0;1579.0;1579.0;1579;1579.0;1579.0
unique;;;;2;;
top;;;;False;;
freq;;;;1503;;
mean;0.21175578430905634;0.0;0.6833438885370487;;0.0;0.007702420020265992
std;0.36708342535108085;0.0;1.6780986782092653;;0.0;0.07482912121393256
min;0.0;0.0;0.0;;0.0;0.0
25%;0.0;0.0;0.0;;0.0;0.0
50%;0.0;0.0;0.0;;0.0;0.0
75%;0.333333333;0.0;0.0;;0.0;0.0
max;1.0;0.0;18.0;;0.0;1.0
