{"accuracy_score": 0.9408914728682171, "precision_score": 0.45544554455445546, "recall_score": 0.40707964601769914, "f1_score": 0.42990654205607476, "roc_auc_score": 0.8308038083487932, "pr_auc_score": 0.36212624267091176}