{"Length": 0.024861670782792656, "blame_merge_blame_getDifficulty_mean": 0.0, "blame_merge_blame_getVolume_min": 0.0, "blame_merge_blame_getLength_max": 0.0, "AnonymousInnerClassLength_min": 0.0, "blamemerge_blamegetVocabulary_count": 0.022207642373801025, "blamemerge_blamegetLength_mean": 0.017933570130466335, "MethodLength_count": 0.019060123180885315, "AnonymousInnerClassLength_75%": 0.0, "blame_merge_blame_getDifficulty_std": 0.0, "MethodLength_25%": 0.016313196477209246, "blamemerge_blamegetVolume_max": 0.033101414684097795, "blame_merge_blame_getEffort_count": 0.0, "blame_merge_blame_getDifficulty_count": 0.0, "blamemerge_blamegetLength_max": 0.02546420718292725, "AnonymousInnerClassLength_count": 0.019587004729234168, "AnonymousInnerClassLength_std": 0.00032832177149993654, "AnonymousInnerClassLength_max": 0.00035539630388761593, "NumberOfDistinctOperands": 0.027780325296772258, "blame_merge_blame_getEffort_std": 0.0, "MethodLength_75%": 0.02458346068045323, "FileLength_std": 0.017750765108642336, "FileLength_count": 0.017206823979494423, "NumberOfDistinctOperators": 0.06694197639337848, "blamemerge_blamegetDifficulty_std": 0.019771149183269644, "blame_merge_blame_getLength_count": 0.0, "blame_merge_blame_getVocabulary_min": 0.0, "blamemerge_blamegetLength_count": 0.021213724458048696, "blamemerge_blamegetVolume_mean": 0.017952735849158734, "FileLength_75%": 0.0037831497527484525, "MethodLength_min": 0.007681786102094526, "TotalNumberOfOperands": 0.027694645677884086, "blamemerge_blamegetEffort_mean": 0.016632879191211036, "Vocabulary": 0.027796942009334857, "TotalNumberOfOperators": 0.027223944983995853, "FileLength_max": 0.020001186197571904, "blame_merge_blame_getVocabulary_mean": 0.0, "blamemerge_blamegetVocabulary_max": 0.02365837428084841, "Volume": 0.029522718776162905, "blame_merge_blame_getLength_mean": 0.0, "AnonymousInnerClassLength_25%": 0.0, "blame_merge_blame_getDifficulty_min": 0.0, "Effort": 0.018573290112530578, "blame_merge_blame_getVolume_std": 0.0, "MethodLength_std": 0.02906236468398746, "AnonymousInnerClassLength_50%": 0.0, "FileLength_25%": 0.001339711730960464, "blamemerge_blamegetVocabulary_mean": 0.017092715531708793, "blame_merge_blame_getVolume_mean": 0.0, "blamemerge_blamegetVolume_std": 0.02082223401905509, "blame_merge_blame_getVocabulary_max": 0.0, "blamemerge_blamegetVolume_count": 0.020314973993782473, "Difficulty": 0.01658740605301265, "MethodLength_mean": 0.01727751634689255, "blame_merge_blame_getVocabulary_count": 0.0, "blamemerge_blamegetDifficulty_max": 0.04140955037221262, "blame_merge_blame_getLength_min": 0.0, "blamemerge_blamegetEffort_max": 0.04022150852839462, "blamemerge_blamegetLength_std": 0.021156447856598416, "blame_merge_blame_getDifficulty_max": 0.0, "blame_merge_blame_getEffort_min": 0.0, "MethodLength_50%": 0.01891171893318838, "blame_merge_blame_getEffort_mean": 0.0, "blame_merge_blame_getVocabulary_std": 0.0, "blamemerge_blamegetDifficulty_count": 0.023686204180854254, "blamemerge_blamegetEffort_count": 0.021654806509469167, "AnonymousInnerClassLength_mean": 0.00027009783126710855, "MethodLength_max": 0.0355409697090597, "blame_merge_blame_getLength_std": 0.0, "blame_merge_blame_getEffort_max": 0.0, "blame_merge_blame_getVolume_max": 0.0, "FileLength_mean": 0.01825113264159057, "FileLength_50%": 0.0007178303187333384, "blamemerge_blamegetEffort_std": 0.02173390779664755, "blamemerge_blamegetVocabulary_std": 0.022979048105777958, "blamemerge_blamegetDifficulty_mean": 0.015986695526812592, "FileLength_min": 7.336795926204272e-07, "blame_merge_blame_getVolume_count": 0.0}