{"accuracy_score": 0.9139072847682119, "precision_score": 0.25, "recall_score": 0.8, "f1_score": 0.38095238095238093, "roc_auc_score": 0.973972602739726, "pr_auc_score": 0.7304824561403509}