{"accuracy_score": 0.8594771241830066, "precision_score": 0.25675675675675674, "recall_score": 0.38, "f1_score": 0.30645161290322587, "roc_auc_score": 0.8209608540925266, "pr_auc_score": 0.3648162069499403}