{"NumberOfModifiers": 0.5245737530542786, "Maximum Depth": 0.17939695382959608, "MaxNumberOfNestedBlocks": 0.1797011464640085, "NumberOfMathOperations": 0.11632814665211678}