{"accuracy_score": 0.9764150943396226, "precision_score": 0.0, "recall_score": 0.0, "f1_score": 0.0, "roc_auc_score": 0.7048122800739548, "pr_auc_score": 0.02426217160165239}