;NumberOfModifiers;Maximum Depth;MaxNumberOfNestedBlocks;BuggedMethods;NumberOfMathOperations
count;7373.0;7373.0;7373.0;7373;7373.0
unique;;;;2;
top;;;;False;
freq;;;;7333;
mean;1.565577105655771;0.9184863691848637;0.1571951715719517;;0.1687237216872372
std;17.171470709599436;1.2414662748739889;0.5545171378093454;;1.1891230057563094
min;0.0;0.0;0.0;;0.0
25%;0.0;0.0;0.0;;0.0
50%;1.0;0.0;0.0;;0.0
75%;1.0;2.0;0.0;;0.0
max;1025.0;8.0;9.0;;50.0
