{"accuracy_score": 0.9649776453055141, "precision_score": 0.0, "recall_score": 0.0, "f1_score": 0.0, "roc_auc_score": 0.7076292490982621, "pr_auc_score": 0.08196496673819521}