{"accuracy_score": 0.9672131147540983, "precision_score": 0.30434782608695654, "recall_score": 0.2, "f1_score": 0.24137931034482762, "roc_auc_score": 0.6195977702481146, "pr_auc_score": 0.21773063909463225}