{"NumberOfTryCatch": 0.0, "NumberOfAnonymousClasses": 0.0, "NumberOfLambdas": 0.0, "Maximum Depth": 0.02250721981958351, "NumberOfPackageMethod": 0.000478558951914913, "NumberOfComparisons": 0.013684524227741924, "NBD": 0.025589762989365702, "MaxNumberOfNestedBlocks": 0.01250082816404255, "CBO": 0.03296597727699716, "FileLength": 0.00032136034602204926, "NumberOfInnerClasses": 0.0, "NCSSForThisFile": 0.00019637953066251472, "MethodLength": 0.059225093724599345, "ClassFanOutComplexity": 0.0010963670323993226, "NumberOfParameters_CK": 0.015556722384912266, "Calls": 0.037191599003296015, "NumberOfLogStatements": 0.0, "NumberOfPrivateMethod": 0.0009857947773506818, "NumberOfMethods_Checkstyle": 0.0014594351736533502, "IsConstructor": 0.0005028507687308726, "NumberOfStringLiterals": 0.020548557181212967, "NVAR": 0.023981935654273204, "Statements": 0.025305653046961325, "NumberOfParenthesizedExps": 0.0004937376112824642, "Complexity": 0.024095556177886997, "AnonymousInnerClassLength": 0.0, "NCSSForThisClass": 0.00046799528947280095, "NCSSForThisMethod": 0.04348004798915385, "NumberOfLoops": 0.0030496083233605693, "Di": 0.024509305388498777, "NCOMP": 0.011706331511032076, "NumberOfModifiers": 0.06821145693597871, "BooleanExpressionComplexity": 0.0021330888654628876, "NOP": 0.014622138836292027, "NumberOfPublicMethods_Checkstyle": 0.0007964309349592525, "ClassDataAbstractionCoupling": 0.00047696455300074944, "NumberOfProtectedMethod": 0.0, "NumberOfMathOperations": 0.0006323058015709237, "NestedIfElseDepth": 0.002272686341331987, "NumberOfAssignments": 0.022312363176606818, "IOVars": 0.012962504337437002, "NumberOfUniqueWords": 0.05408433536875142, "CyclomaticComplexity": 0.03467074316073331, "VG": 0.02826196752232637, "RFC": 0.04252958691128453, "NPathComplexity": 0.02561710862494562, "Returns": 0.011378721017993983, "ExecutableStatementCount": 0.0522361306248941, "WMC_CK": 0.030858313649249146, "Ci": 0.01720249105106875, "Si": 0.026892334591995803, "LOCMethod_CK": 0.046465218290464586, "NumberOfNumbers": 0.003189676005145128, "Fin": 0.002317712046036208, "NestedForDepth": 0.0, "MCLC": 0.017690937741829997, "ThrowsCount": 0.04017740707021842, "Fout": 0.02204682221414155, "NumberOfVariables": 0.01805935198187354}