{"accuracy_score": 0.6685796269727403, "precision_score": 0.22317596566523606, "recall_score": 0.5098039215686274, "f1_score": 0.31044776119402984, "roc_auc_score": 0.619451309935739, "pr_auc_score": 0.24154812708577056}