{"FileLength": 0.002228698820149794, "IOVars": 0.0233261643993163, "NumberOfMethods_Checkstyle": 0.002722570199897121, "Maximum Depth": 0.01644451916756828, "NVAR": 0.027110776171852532, "NCSSForThisFile": 0.002007597640250042, "BooleanExpressionComplexity": 0.007760778628586745, "NestedTryDepth": 5.125359535857376e-07, "NestedForDepth": 0.00015648512134914573, "NCOMP": 0.03285610224693691, "ClassFanOutComplexity": 0.002083356952770179, "NBD": 0.030176250340385076, "NumberOfProtectedMethod": 2.0113718601041074e-05, "Di": 0.0273435787119879, "ThrowsCount": 0.09756818342329819, "NumberOfMathOperations": 0.00492590212779026, "NOP": 0.0077316331052719005, "NPathComplexity": 0.04616916752450759, "NumberOfPrivateMethod": 0.0004626891712075931, "NCSSForThisClass": 0.001861191131333953, "WMC_CK": 0.037196707481490614, "Ci": 0.030069330717495485, "AnonymousInnerClassLength": 3.159759726735259e-05, "Si": 0.004897734718001708, "MaxNumberOfNestedBlocks": 0.009344283484029233, "NumberOfModifiers": 0.06640597199764864, "NestedIfElseDepth": 0.05424334649802661, "VG": 0.040321675822890195, "CyclomaticComplexity": 0.04029253755752958, "MethodLength": 0.14536170262355175, "ExecutableStatementCount": 0.09005136806400006, "NumberOfPublicMethods_Checkstyle": 0.0020305267905205726, "NCSSForThisMethod": 0.09316300738651173, "MCLC": 0.03913365499395193, "ClassDataAbstractionCoupling": 0.0012380502611152701, "Fin": 0.009058093491019482, "NumberOfPackageMethod": 0.00014743861900153683, "Fout": 0.004056700756934055}