{"blamemerge_blamegetDifficulty_count": 0.02237540296188527, "FileLength_std": 0.02686319072833084, "MethodLength_std": 0.020633710295146608, "Difficulty": 0.03665349774619989, "FileLength_25%": 0.010958885207625448, "blamemerge_blamegetDifficulty_std": 0.023110104934605483, "blamemerge_blamegetVocabulary_count": 0.023043092817014083, "NumberOfDistinctOperators": 0.025366517388319364, "blame_merge_blame_getDifficulty_std": 0.0, "blamemerge_blamegetEffort_count": 0.02334342327074026, "FileLength_min": 0.0016262290837330954, "blamemerge_blamegetEffort_mean": 0.0197261488143491, "blamemerge_blamegetVolume_mean": 0.023257053981320917, "blamemerge_blamegetVocabulary_max": 0.015041221748545401, "FileLength_50%": 0.010382732641545487, "blame_merge_blame_getVolume_mean": 0.0, "blamemerge_blamegetEffort_max": 0.023816221117727753, "MethodLength_mean": 0.016819257662177872, "AnonymousInnerClassLength_max": 0.000535304352211791, "FileLength_max": 0.02312600912700851, "MethodLength_max": 0.02302368884842058, "blamemerge_blamegetLength_mean": 0.024349268675667855, "blame_merge_blame_getLength_max": 0.0, "Length": 0.02425821190442944, "blame_merge_blame_getVolume_std": 0.0, "blame_merge_blame_getVocabulary_count": 0.0, "TotalNumberOfOperands": 0.027340744617136585, "blame_merge_blame_getEffort_max": 0.0, "blame_merge_blame_getVolume_min": 0.0, "blame_merge_blame_getDifficulty_count": 0.0, "TotalNumberOfOperators": 0.02694208419870403, "blamemerge_blamegetLength_max": 0.01299356439397578, "blame_merge_blame_getVocabulary_std": 0.0, "blame_merge_blame_getVocabulary_max": 0.0, "Vocabulary": 0.04896335110117265, "blame_merge_blame_getEffort_min": 0.0, "MethodLength_25%": 0.020592240471480575, "blamemerge_blamegetVolume_max": 0.016541991178439748, "AnonymousInnerClassLength_count": 0.01154774213793686, "blame_merge_blame_getDifficulty_min": 0.0, "blamemerge_blamegetLength_count": 0.022333004845653388, "blame_merge_blame_getLength_mean": 0.0, "blame_merge_blame_getEffort_mean": 0.0, "AnonymousInnerClassLength_75%": 9.89723187159234e-06, "FileLength_count": 0.011579697577171925, "blamemerge_blamegetVocabulary_mean": 0.02359208524410164, "blame_merge_blame_getEffort_std": 0.0, "Volume": 0.029084787902879914, "AnonymousInnerClassLength_std": 0.00042530216698788794, "AnonymousInnerClassLength_mean": 0.000506404955322333, "blamemerge_blamegetVolume_count": 0.023258131474350238, "blame_merge_blame_getVolume_max": 0.0, "blame_merge_blame_getLength_min": 0.0, "MethodLength_min": 0.014888399594290563, "blamemerge_blamegetVolume_std": 0.021691383585457396, "blamemerge_blamegetLength_std": 0.024701653979778398, "Effort": 0.028023359817576386, "blame_merge_blame_getDifficulty_mean": 0.0, "AnonymousInnerClassLength_min": 0.0, "blamemerge_blamegetVocabulary_std": 0.019132345078215523, "blame_merge_blame_getLength_count": 0.0, "blame_merge_blame_getVolume_count": 0.0, "FileLength_mean": 0.014807476756954919, "MethodLength_75%": 0.01761227239093627, "AnonymousInnerClassLength_50%": 5.544224442472587e-09, "blame_merge_blame_getVocabulary_mean": 0.0, "blamemerge_blamegetDifficulty_max": 0.02510652786515512, "FileLength_75%": 0.01225788871507145, "blamemerge_blamegetEffort_std": 0.02421939718173247, "blame_merge_blame_getEffort_count": 0.0, "AnonymousInnerClassLength_25%": 2.333124454724028e-05, "MethodLength_50%": 0.014058629176739014, "blame_merge_blame_getVocabulary_min": 0.0, "blame_merge_blame_getDifficulty_max": 0.0, "blame_merge_blame_getLength_std": 0.0, "MethodLength_count": 0.01162119289724298, "NumberOfDistinctOperands": 0.05531439084876798, "blamemerge_blamegetDifficulty_mean": 0.022521542519119753}