{"accuracy_score": 0.9702276707530648, "precision_score": 0.15217391304347827, "recall_score": 0.3684210526315789, "f1_score": 0.21538461538461537, "roc_auc_score": 0.8740912197849997, "pr_auc_score": 0.08053988364159542}