{"VG": 0.20289736414428608, "Fout": 0.027325463166539693, "MCLC": 0.20448659147704318, "Di": 0.029900660820126247, "NBD": 0.10730216027299434, "NCOMP": 0.17960005567420226, "IOVars": 0.021652320412876066, "Fin": 0.0037195331563951543, "NOP": 0.003766781976208479, "NVAR": 0.16826653217682383, "Si": 0.03428569962569046, "Ci": 0.0167968370968142}