{"accuracy_score": 0.9921630094043887, "precision_score": 0.0, "recall_score": 0.0, "f1_score": 0.0, "roc_auc_score": 0.5708661417322834, "pr_auc_score": 0.0028763183125599234}