{"MethodLength": 0.05826564659823917, "Fout": 0.003055295993219535, "LOCMethod_CK": 0.04288132554845448, "MaxNumberOfNestedBlocks": 0.012466280919969916, "NumberOfNumbers": 0.033183552782518916, "VG": 0.01393967430218567, "NumberOfMethods_Checkstyle": 0.0078607612478109, "NumberOfVariables": 0.03447713560091079, "NCSSForThisClass": 0.011772504490485905, "ClassDataAbstractionCoupling": 0.006587776405570928, "NumberOfTryCatch": 0.00015936577528844094, "NBD": 0.013216552040309132, "NumberOfAnonymousClasses": 0.00013156984341211895, "NumberOfLambdas": 0.0, "NCOMP": 0.01391231543330998, "CBO": 0.0628980410634103, "MCLC": 0.02163947415103606, "CyclomaticComplexity": 0.02505435494040189, "NumberOfPublicMethods_Checkstyle": 0.007704381016164423, "ExecutableStatementCount": 0.04659392266669577, "NumberOfParameters_CK": 0.009255622873157685, "NOP": 0.007965339098238124, "NCSSForThisFile": 0.008710581473182323, "NestedTryDepth": 0.0, "NumberOfModifiers": 0.029116733285198333, "NumberOfInnerClasses": 0.0, "NumberOfAssignments": 0.046209906625972116, "NumberOfLogStatements": 0.016817049182060707, "FileLength": 0.008052546319876184, "NPathComplexity": 0.025124499253683066, "IOVars": 0.009498602658019339, "ThrowsCount": 0.009330586193567112, "NestedForDepth": 0.0013369719170551056, "NumberOfPackageMethod": 0.00047821578042378044, "NumberOfStringLiterals": 0.0552540478453038, "NVAR": 0.014655122745940153, "RFC": 0.053162451698461136, "NumberOfPrivateMethod": 0.0001422796497074726, "BooleanExpressionComplexity": 0.007419743924140823, "WMC_CK": 0.019185278520479954, "NumberOfParenthesizedExps": 0.014268196201544524, "NumberOfMathOperations": 0.009351853820724992, "NestedIfElseDepth": 0.0043703477303165044, "NumberOfUniqueWords": 0.0885699887630977, "NCSSForThisMethod": 0.04714049834514566, "Ci": 0.010416371909906954, "Di": 0.010137739098024616, "NumberOfComparisons": 0.021489914021289077, "AnonymousInnerClassLength": 0.005384440592618199, "NumberOfLoops": 0.008976946849998946, "Fin": 0.0110666491708178, "Si": 0.0030245250916204804, "ClassFanOutComplexity": 0.008970286571527623, "Returns": 0.016774573550595934, "IsConstructor": 0.0015785675040391645, "NumberOfProtectedMethod": 0.0009635909148703189}