{"accuracy_score": 0.9889069264069265, "precision_score": 0.0, "recall_score": 0.0, "f1_score": 0.0, "roc_auc_score": 0.7705510388437218, "pr_auc_score": 0.007392169281643298}