{"accuracy_score": 0.8898589657488247, "precision_score": 0.17391304347826086, "recall_score": 0.026845637583892617, "f1_score": 0.046511627906976744, "roc_auc_score": 0.6973204447560853, "pr_auc_score": 0.2090435215129829}