{"NumberOfProtectedMethod": 0.00024217381750721734, "NumberOfPrivateMethod": 0.0019407406647527687, "NumberOfLogStatements": 0.03827540795401149, "MethodLength": 0.056233125035878774, "NBD": 0.0074099665956496065, "NumberOfTryCatch": 0.001641338019862398, "NOP": 0.002028861517550603, "NVAR": 0.0060234690223902165, "NumberOfParameters_CK": 0.003509018309331114, "NPathComplexity": 0.019344508217177016, "NumberOfAnonymousClasses": 4.592599661662747e-05, "NumberOfStringLiterals": 0.048031665364697586, "CBO": 0.049655688417630746, "BooleanExpressionComplexity": 0.0032532335687181623, "Si": 0.002525671495162542, "NumberOfNumbers": 0.027827357477247506, "CyclomaticComplexity": 0.012124557359140156, "IsConstructor": 0.0013789353430251946, "NumberOfVariables": 0.05912223192797704, "NumberOfAssignments": 0.04308258393155508, "ThrowsCount": 0.00472258739079269, "NumberOfMathOperations": 0.023157341312420594, "NCSSForThisClass": 0.023342373774916166, "MCLC": 0.005690698650539655, "Di": 0.005387456901491087, "NumberOfMethods_Checkstyle": 0.011827709458834665, "Fout": 0.0023179000118469825, "NCOMP": 0.0038106170005175978, "MaxNumberOfNestedBlocks": 0.012522744415290495, "LOCMethod_CK": 0.04889243744612972, "FileLength": 0.020621922836879466, "ClassFanOutComplexity": 0.04046119435228886, "NestedTryDepth": 0.00974452940835207, "NumberOfLoops": 0.002607005733348285, "IOVars": 0.004299031150271661, "Fin": 0.0005547669422996622, "RFC": 0.05665070317891686, "VG": 0.0073665328952678315, "ExecutableStatementCount": 0.047909918876707376, "AnonymousInnerClassLength": 9.76532362250181e-05, "NumberOfPublicMethods_Checkstyle": 0.013165125300827493, "WMC_CK": 0.013045799210238228, "NumberOfLambdas": 0.0, "NumberOfPackageMethod": 3.871496143903715e-05, "NestedForDepth": 9.408401119488512e-05, "NumberOfInnerClasses": 0.0, "NumberOfUniqueWords": 0.05184931293627159, "NumberOfParenthesizedExps": 0.02745514793257314, "ClassDataAbstractionCoupling": 0.051996088444379675, "NumberOfComparisons": 0.009535792562630952, "NCSSForThisMethod": 0.046671938585084255, "NumberOfModifiers": 0.03357733748619391, "Returns": 0.002628397931614301, "Ci": 0.005689372354388656, "NCSSForThisFile": 0.02702849927920787, "NestedIfElseDepth": 0.0015428039947373413}