{"ClTCi": 0.1436115768881238, "NOD": 0.0, "NOL": 0.05222099142366166, "RTLOC": 0.2087147912439659, "ClRCi": 0.15234499294729215, "NOA": 0.0, "NSF": 0.04793561257686238, "TLOC": 0.18527064931067913, "PMd": 0.08640480833034812, "NPF": 0.03986928967404217, "NSM": 0.08362728760502468}