{"accuracy_score": 0.9789695057833859, "precision_score": 0.0, "recall_score": 0.0, "f1_score": 0.0, "roc_auc_score": 0.6606606286627599, "pr_auc_score": 0.018478376375074924}