{"MethodLength": 0.2587519409201376, "NumberOfMethods_Checkstyle": 0.014879079365098875, "NCSSForThisClass": 0.029919455797813688, "ClassDataAbstractionCoupling": 0.013580289959014342, "CyclomaticComplexity": 0.08450246860544276, "ExecutableStatementCount": 0.1416370901825728, "NumberOfPublicMethods_Checkstyle": 0.015285761284270817, "NCSSForThisFile": 0.020653640291160326, "NestedTryDepth": 0.0, "FileLength": 0.01999342723866071, "NPathComplexity": 0.10354602454000376, "ThrowsCount": 0.0317354391976236, "NestedForDepth": 0.011357160557197998, "NumberOfPackageMethod": 0.0008751024120967527, "NumberOfPrivateMethod": 0.0005575186558269839, "BooleanExpressionComplexity": 0.04096692110248538, "NestedIfElseDepth": 0.029868398950647128, "NCSSForThisMethod": 0.15233613523114528, "AnonymousInnerClassLength": 0.00956792696743327, "ClassFanOutComplexity": 0.01813873372226375, "NumberOfProtectedMethod": 0.0018474850191042432}