{"accuracy_score": 0.9910714285714286, "precision_score": 0.0, "recall_score": 0.0, "f1_score": 0.0, "roc_auc_score": 0.7696251129177959, "pr_auc_score": 0.008041234684250111}