{"accuracy_score": 0.9666716262460944, "precision_score": 0.08, "recall_score": 0.009852216748768473, "f1_score": 0.017543859649122806, "roc_auc_score": 0.7281193270019968, "pr_auc_score": 0.05514871299459715}