{"accuracy_score": 0.8559754851889684, "precision_score": 0.5930232558139535, "recall_score": 0.3248407643312102, "f1_score": 0.41975308641975306, "roc_auc_score": 0.7423132952097571, "pr_auc_score": 0.48993953138464796}