{"Si": 0.009286967523516489, "NCOMP": 0.15089193862157416, "Di": 0.0660982255686083, "IOVars": 0.054811581461677375, "NVAR": 0.15156126147800497, "VG": 0.10148737848898198, "NOP": 0.011789423534570985, "MCLC": 0.21498472343397385, "Ci": 0.06610829936796458, "NBD": 0.0982003903706648, "Fin": 0.06709199981480538, "Fout": 0.0076878103356570575}