{"accuracy_score": 0.9755364806866953, "precision_score": 0.0, "recall_score": 0.0, "f1_score": 0.0, "roc_auc_score": 0.5923200221310942, "pr_auc_score": 0.025948279388796625}