{"accuracy_score": 0.9521304576538664, "precision_score": 0.8275862068965517, "recall_score": 0.21818181818181817, "f1_score": 0.34532374100719426, "roc_auc_score": 0.847068676716918, "pr_auc_score": 0.4420745918527097}