{"Cohesion": 0.15671113256349034, "NumberOfInheritedMethods": 0.0, "NumberOfProtectedAttributes": 0.041633216306802404, "NumberOfAttributes": 0.09345193295606972, "NumberOfPolymorphicMethods": 0.1951625432164166, "NumberPublicMethods": 0.1657302228415645, "NumberUserDefinedAttributes": 0.022554646255205413, "NumberOfSubclasses": 0.00012536392302644464, "NumberOfMethods_Mood": 0.17158357953715664, "NumberOfPublicAttributes": 0.023452324427043234, "NumberOfCoupledClasses": 0.04569941674973905, "NumberOfPrivateAttributes": 0.08389562122348579, "NumberOfAncestors": 0.0}