{"accuracy_score": 0.963806187974314, "precision_score": 0.10909090909090909, "recall_score": 0.3157894736842105, "f1_score": 0.16216216216216217, "roc_auc_score": 0.8691045796308954, "pr_auc_score": 0.07043072605229081}