{"ExecutableStatementCount": 0.1740729888482097, "NCSSForThisClass": 0.02238843609063658, "NumberOfPublicMethods_Checkstyle": 0.012539295224604313, "NumberOfProtectedMethod": 0.011560933831812347, "NPathComplexity": 0.09365242371982689, "NumberOfMethods_Checkstyle": 0.015021425003920744, "NestedTryDepth": 1.832880737379595e-05, "FileLength": 0.020748560645038053, "NCSSForThisMethod": 0.17049384566857748, "NestedIfElseDepth": 0.022425622036099737, "NumberOfPackageMethod": 0.002482255685266504, "CyclomaticComplexity": 0.10662056593964517, "BooleanExpressionComplexity": 0.046304284405454206, "NumberOfPrivateMethod": 0.00573670198129548, "NestedForDepth": 0.0053854886984709876, "ClassFanOutComplexity": 0.020883721218935673, "AnonymousInnerClassLength": 0.019823954471351112, "ClassDataAbstractionCoupling": 0.013047545419773628, "ThrowsCount": 0.025181454216811373, "NCSSForThisFile": 0.01986701106149487, "MethodLength": 0.19174515702540137}