{"accuracy_score": 0.9425223214285714, "precision_score": 0.058823529411764705, "recall_score": 0.021367521367521368, "f1_score": 0.031347962382445145, "roc_auc_score": 0.659948488565758, "pr_auc_score": 0.06754674876735446}