{"accuracy_score": 0.9408914728682171, "precision_score": 0.45544554455445546, "recall_score": 0.40707964601769914, "f1_score": 0.42990654205607476, "roc_auc_score": 0.8225144355288643, "pr_auc_score": 0.37770385924353916}