{"accuracy_score": 0.8968036529680365, "precision_score": 0.23863636363636365, "recall_score": 0.11666666666666667, "f1_score": 0.15671641791044777, "roc_auc_score": 0.6327763957987839, "pr_auc_score": 0.16348915515886797}