{"blame_merge_blame_getDistinctOperatorsCnt_min": 0.0, "IOVars_count": 0.006160656209010772, "NCOMP_std": 0.004724218014981654, "ClRCi": 0.022500446719585437, "NVAR_std": 0.005133533609998015, "Di_count": 0.00639746154491143, "NVAR_min": 0.00015089808632290754, "Si_std": 0.0015550942123489367, "ClTCi": 0.02353874566601085, "Fin_max": 0.0015150778172125902, "blame_merge_blame_getDistinctOperatorsCnt_count": 0.0, "blamemerge_blamegetDistinctOperandsCnt_count": 0.05028178849776305, "MCLC_std": 0.004373614906162677, "blamemerge_blamegetDistinctOperatorsCnt_count": 0.048282462459166245, "NVAR_count": 0.006099277184277636, "NCOMP_count": 0.006192698088976969, "blamemerge_blamegetDifficulty_count": 0.050734674835649335, "Di_50%": 0.0023243693340220146, "Si_75%": 0.0010013617228754779, "blame_merge_blame_getDistinctOperatorsCnt_std": 0.0, "IOVars_25%": 0.0026036482589449563, "NOP_max": 0.0037551513498413074, "Ci_count": 0.006733383289661928, "NBD_min": 0.00110567240920518, "blame_merge_blame_getDifficulty_mean": 0.0, "Fin_mean": 0.0017344567486898858, "Fin_75%": 0.0006881580044807077, "MCLC_mean": 0.0044592675335259286, "Si_25%": 0.00016094539556015466, "Fout_75%": 0.0013754100960757796, "blame_merge_blame_getDistinctOperandsCnt_std": 0.0, "Si_mean": 0.0012915909573467828, "Di_max": 0.003385285415510239, "Fout_max": 0.0008893511384171478, "IOVars_50%": 0.002235949363371621, "NCOMP_75%": 0.0033495082117757807, "NCOMP_mean": 0.004557891485539557, "IOVars_max": 0.0036923026741291784, "NVAR_max": 0.0031734489610906365, "NCOMP_max": 0.0031414932075437014, "Di_mean": 0.005473316346515685, "IOVars_mean": 0.005985547332831531, "IOVars_min": 0.001483676381192381, "Ci_75%": 0.002453943186062058, "Fout_mean": 0.0014555471983098997, "VG_std": 0.0040914725697141704, "NOP_min": 0.0028989689203219693, "NCOMP_50%": 0.0016892915895096216, "NOP_std": 0.005891923043675575, "NVAR_25%": 0.0006023838757577851, "Fout_min": 9.175462440607013e-06, "blame_merge_blame_getDistinctOperandsCnt_min": 0.0, "Ci_max": 0.002921392963433374, "NVAR_50%": 0.0013137301601717803, "NBD_25%": 0.0015190030019126026, "Ci_50%": 0.002519939571224031, "Si_max": 0.0009480465779986133, "NVAR_mean": 0.004585075436114676, "Difficulty": 0.05112416033591043, "NumberOfDistinctOperands": 0.05603403844115529, "NBD_50%": 0.002282497260698654, "NumberOfDistinctOperators": 0.04282547908735404, "MCLC_25%": 0.0011769827649394929, "NOP_75%": 0.003108493653230606, "blame_merge_blame_getDistinctOperandsCnt_max": 0.0, "NCOMP_min": 0.0006576390859001673, "NOP_25%": 0.003320083423069686, "NOP_count": 0.00565060109028854, "Fout_std": 0.0014590259652806322, "blame_merge_blame_getDifficulty_min": 0.0, "NBD_count": 0.006237505825688743, "MCLC_max": 0.003699509793867293, "Ci_std": 0.005446575376821571, "blamemerge_blamegetDifficulty_std": 0.04140327528977349, "blamemerge_blamegetDistinctOperatorsCnt_std": 0.05272044981345224, "MCLC_75%": 0.0032776463098147662, "VG_count": 0.005368181615034745, "blamemerge_blamegetDistinctOperatorsCnt_max": 0.023062662026080826, "Si_min": 1.3112043074404479e-05, "Fin_min": 0.0, "Di_min": 0.0025151128020987597, "Di_std": 0.006137847620844488, "Si_count": 0.005705126628871483, "NOP_50%": 0.0027329756193654364, "VG_mean": 0.0050368292238633944, "NOP_mean": 0.006329267256794927, "NCOMP_25%": 0.001111969215960173, "IOVars_75%": 0.002360290051131032, "blamemerge_blamegetDifficulty_mean": 0.041625310505866875, "VG_min": 0.001026595460591872, "Fout_50%": 0.00020080993758492946, "Fout_count": 0.0056883788343515375, "blamemerge_blamegetDifficulty_max": 0.03950418710170957, "Fin_count": 0.005877534860803123, "NBD_max": 0.006282844185190639, "Fout_25%": 0.00020481949866463171, "blame_merge_blame_getDistinctOperatorsCnt_mean": 0.0, "blame_merge_blame_getDistinctOperandsCnt_mean": 0.0, "blame_merge_blame_getDistinctOperatorsCnt_max": 0.0, "Fin_50%": 2.9079250508888858e-05, "Fin_std": 0.0018839960917317407, "blamemerge_blamegetDistinctOperatorsCnt_mean": 0.04053593864490855, "blame_merge_blame_getDifficulty_std": 0.0, "blamemerge_blamegetDistinctOperandsCnt_std": 0.04583612165691556, "blame_merge_blame_getDistinctOperandsCnt_count": 0.0, "IOVars_std": 0.005194758435423861, "NBD_75%": 0.002850734123880465, "Ci_25%": 0.0031635760597124203, "blamemerge_blamegetDistinctOperandsCnt_max": 0.03543855445359978, "MCLC_50%": 0.00229975758560659, "MCLC_count": 0.0064332106166027185, "Fin_25%": 1.741153970854751e-05, "NOPa": 0.0, "Si_50%": 0.0003283134580819161, "Di_25%": 0.0024549048358573572, "MCLC_min": 0.0005377459890308591, "NVAR_75%": 0.003606357769249307, "blame_merge_blame_getDifficulty_max": 0.0, "VG_25%": 0.0015537576939894386, "VG_50%": 0.0020116772476538496, "Ci_min": 0.0016102368213979216, "blamemerge_blamegetDistinctOperandsCnt_mean": 0.03817486163377247, "Ci_mean": 0.005084372978731059, "NBD_std": 0.007782506920683645, "blame_merge_blame_getDifficulty_count": 0.0, "VG_75%": 0.004123779307658204, "NBD_mean": 0.005713159351466386, "VG_max": 0.004563321781655415, "Di_75%": 0.0024223207198718266}