{"accuracy_score": 0.9307170542635659, "precision_score": 0.3170731707317073, "recall_score": 0.23008849557522124, "f1_score": 0.2666666666666667, "roc_auc_score": 0.7980749604241982, "pr_auc_score": 0.20267032122518022}