{"accuracy_score": 0.8297872340425532, "precision_score": 0.0, "recall_score": 0.0, "f1_score": 0.0, "roc_auc_score": 0.34935897435897434, "pr_auc_score": 0.10571808510638298}