{"NCSSForThisClass": 0.021043451171920677, "BooleanExpressionComplexity": 0.035563411890021525, "NumberOfPrivateMethod": 0.02173451389965058, "NestedIfElseDepth": 0.04482082833183715, "ClassFanOutComplexity": 0.013807874307350467, "AnonymousInnerClassLength": 0.0006648075391792054, "NPathComplexity": 0.09277402891223864, "MethodLength": 0.1854389426508972, "FileLength": 0.01949208523820942, "NumberOfPackageMethod": 0.02375914712664572, "ClassDataAbstractionCoupling": 0.01946640643143378, "NumberOfMethods_Checkstyle": 0.019723357257822607, "NestedTryDepth": 0.0005800855223863855, "NCSSForThisFile": 0.0214714835162402, "NCSSForThisMethod": 0.16872006409914578, "CyclomaticComplexity": 0.08727701772113068, "NumberOfPublicMethods_Checkstyle": 0.01154968218318651, "ThrowsCount": 0.037833423317980855, "ExecutableStatementCount": 0.16430634365714458, "NumberOfProtectedMethod": 0.005935270104103957, "NestedForDepth": 0.0040377751214740526}