{"accuracy_score": 0.9958378295051642, "precision_score": 0.5, "recall_score": 0.012345679012345678, "f1_score": 0.024096385542168672, "roc_auc_score": 0.6673492463912141, "pr_auc_score": 0.01905763303184594}