{"ComplexMethod_freq": 0.04075800842166696, "ComplexMethod_top": 0.038931838323169474, "MissingDefault_freq": 0.03167671504058073, "ComplexConditional_top": 0.03618733101305295, "MissingDefault_unique": 0.008801001026036826, "MissingDefault_top": 0.0012824358616117671, "LongStatement_unique": 0.03879727660660413, "LongStatement_count": 0.023816303955455444, "MagicNumber_count": 0.02289732322776858, "ComplexConditional_count": 0.023517236659716393, "ComplexMethod_unique": 0.02260642794944001, "EmptyCatchClause_unique": 0.011946058266064605, "LongIdentifier_top": 0.058530533500916186, "LongIdentifier_count": 0.022753768469690107, "AbstractFunctionCallFromConstructor_count": 0.02368122736980943, "EmptyCatchClause_top": 0.024613868813530695, "EmptyCatchClause_freq": 0.03250693577668238, "AbstractFunctionCallFromConstructor_freq": 0.023989633608086418, "ComplexConditional_freq": 0.044644831498071386, "LongIdentifier_freq": 0.035263888097487775, "AbstractFunctionCallFromConstructor_unique": 0.004424960778608884, "MagicNumber_top": 0.06695079981755415, "AbstractFunctionCallFromConstructor_top": 0.0, "MagicNumber_freq": 0.04965677777698278, "ComplexConditional_unique": 0.031469654292497526, "LongStatement_top": 0.09318682887203462, "EmptyCatchClause_count": 0.022549300121440363, "ComplexMethod_count": 0.023089836799419054, "MissingDefault_count": 0.02230659604681509, "LongStatement_freq": 0.06871830271226453, "LongIdentifier_unique": 0.019941321150813384, "MagicNumber_unique": 0.03050297814612743}