{"accuracy_score": 0.9035947712418301, "precision_score": 0.3448275862068966, "recall_score": 0.2, "f1_score": 0.2531645569620254, "roc_auc_score": 0.6451245551601423, "pr_auc_score": 0.18674837232481006}