{"accuracy_score": 0.9967962409226826, "precision_score": 0.0, "recall_score": 0.0, "f1_score": 0.0, "roc_auc_score": 0.6965716734518963, "pr_auc_score": 0.0033233480342757214}