;BuggedMethods;WMC_CK
count;4225;4225.0
unique;2;
top;False;
freq;4108;
mean;;1.4257988165680473
std;;4.352349045979466
min;;0.0
25%;;0.0
50%;;1.0
75%;;1.0
max;;107.0
