{"accuracy_score": 0.7374461979913917, "precision_score": 0.30049261083743845, "recall_score": 0.5980392156862745, "f1_score": 0.4, "roc_auc_score": 0.7043994068215522, "pr_auc_score": 0.38096505226193356}