{"NumberOfProtectedMethod": 0.0004469406912336208, "NumberOfPrivateMethod": 0.0033902269915992156, "MethodLength": 0.2628522468919015, "NBD": 0.007133825967634759, "NVAR": 0.005135830018934645, "NOP": 0.0021220267402506056, "NPathComplexity": 0.02459533241555546, "BooleanExpressionComplexity": 0.004482161424193592, "Si": 0.003230968989345703, "CyclomaticComplexity": 0.01389739850820585, "ThrowsCount": 0.010852716452449321, "NumberOfMathOperations": 0.05975398118970961, "NCSSForThisClass": 0.028318651689334163, "MCLC": 0.005557118290504281, "Di": 0.006647400721421457, "NumberOfMethods_Checkstyle": 0.014655560680490069, "Fout": 0.0033335977510168258, "NCOMP": 0.0057643600281140454, "MaxNumberOfNestedBlocks": 0.01244811717002849, "FileLength": 0.028263448952407944, "Maximum Depth": 0.027273791149474053, "ClassFanOutComplexity": 0.04610395193372166, "NestedTryDepth": 0.01296477461771795, "IOVars": 0.0058054442604042735, "Fin": 0.0009417449754231442, "VG": 0.008097598073188111, "ExecutableStatementCount": 0.10903662189012656, "AnonymousInnerClassLength": 1.0310436898991595e-05, "NumberOfPublicMethods_Checkstyle": 0.01385034378107713, "WMC_CK": 0.01838652165110973, "NumberOfPackageMethod": 0.00011949269398195522, "NestedForDepth": 5.089102853917573e-05, "ClassDataAbstractionCoupling": 0.06727894500897327, "NCSSForThisMethod": 0.10607970889784153, "NumberOfModifiers": 0.04331674791197844, "Ci": 0.006980509235381846, "NCSSForThisFile": 0.02883948762867237, "NestedIfElseDepth": 0.0019812032611586728}