{"accuracy_score": 0.989680969988821, "precision_score": 0.0, "recall_score": 0.0, "f1_score": 0.0, "roc_auc_score": 0.6885136571070645, "pr_auc_score": 0.012069386884912815}