{"VG": 0.020015570810114413, "NPathComplexity": 0.05575823742028059, "BooleanExpressionComplexity": 0.07945611821093766, "NestedIfElseDepth": 0.014263120445086128, "IOVars": 0.015850520194645973, "NumberOfProtectedMethod": 0.00044213363533017605, "ExecutableStatementCount": 0.08394807398657973, "ThrowsCount": 0.002420763458015113, "NCSSForThisFile": 0.01156607463341816, "NCSSForThisMethod": 0.08062432535983985, "AnonymousInnerClassLength": 0.007849956952760624, "CyclomaticComplexity": 0.026162919386317457, "NCOMP": 0.03476740933939243, "NumberOfModifiers": 0.09522551603523773, "Fout": 0.0075259025792305334, "NCSSForThisClass": 0.010906990553442259, "ClassDataAbstractionCoupling": 0.008809744211946859, "NestedForDepth": 0.0019096475021081144, "WMC_CK": 0.023873235720975914, "Si": 0.007255780171744537, "Ci": 0.024696436841759463, "NVAR": 0.022771866411152152, "FileLength": 0.015342634355929889, "Di": 0.021363687771765887, "NBD": 0.022393238384605326, "ClassFanOutComplexity": 0.008525267417496341, "NumberOfMathOperations": 0.03509344225973419, "NOP": 0.008539058113087378, "MCLC": 0.03469468235091084, "Maximum Depth": 0.041821810856489845, "NestedTryDepth": 4.175276941819902e-07, "NumberOfMethods_Checkstyle": 0.015200521529589391, "NumberOfPrivateMethod": 0.00829700535163619, "MaxNumberOfNestedBlocks": 0.016297690583528063, "NumberOfPackageMethod": 0.0001248099964940148, "NumberOfPublicMethods_Checkstyle": 0.010422806897094263, "Fin": 0.025935593542429553, "MethodLength": 0.09984698920119861}