{"accuracy_score": 0.9963484214530239, "precision_score": 0.0, "recall_score": 0.0, "f1_score": 0.0, "roc_auc_score": 0.5639958087862829, "pr_auc_score": 0.004201399866946334}