{"Maximum Depth_mean": 0.005434221427949148, "Maximum Depth_25%": 0.0017715460418693896, "blame_merge_priorityMinor_mean": 0.0, "issues_priorityMinor_count": 0.03803436573596957, "NumberOfMathOperations_50%": 0.002524396102299466, "Maximum Complexity*": 0.016403420197974857, "blame_merge_priorityMinor_max": 0.0, "Av": 0.00793854816529622, "MaxNumberOfNestedBlocks_25%": 0.002362097788951002, "NumberOfMathOperations_25%": 0.002662201945448219, "HMi": 0.0, "blamemerge_priorityMinor_min": 0.0005444143024895964, "Maximum Depth_max": 0.003574214241076418, "NumberOfMethods_Mood": 0.03749203294727269, "PMd": 0.03240162222702698, "MaxNumberOfNestedBlocks_count": 0.01880676511273979, "blamemerge_priorityMinor_max": 0.006041368755503191, "blame_merge_priorityMajor_count": 0.0, "blame_merge_priorityMinor_min": 0.0, "NumberOfModifiers_min": 0.0026385554647567508, "NOPa": 0.0, "NM": 0.023621740927349047, "MaxNumberOfNestedBlocks_75%": 0.004459606990207525, "MaxNumberOfNestedBlocks_min": 0.0007597525487625143, "NumberOfMathOperations_count": 0.01941847197789218, "blamemerge_priorityMinor_mean": 0.014950737250030736, "Ait": 0.0, "issues_priorityMajor_max": 0.00035818448104519565, "NumberOfModifiers_50%": 0.002700722092794108, "MaxNumberOfNestedBlocks_max": 0.0101592833086392, "Average Block Depth": 0.019252668045611904, "Mi": 0.0, "HMd": 0.011474329323529582, "Average Complexity*": 0.015066118401914276, "NumberOfMathOperations_std": 0.009614490000530445, "MaxNumberOfNestedBlocks_std": 0.012896778796505344, "PMi": 0.0, "Ad": 0.01575963415412777, "issues_priorityMinor_min": 0.00016506957356406004, "NumberOfModifiers_25%": 0.002036931922640788, "blame_merge_priorityMajor_std": 0.0, "issues_priorityMinor_max": 0.0037324655790261486, "NumberOfModifiers_count": 0.019831926938646202, "issues_priorityMinor_mean": 0.024367901512081656, "blamemerge_priorityMajor_std": 0.04659056935458762, "Maximum Depth_min": 0.0020651101599246592, "SIX": 0.0, "MaxNumberOfNestedBlocks_mean": 0.01096582598621998, "MaxNumberOfNestedBlocks_50%": 0.00276100596591514, "NumberOfMathOperations_mean": 0.009269054920878388, "issues_priorityMajor_count": 0.03737835696745006, "NF": 0.016112709891595967, "blamemerge_priorityMinor_std": 0.036379167197119415, "NumberOfModifiers_mean": 0.012811501507923678, "NMA": 0.04396770915944463, "NumberOfModifiers_std": 0.01046438165822016, "NumberOfModifiers_max": 0.009559533535926774, "issues_priorityMinor_std": 0.05621323856207556, "Maximum Block Depth": 0.011480170261337118, "NumberOfMathOperations_min": 0.000372589124238881, "Md": 0.04177731789316529, "Ao": 0.0, "issues_priorityMajor_min": 0.0020242946878886573, "blame_merge_priorityMinor_count": 0.0, "Maximum Depth_count": 0.017484562178079095, "blame_merge_priorityMinor_std": 0.0, "NumberOfModifiers_75%": 0.007250075093541044, "blamemerge_priorityMinor_count": 0.025426421491696057, "Average Statements per Method": 0.018067778107098316, "PMR": 0.010634016005025008, "blame_merge_priorityMajor_max": 0.0, "Ma": 0.044906698898696494, "issues_priorityMajor_std": 0.05446106371104427, "blame_merge_priorityMajor_mean": 0.0, "Mo": 0.0, "Maximum Depth_75%": 0.00299077853311657, "Ai": 0.0, "NumberOfMathOperations_max": 0.008004308391871894, "blame_merge_priorityMajor_min": 0.0, "blamemerge_priorityMajor_max": 0.0009140983642379406, "Mit": 0.0, "NumberOfMathOperations_75%": 0.0036591925280416277, "blamemerge_priorityMajor_count": 0.028280454223192884, "blamemerge_priorityMajor_min": 0.0014820719815716817, "Maximum Depth_50%": 0.0019566549890884925, "blamemerge_priorityMajor_mean": 0.014922290844746297, "Maximum Depth_std": 0.0038485184302220615, "issues_priorityMajor_mean": 0.016261895113296405, "NMI": 0.0}