{"accuracy_score": 0.928082191780822, "precision_score": 0.5384615384615384, "recall_score": 0.3181818181818182, "f1_score": 0.39999999999999997, "roc_auc_score": 0.8297979797979799, "pr_auc_score": 0.44925098731519786}