{"NOL": 0.0, "TLOC": 0.21819690626020036, "PMd": 0.11693684405627974, "RTLOC": 0.25553356154913337, "NSM": 0.04667848884416329, "NOA": 0.0, "ClRCi": 0.1346247570667561, "NOD": 0.0, "ClTCi": 0.15251761806980182, "NSF": 0.0583207938966909, "NPF": 0.01719103025697455}