{"accuracy_score": 0.6843615494978479, "precision_score": 0.22169811320754718, "recall_score": 0.46078431372549017, "f1_score": 0.29936305732484075, "roc_auc_score": 0.5730515735706048, "pr_auc_score": 0.21187104313418156}