{"accuracy_score": 0.9139072847682119, "precision_score": 0.2777777777777778, "recall_score": 1.0, "f1_score": 0.4347826086956522, "roc_auc_score": 0.9883561643835617, "pr_auc_score": 0.7193650793650794}