{"ExecutableStatementCount": 0.132225825840277, "NCSSForThisMethod": 0.1328681195888542, "NumberOfMethods_Checkstyle": 0.021802009623450396, "CyclomaticComplexity": 0.06837126174949046, "NestedIfElseDepth": 0.01742452926285585, "NumberOfProtectedMethod": 0.0001436152318514601, "MethodLength": 0.21527097204252155, "ThrowsCount": 0.05263016873139399, "ClassDataAbstractionCoupling": 0.012802838216145194, "NPathComplexity": 0.11292986183009776, "BooleanExpressionComplexity": 0.01991182329546932, "NumberOfPrivateMethod": 0.015028126744754738, "ClassFanOutComplexity": 0.0344870012791039, "FileLength": 0.049767132853015164, "NumberOfPublicMethods_Checkstyle": 0.013991299117951914, "NumberOfPackageMethod": 0.012978497679024769, "AnonymousInnerClassLength": 0.0006620610783583082, "NestedForDepth": 0.0021098742012667527, "NestedTryDepth": 7.735095407653461e-05, "NCSSForThisClass": 0.044367696421836494, "NCSSForThisFile": 0.04014993425820434}