{"accuracy_score": 0.970197602850664, "precision_score": 0.0, "recall_score": 0.0, "f1_score": 0.0, "roc_auc_score": 0.5999874011033981, "pr_auc_score": 0.035774845092089724}