{"NCSSForThisFile": 0.025085811277923673, "NumberOfLoops": 0.003074556692435556, "Ci": 0.007245371836464655, "NumberOfParenthesizedExps": 0.04904333329554048, "Di": 0.009028699595866904, "NVAR": 0.01657967781070109, "MethodLength": 0.07538186428420494, "Complexity": 0.03151168484218168, "NestedTryDepth": 3.854512846844068e-07, "WMC_CK": 0.01153570866946028, "Fin": 0.016237522305646207, "NumberOfLogStatements": 0.0016182373832518175, "LOCMethod_CK": 0.035409401916946914, "IsConstructor": 0.0015668934540492944, "NCSSForThisClass": 0.014761301126038271, "IOVars": 0.010032948584066793, "NBD": 0.015520466099388225, "NumberOfStringLiterals": 0.03270639383915638, "MaxNumberOfNestedBlocks": 0.01059979275504131, "AnonymousInnerClassLength": 0.00010265451405306614, "VG": 0.013694205200565718, "RFC": 0.04500541826881188, "NumberOfMethods_Checkstyle": 0.010213727574785848, "NumberOfAnonymousClasses": 1.3863765033665528e-06, "NumberOfNumbers": 0.022550470472933955, "ExecutableStatementCount": 0.03860160468041433, "NestedForDepth": 3.0633058265788987e-07, "NCOMP": 0.010557196173046677, "Calls": 0.04325537699034315, "NumberOfInnerClasses": 0.0, "NumberOfLambdas": 5.920830084528881e-09, "NumberOfModifiers": 0.015300033338771193, "NumberOfParameters_CK": 0.0041303854728302145, "CBO": 0.02873848953097103, "NOP": 0.002971431348505505, "FileLength": 0.022617615719328743, "NumberOfVariables": 0.024543860927116957, "NumberOfTryCatch": 0.0003491391733578863, "NumberOfUniqueWords": 0.07244953033806434, "ClassFanOutComplexity": 0.014991968856032056, "BooleanExpressionComplexity": 0.002168638287641314, "ClassDataAbstractionCoupling": 0.006071199477839779, "NumberOfProtectedMethod": 0.0004128102835693425, "NPathComplexity": 0.015430722652343914, "ThrowsCount": 0.017949966520383033, "NumberOfComparisons": 0.032810404343757295, "Si": 0.002699397988311455, "Maximum Depth": 0.019296848538584044, "CyclomaticComplexity": 0.0128254637269576, "NumberOfPrivateMethod": 0.005710117903488474, "Returns": 0.006817168681434613, "NCSSForThisMethod": 0.0395086659057877, "NumberOfAssignments": 0.02256009423969868, "NestedIfElseDepth": 0.003896537703122534, "NumberOfPublicMethods_Checkstyle": 0.00906445230481349, "Fout": 0.0032149571174896856, "NumberOfMathOperations": 0.005354169560520709, "NumberOfPackageMethod": 0.0007168905997398588, "Statements": 0.03961952678386338, "MCLC": 0.016857108953155273}