{"IsConstructor_count": 0.007097486829150944, "NumberOfUniqueWords_mean": 0.010729279531173263, "NumberOfMathOperations_75%": 0.0023465933075731285, "NumberOfModifiers_min": 0.0009411250450704374, "LOCMethod_CK_mean": 0.013652521870334763, "NumberOfModifiers_count": 0.00690162874272202, "NumberOfStringLiterals_75%": 0.004389974619341242, "NumberOfMathOperations_count": 0.009572215126563808, "NumberOfAnonymousClasses_min": 0.0, "LOCMethod_CK_25%": 0.0116364853301055, "CBO_75%": 0.003576188745106248, "NumberOfAnonymousClasses_std": 0.00022065730206135672, "NumberOfLoops_count": 0.005498932965816824, "NumberOfLogStatements_max": 0.0007910293447173129, "Returns_50%": 0.002976857119634341, "NumberOfStringLiterals_50%": 0.004128186330944778, "NumberOfLoops_max": 0.004125299480733394, "CBO_50%": 0.0018227965602241995, "NumberOfNumbers_75%": 0.008648010389317931, "LOCMethod_CK_max": 0.03125127977138229, "NumberOfAssignments_50%": 0.0033240125745222612, "NumberOfParameters_CK_count": 0.006346052789561194, "NumberOfUniqueWords_count": 0.007000361756425139, "LOCMethod_CK_std": 0.015261598660444003, "NumberOfComparisons_25%": 0.0014710683962279908, "NumberOfNumbers_mean": 0.010934490380355223, "WMC_CK_min": 0.0028347132533010815, "NumberOfMathOperations_50%": 0.0009654572600907786, "CBO_max": 0.0022423291063529984, "NumberOfNumbers_std": 0.016683605014268757, "NumberOfParenthesizedExps_max": 0.016294025764312246, "NumberOfAnonymousClasses_count": 0.00999919622978715, "IsConstructor_unique": 0.005200866747403231, "NumberOfTryCatch_75%": 0.00030096258111062755, "NumberOfLambdas_75%": 0.0, "NumberOfInnerClasses_count": 0.007188023034802539, "RFC_min": 0.0007753030473726957, "LOCMethod_CK_count": 0.00867687897702423, "NumberOfParenthesizedExps_50%": 0.006335930312060296, "NumberOfNumbers_max": 0.010617536942369759, "NumberOfTryCatch_mean": 0.0017485992889018228, "NumberOfAssignments_std": 0.012465940897092635, "NumberOfVariables_50%": 0.0037884877479709075, "LOCMethod_CK_min": 0.00547379326710738, "NumberOfLoops_50%": 6.419802777218756e-05, "NumberOfComparisons_50%": 0.0014117764858774624, "RFC_mean": 0.0053405363469065225, "NumberOfVariables_std": 0.006469441438174267, "NumberOfInnerClasses_75%": 0.0, "NumberOfParameters_CK_max": 0.008418997078260488, "NumberOfLogStatements_50%": 0.0, "NumberOfStringLiterals_max": 0.006390068492965537, "NumberOfModifiers_50%": 0.0032031665116953635, "NumberOfMathOperations_mean": 0.005866044202223972, "CBO_min": 0.00039254665002463413, "CBO_count": 0.00845022317648646, "WMC_CK_50%": 0.0065653728671345975, "NumberOfStringLiterals_std": 0.006526538717923713, "CBO_mean": 0.004186925132168783, "NumberOfInnerClasses_25%": 0.0, "MaxNumberOfNestedBlocks_mean": 0.006378729315648106, "NumberOfLoops_std": 0.006881003151992545, "NumberOfUniqueWords_min": 0.013461563026879949, "NumberOfParenthesizedExps_75%": 0.00816604063747685, "NumberOfMathOperations_25%": 0.0012982392346049753, "WMC_CK_25%": 0.004667052790585889, "NumberOfMathOperations_std": 0.005099721435200563, "NumberOfInnerClasses_50%": 0.0, "NumberOfVariables_mean": 0.005267740092427559, "NumberOfComparisons_max": 0.006781388058726049, "NumberOfLambdas_mean": 0.0, "NumberOfTryCatch_max": 0.0009854096660389606, "NumberOfNumbers_count": 0.006859860719136752, "NumberOfParenthesizedExps_count": 0.006324976295981252, "NumberOfMathOperations_min": 0.0, "IsConstructor_top": 6.459372772630077e-05, "NumberOfModifiers_75%": 0.014881934046586281, "NumberOfNumbers_25%": 0.0021772989798945538, "Returns_std": 0.02968552725345242, "MaxNumberOfNestedBlocks_75%": 0.00334395271165288, "NumberOfComparisons_75%": 0.006464383802073332, "NumberOfTryCatch_25%": 0.00015296733054559358, "NumberOfAssignments_count": 0.007782733224041476, "NumberOfLogStatements_std": 0.0004604671369937046, "NumberOfAssignments_mean": 0.006362311344204011, "Returns_max": 0.019215252950408372, "NumberOfStringLiterals_mean": 0.004652059519761677, "NumberOfAssignments_75%": 0.007226267163406642, "MaxNumberOfNestedBlocks_min": 0.0002902299183339029, "NumberOfParameters_CK_50%": 0.002149889536736209, "NumberOfUniqueWords_std": 0.009890603247648481, "NumberOfParameters_CK_mean": 0.010476236720744818, "NumberOfModifiers_25%": 0.0019860028340631802, "NumberOfAssignments_max": 0.006720290295257563, "WMC_CK_max": 0.022827302154306187, "NumberOfLogStatements_75%": 0.00014507570737764172, "NumberOfAssignments_25%": 0.0021833931262658433, "NumberOfLambdas_50%": 0.0, "RFC_max": 0.0044749236558102885, "NumberOfNumbers_min": 0.00019985451029136454, "NumberOfAssignments_min": 5.108430286165677e-05, "NumberOfVariables_count": 0.008516453104698913, "NumberOfLoops_min": 0.0, "NumberOfInnerClasses_min": 0.0, "NumberOfVariables_75%": 0.005930087536844179, "NumberOfInnerClasses_max": 0.0, "MaxNumberOfNestedBlocks_count": 0.008065547796487776, "Returns_25%": 0.000870198460211296, "NumberOfLambdas_min": 0.0, "NumberOfParameters_CK_min": 0.0005404205167079439, "RFC_50%": 0.004291880342655495, "WMC_CK_75%": 0.008463464977935422, "Returns_min": 0.0008461480977181799, "MaxNumberOfNestedBlocks_50%": 0.0009154244930610942, "NumberOfLoops_75%": 0.0014859419422940045, "Returns_count": 0.009975528131110665, "NumberOfVariables_min": 0.0001699684885835536, "NumberOfParenthesizedExps_std": 0.019897891927201428, "RFC_count": 0.007233190918165534, "NumberOfComparisons_min": 0.00014999214295815253, "MaxNumberOfNestedBlocks_std": 0.015899190539739178, "NumberOfLogStatements_min": 0.0, "NumberOfAnonymousClasses_max": 0.0001950999628547878, "WMC_CK_count": 0.008494627049103169, "NumberOfLogStatements_mean": 0.00038597935241813043, "Returns_75%": 0.004442668659778904, "NumberOfLambdas_max": 0.0, "NumberOfUniqueWords_max": 0.013555853447201364, "NumberOfTryCatch_min": 0.0, "RFC_std": 0.006867293998330095, "NumberOfLambdas_count": 0.007064195253316116, "Returns_mean": 0.011027811409695552, "NumberOfUniqueWords_25%": 0.010959922356588736, "NumberOfModifiers_max": 0.004207946950006283, "RFC_75%": 0.004793910688338673, "WMC_CK_std": 0.02186649566292538, "NumberOfVariables_25%": 0.001786881296717577, "NumberOfAnonymousClasses_mean": 6.52846999641376e-05, "NumberOfTryCatch_50%": 6.981985835071442e-05, "CBO_25%": 0.002846551327336843, "NumberOfLoops_mean": 0.006603280308819701, "RFC_25%": 0.005679158747114576, "NumberOfParameters_CK_25%": 0.002427627013616488, "NumberOfComparisons_std": 0.017329223689499716, "NumberOfParenthesizedExps_mean": 0.011943393878630268, "NumberOfStringLiterals_min": 0.00015441084880767476, "MaxNumberOfNestedBlocks_25%": 0.0016976238283984535, "NumberOfStringLiterals_25%": 0.0030863329273965933, "NumberOfParameters_CK_75%": 0.00488766947699665, "NumberOfTryCatch_std": 0.0014912363884686064, "LOCMethod_CK_75%": 0.015395900485281054, "NumberOfInnerClasses_mean": 0.0, "NumberOfModifiers_mean": 0.007629740495623326, "NumberOfInnerClasses_std": 0.0, "NumberOfParenthesizedExps_25%": 0.0006035827996614259, "LOCMethod_CK_50%": 0.01220043568776442, "NumberOfLogStatements_count": 0.007587608258767689, "NumberOfAnonymousClasses_50%": 0.0, "NumberOfAnonymousClasses_75%": 0.0, "NumberOfComparisons_mean": 0.010350530881229343, "NumberOfParenthesizedExps_min": 0.0, "NumberOfStringLiterals_count": 0.007164579915095458, "NumberOfLogStatements_25%": 0.0, "NumberOfLoops_25%": 0.000296305569173163, "CBO_std": 0.005230028110162385, "NumberOfLambdas_25%": 0.0, "NumberOfComparisons_count": 0.007311906181244632, "MaxNumberOfNestedBlocks_max": 0.007295064361558248, "NumberOfTryCatch_count": 0.008434748786217866, "IsConstructor_freq": 0.008166552714987218, "NumberOfMathOperations_max": 0.003098912746687268, "NumberOfUniqueWords_50%": 0.009694126960442952, "NumberOfUniqueWords_75%": 0.009661800944852004, "NumberOfNumbers_50%": 0.005841669624578757, "NumberOfAnonymousClasses_25%": 0.0, "NumberOfVariables_max": 0.007029947006889658, "NumberOfModifiers_std": 0.00712470855429825, "NumberOfLambdas_std": 0.0, "NumberOfParameters_CK_std": 0.013978218394764217,