{"accuracy_score": 0.8278145695364238, "precision_score": 0.08, "recall_score": 0.4, "f1_score": 0.13333333333333333, "roc_auc_score": 0.873972602739726, "pr_auc_score": 0.14442033676917398}