{"NumberOfMathOperations": 0.2090819350308897, "NumberOfModifiers": 0.2529933697924725, "Maximum Depth": 0.10558756441885146, "MissingDefault": 0.00026504835569743634, "MaxNumberOfNestedBlocks": 0.08498124232091425, "WMC_CK": 0.27290179384747315, "MagicNumber": 0.07418904623370147}