{"accuracy_score": 0.9613371602228601, "precision_score": 0.11764705882352941, "recall_score": 0.009259259259259259, "f1_score": 0.017167381974248924, "roc_auc_score": 0.7522357209145364, "pr_auc_score": 0.05332048753137973}