{"NumberOfAssignments_75%": 0.00551852330919627, "RFC_50%": 0.007234040583608766, "LOCMethod_CK_count": 0.005528220327483754, "NumberOfVariables_min": 0.00027891232866314713, "NumberOfStringLiterals_mean": 0.011298198647116888, "NumberOfLambdas_50%": 0.0, "NumberOfLambdas_mean": 0.0, "NumberOfModifiers_mean": 0.010017623974247807, "LOCMethod_CK_25%": 0.007340148612885946, "NumberOfParameters_CK_mean": 0.013168417983232301, "NumberOfInnerClasses_mean": 0.006410734307552504, "WMC_CK_mean": 0.009276158163453386, "NumberOfMathOperations_75%": 0.0034821671931489872, "NumberOfParenthesizedExps_max": 0.007668517936035282, "NumberOfStringLiterals_min": 0.00019868741647370675, "NumberOfComparisons_min": 2.3384016229382538e-05, "NumberOfLogStatements_max": 0.004139633758404343, "NumberOfStringLiterals_std": 0.00932849922126562, "NumberOfModifiers_min": 0.004469126753499297, "LOCMethod_CK_50%": 0.006841866704426551, "NumberOfLoops_50%": 0.00027187869830996636, "NumberOfParameters_CK_75%": 0.014193657193572058, "NumberOfLogStatements_75%": 0.00037001658301938557, "NumberOfLogStatements_25%": 0.0, "NumberOfAssignments_min": 0.0007728280893282487, "NumberOfParenthesizedExps_std": 0.005751581948136535, "NumberOfAnonymousClasses_75%": 5.8549667641920764e-05, "NumberOfAssignments_50%": 0.004048099877820157, "CBO_count": 0.005032726109988922, "NumberOfLambdas_count": 0.005644215288549242, "NumberOfLoops_75%": 0.0012943728705073437, "NumberOfLoops_25%": 0.0, "MaxNumberOfNestedBlocks_75%": 0.004006067764949373, "NumberOfMathOperations_25%": 0.0022753552380089977, "NumberOfModifiers_count": 0.005560738927003419, "LOCMethod_CK_75%": 0.009560828523589165, "NumberOfMathOperations_count": 0.005453375043052365, "NumberOfAssignments_mean": 0.010081207882752203, "NumberOfUniqueWords_min": 0.013265093074021914, "NumberOfStringLiterals_count": 0.004368687435691808, "MaxNumberOfNestedBlocks_50%": 0.0020237041218421005, "NumberOfLoops_min": 0.0, "NumberOfStringLiterals_75%": 0.008683262400889919, "NumberOfUniqueWords_75%": 0.018994471847825115, "NumberOfInnerClasses_75%": 0.0, "MaxNumberOfNestedBlocks_mean": 0.0067523708218675555, "NumberOfComparisons_count": 0.005163489023882109, "NumberOfStringLiterals_max": 0.009424679828891967, "NumberOfComparisons_mean": 0.005836582701300681, "Returns_mean": 0.011242442064032241, "RFC_mean": 0.011272898696405605, "NumberOfMathOperations_max": 0.007538924546822647, "NumberOfParameters_CK_count": 0.00516350991356722, "IsConstructor_count": 0.0050444143697944135, "NumberOfLoops_count": 0.004873687377056309, "CBO_max": 0.009904075448869586, "NumberOfNumbers_min": 0.00036643303397232945, "NumberOfAnonymousClasses_50%": 0.0, "NumberOfMathOperations_min": 0.00022697452375748024, "NumberOfVariables_75%": 0.004969892946468532, "NumberOfLogStatements_std": 0.005144729087342698, "NumberOfUniqueWords_25%": 0.019699006190051688, "NumberOfModifiers_75%": 0.007041204711454448, "NumberOfAssignments_max": 0.009876357956533884, "NumberOfLogStatements_50%": 0.0, "Returns_min": 0.0020768448781288123, "LOCMethod_CK_std": 0.010563874009413528, "NumberOfNumbers_75%": 0.0037207498173346875, "NumberOfTryCatch_count": 0.005743582634554348, "NumberOfVariables_50%": 0.0035793620348848125, "Returns_75%": 0.009070034236518587, "NumberOfTryCatch_75%": 0.0009106482195373916, "NumberOfUniqueWords_mean": 0.02481585489175053, "NumberOfParenthesizedExps_50%": 0.000453886854913995, "NumberOfTryCatch_max": 0.0014159283329768972, "NumberOfModifiers_50%": 0.005861294811885945, "NumberOfNumbers_25%": 0.0008752530019674933, "CBO_std": 0.011102739345974829, "LOCMethod_CK_mean": 0.012955000906738007, "NumberOfUniqueWords_50%": 0.019598491745840153, "NumberOfMathOperations_std": 0.00943087678490191, "NumberOfLogStatements_count": 0.005122375936805117, "RFC_count": 0.004994824751670138, "NumberOfAnonymousClasses_count": 0.0054263026099245866, "NumberOfModifiers_25%": 0.00559229468882364, "MaxNumberOfNestedBlocks_std": 0.007262365891363164, "NumberOfInnerClasses_min": 0.0, "NumberOfTryCatch_min": 3.010563219197665e-07, "NumberOfNumbers_50%": 0.002718966853788293, "NumberOfAssignments_25%": 0.003217618695772008, "NumberOfParameters_CK_min": 0.0025817190305391507, "NumberOfUniqueWords_max": 0.01699267607452264, "NumberOfParameters_CK_std": 0.017927981577152342, "CBO_25%": 0.006729960435232121, "NumberOfComparisons_50%": 0.0016703085495091978, "Returns_max": 0.005691032808031605, "WMC_CK_std": 0.00934617696312447, "MaxNumberOfNestedBlocks_25%": 0.001233130418091276, "NumberOfTryCatch_mean": 0.0038423321185297055, "NumberOfAnonymousClasses_25%": 0.0, "NumberOfLogStatements_mean": 0.005994495637732917, "NumberOfAnonymousClasses_mean": 0.01018690837078396, "NumberOfParameters_CK_max": 0.0055043920217359476, "NumberOfLambdas_75%": 0.0, "WMC_CK_25%": 0.0016630320920752706, "NumberOfParameters_CK_25%": 0.004092648317988646, "CBO_mean": 0.010737931976311716, "NumberOfAssignments_count": 0.00415063912165649, "CBO_75%": 0.008700866982353396, "NumberOfAnonymousClasses_std": 0.012900984221756315, "NumberOfLambdas_max": 0.0, "WMC_CK_max": 0.0075679151044274655, "RFC_75%": 0.009190884192537977, "NumberOfLambdas_min": 0.0, "NumberOfVariables_25%": 0.002958456649367954, "MaxNumberOfNestedBlocks_count": 0.005353603996954352, "NumberOfModifiers_max": 0.004733843173537814, "NumberOfUniqueWords_std": 0.01437382588568983, "NumberOfLoops_max": 0.0043885465756458965, "NumberOfNumbers_std": 0.007542846784618828, "RFC_max": 0.011598886113311044, "NumberOfInnerClasses_25%": 0.0, "NumberOfStringLiterals_50%": 0.0068751152924603045, "NumberOfStringLiterals_25%": 0.0017004288051402515, "MaxNumberOfNestedBlocks_min": 0.0005007112519521848, "Returns_25%": 0.00486025907232977, "NumberOfInnerClasses_50%": 0.0, "CBO_min": 0.004271748086053757, "NumberOfLoops_std": 0.00632863860190899, "NumberOfInnerClasses_std": 0.008220465172198427, "NumberOfNumbers_max": 0.008038365229425592, "NumberOfParameters_CK_50%": 0.00426605451910222, "WMC_CK_50%": 0.002234418525399098, "MaxNumberOfNestedBlocks_max": 0.004476311181387536, "Returns_std": 0.011627360908030966, "IsConstructor_freq": 0.007196578696466763, "Returns_count": 0.005040147961313849, "NumberOfNumbers_mean": 0.00797739468020777, "WMC_CK_count": 0.006156137301619016, "WMC_CK_min": 0.0003323034526454212, "NumberOfMathOperations_50%": 0.0010613939240261602, "NumberOfLogStatements_min": 0.0, "NumberOfParenthesizedExps_count": 0.005369231739540535, "NumberOfVariables_count": 0.0040691500011338965, "NumberOfInnerClasses_max": 0.004995160060732754, "NumberOfComparisons_std": 0.005075719351868776, "CBO_50%": 0.005747793275476751, "WMC_CK_75%": 0.005048156009254693, "NumberOfAnonymousClasses_max": 0.014112845866279788, "NumberOfComparisons_25%": 0.0005381641572675868, "NumberOfInnerClasses_count": 0.004875471708492907, "IsConstructor_unique": 0.001631850208724351, "NumberOfComparisons_max": 0.004442611437199074, "NumberOfTryCatch_25%": 5.437658155049453e-05, "NumberOfLoops_mean": 0.005635639030119857, "NumberOfParenthesizedExps_75%": 0.0009882258581342723, "NumberOfTryCatch_std": 0.0045137411909797216, "NumberOfVariables_mean": 0.010237599906646798, "LOCMethod_CK_max": 0.011709194609517904, "NumberOfUniqueWords_count": 0.004710228859762678, "NumberOfVariables_max": 0.013083329749555632, "NumberOfMathOperations_mean": 0.008459394977416797, "NumberOfComparisons_75%": 0.0023447144891358125, "NumberOfParenthesizedExps_min": 5.009802363164301e-06, "NumberOfVariables_std": 0.01179516473091818, "NumberOfParenthesizedExps_25%": 0.0003842479105345064, "Returns_50%": 0.00741554244159828, "NumberOfParenthesizedExps_mean": 0.004172221472369316, "NumberOfLambdas_25%": 0.0, "LOCMethod_CK_min": 0.004320988383568116, "NumberOfNumbers_count": 0.004940123190246212, "NumberOfTryCatch_50%": 0.0, "NumberOfModifiers_std": 0.005863108851462099, "NumberOfAnonymousClasses_min": 0.0, "RFC_min": 0.005643349075156595, "RFC_25%": 0.006974615513901132, "IsConstructor_top": 0.00035697107838111863,