{"accuracy_score": 0.980546792849632, "precision_score": 0.0, "recall_score": 0.0, "f1_score": 0.0, "roc_auc_score": 0.6960042621204049, "pr_auc_score": 0.03098500118718829}