{"NumberOfComparisons": 0.01216676350531027, "ClassDataAbstractionCoupling": 0.008036685243258294, "RFC": 0.0635883589187523, "Di": 0.01008356940580585, "NumberOfInnerClasses": 0.0, "NumberOfAssignments": 0.027768986164376695, "NumberOfParameters_CK": 0.010049588887861652, "NumberOfLoops": 0.006741305506417269, "NumberOfLambdas": 0.018879907716538795, "NPathComplexity": 0.023650075664618294, "NumberOfUniqueWords": 0.10813202074372567, "NumberOfPublicMethods_Checkstyle": 0.009355790200725718, "NCSSForThisMethod": 0.050485676101813884, "BooleanExpressionComplexity": 0.009833961655311323, "NOP": 0.0034208362681134733, "NestedIfElseDepth": 0.0007840972949387652, "Fin": 0.007010851497021487, "LOCMethod_CK": 0.049428025685756855, "NumberOfModifiers": 0.023997694224458247, "Fout": 0.005287470919385223, "NumberOfPrivateMethod": 0.0028407103528317727, "NestedForDepth": 0.0011795988848794022, "MaxNumberOfNestedBlocks": 0.010130088450400929, "NumberOfMethods_Checkstyle": 0.01050005617227239, "NestedTryDepth": 3.840954490170743e-06, "CyclomaticComplexity": 0.019075451302608685, "NCOMP": 0.01568363078641481, "FileLength": 0.014846409246574469, "MCLC": 0.013661847184155656, "Ci": 0.010947407900710419, "Returns": 0.014317093860792584, "ClassFanOutComplexity": 0.01724838270393536, "NumberOfMathOperations": 0.01767986661372259, "VG": 0.012369695074948268, "NumberOfNumbers": 0.022713801938466463, "NumberOfAnonymousClasses": 0.004546224233109135, "NumberOfLogStatements": 0.0004332691168626203, "NumberOfTryCatch": 0.00031908451972930806, "CBO": 0.0678298473021087, "MethodLength": 0.07176539024508646, "NumberOfVariables": 0.026813197726844897, "NCSSForThisClass": 0.01596042036440887, "NumberOfPackageMethod": 0.0030991412911631567, "NumberOfParenthesizedExps": 0.0070504979703669155, "NVAR": 0.005706438669518541, "AnonymousInnerClassLength": 0.01045578710333821, "NBD": 0.008436158645028936, "IsConstructor": 0.0006705213316659238, "WMC_CK": 0.022325073664122383, "ThrowsCount": 0.01355022454818782, "IOVars": 0.006238113106666663, "NumberOfStringLiterals": 0.04279808229771718, "NCSSForThisFile": 0.011416137400313065, "Si": 0.005490267763421963, "ExecutableStatementCount": 0.04282191255372374, "NumberOfProtectedMethod": 0.0003746631152215826}