{"accuracy_score": 0.9701732247332798, "precision_score": 0.1, "recall_score": 0.012711864406779662, "f1_score": 0.02255639097744361, "roc_auc_score": 0.6852353416110588, "pr_auc_score": 0.047019468968339015}