{"MaxNumberOfNestedBlocks_mean": 0.006015796455689388, "NumberOfParameters_CK_mean": 0.010584371834212708, "NumberOfStringLiterals_75%": 0.008883223440174828, "NumberOfComparisons_min": 0.0010259921538577053, "NumberOfNumbers_max": 0.002886714432826545, "CBO_mean": 0.017882244829121787, "NumberOfParenthesizedExps_50%": 0.0006234054043065118, "NumberOfStringLiterals_std": 0.009722113628469538, "NumberOfInnerClasses_count": 0.007481808826863764, "NumberOfParenthesizedExps_max": 0.002582720355425424, "NumberOfUniqueWords_std": 0.01438745144305893, "MaxNumberOfNestedBlocks_std": 0.0049899888592599695, "NumberOfParameters_CK_std": 0.013879530303384357, "RFC_50%": 0.009595422497409925, "NumberOfModifiers_mean": 0.010055065475721449, "NumberOfLambdas_75%": 0.0006918351587216785, "NumberOfTryCatch_max": 0.0011855258942550565, "WMC_CK_50%": 0.002517320913354781, "NumberOfMathOperations_25%": 0.0009207254184279444, "LOCMethod_CK_std": 0.011075179262535626, "NumberOfTryCatch_mean": 0.002938270392171322, "IsConstructor_count": 0.0064756500045107185, "NumberOfAssignments_75%": 0.006329623650900084, "NumberOfNumbers_75%": 0.0022150909687418015, "NumberOfMathOperations_count": 0.007327942388238877, "NumberOfAnonymousClasses_25%": 0.001339492678275557, "NumberOfInnerClasses_mean": 0.0, "LOCMethod_CK_50%": 0.008430136468947516, "NumberOfLoops_max": 0.0016429798405556786, "WMC_CK_mean": 0.007126671928332611, "NumberOfInnerClasses_75%": 0.0, "NumberOfAnonymousClasses_min": 0.00036006374491573916, "NumberOfModifiers_count": 0.007587672431514947, "NumberOfModifiers_std": 0.009248183693730917, "NumberOfModifiers_min": 0.004889627859804601, "NumberOfMathOperations_50%": 0.0010495881324297089, "CBO_count": 0.007323288395514089, "NumberOfLogStatements_std": 0.004282790908873581, "NumberOfInnerClasses_50%": 0.0, "LOCMethod_CK_mean": 0.013596491831585645, "LOCMethod_CK_count": 0.006917787216449193, "NumberOfComparisons_max": 0.004837634805852182, "NumberOfStringLiterals_min": 0.002919684243920377, "NumberOfInnerClasses_max": 0.0, "NumberOfAnonymousClasses_std": 0.0022188659098922236, "NumberOfMathOperations_mean": 0.0034720654231189746, "NumberOfLogStatements_75%": 0.003241893740878279, "NumberOfVariables_25%": 0.002266998045465481, "NumberOfLoops_25%": 0.00046733993889578837, "NumberOfLoops_count": 0.007391100437629002, "NumberOfStringLiterals_50%": 0.006225142857772299, "NumberOfParameters_CK_75%": 0.008054433600264895, "NumberOfVariables_count": 0.006460384237928208, "NumberOfNumbers_50%": 0.0014434501233669178, "NumberOfParenthesizedExps_75%": 0.0009535749871241732, "MaxNumberOfNestedBlocks_count": 0.00744519776907743, "RFC_std": 0.014980575564769642, "NumberOfLoops_75%": 0.0015275811037328117, "NumberOfComparisons_mean": 0.006227273688785327, "NumberOfTryCatch_std": 0.002253314581196181, "NumberOfParenthesizedExps_min": 0.00024000461488568638, "CBO_min": 0.006372862368550463, "NumberOfInnerClasses_min": 0.0, "LOCMethod_CK_75%": 0.01209493654417853, "NumberOfUniqueWords_min": 0.010755242801978003, "NumberOfAssignments_mean": 0.00948453411416857, "MaxNumberOfNestedBlocks_50%": 0.001564156612988545, "NumberOfAssignments_std": 0.009223642717089793, "NumberOfLogStatements_50%": 0.0015907228517524918, "Returns_count": 0.007177960861995092, "NumberOfTryCatch_min": 0.0005473300244763082, "MaxNumberOfNestedBlocks_min": 0.0006094066173495009, "NumberOfNumbers_mean": 0.0038553890790709697, "NumberOfParameters_CK_max": 0.007984122967386056, "NumberOfAnonymousClasses_mean": 0.0026689275661033103, "NumberOfTryCatch_count": 0.007043680168580591, "NumberOfUniqueWords_50%": 0.012095950583095401, "NumberOfVariables_mean": 0.0066855499484474975, "RFC_max": 0.02225898118394614, "NumberOfParameters_CK_25%": 0.006949478390670275, "NumberOfAssignments_25%": 0.003651274714554882, "NumberOfParenthesizedExps_std": 0.0029743428991805348, "NumberOfLoops_std": 0.0032952322562669538, "NumberOfStringLiterals_max": 0.01246270315689024, "Returns_50%": 0.004194337430320164, "NumberOfLoops_50%": 0.0006825420472690662, "NumberOfAssignments_50%": 0.004467270986962403, "NumberOfModifiers_25%": 0.005761835274362239, "RFC_count": 0.006981697750881067, "NumberOfLambdas_50%": 0.0003467372756367286, "WMC_CK_25%": 0.0024151373366891626, "NumberOfLoops_mean": 0.0031810706149497095, "NumberOfLambdas_mean": 0.0019831882555517493, "Returns_max": 0.0034911063732450593, "NumberOfAssignments_max": 0.007511085508236253, "IsConstructor_top": 0.0023396429878185317, "NumberOfParameters_CK_50%": 0.005970195115498545, "NumberOfVariables_max": 0.009991752106236358, "NumberOfVariables_50%": 0.0025426373145676323, "NumberOfNumbers_count": 0.006682153247773971, "MaxNumberOfNestedBlocks_75%": 0.0037107029921049283, "Returns_min": 0.0021810562651493185, "NumberOfAnonymousClasses_count": 0.0057826779332106676, "IsConstructor_freq": 0.011127573914439807, "NumberOfAnonymousClasses_50%": 0.0015176499284550058, "NumberOfNumbers_std": 0.004345318801808786, "NumberOfParenthesizedExps_25%": 0.0006679326470310329, "NumberOfAnonymousClasses_75%": 0.0018614783286481462, "LOCMethod_CK_25%": 0.007790010756820507, "WMC_CK_min": 0.0010620394203231841, "NumberOfComparisons_std": 0.005419159386793372, "NumberOfLogStatements_max": 0.003524338758853591, "NumberOfMathOperations_std": 0.0036427321521176896, "RFC_mean": 0.015545209679478193, "RFC_25%": 0.01110277213528488, "NumberOfLambdas_std": 0.0017895031129131942, "Returns_std": 0.007724890797048896, "NumberOfTryCatch_25%": 0.000637422584112067, "MaxNumberOfNestedBlocks_25%": 0.00142372785945613, "NumberOfVariables_min": 0.0009721533876851251, "MaxNumberOfNestedBlocks_max": 0.004712627679648582, "Returns_75%": 0.004353606404227807, "CBO_50%": 0.009801944500320679, "NumberOfNumbers_25%": 0.0013443348168497018, "NumberOfTryCatch_50%": 0.0008991672708044493, "NumberOfStringLiterals_25%": 0.0050708942264559445, "NumberOfUniqueWords_max": 0.01523753007905669, "NumberOfModifiers_75%": 0.006378326500954652, "NumberOfAnonymousClasses_max": 0.001595628710797226, "NumberOfModifiers_50%": 0.005736616616336688, "NumberOfNumbers_min": 0.000724180421722668, "NumberOfInnerClasses_std": 0.0, "RFC_75%": 0.011205850970825363, "NumberOfLambdas_max": 0.0009079503741710084, "NumberOfParameters_CK_count": 0.0075836608787923955, "IsConstructor_unique": 0.002571098217766465, "NumberOfUniqueWords_mean": 0.01593397914960395, "NumberOfComparisons_75%": 0.00425624755333919, "WMC_CK_count": 0.009047942104017223, "CBO_std": 0.012458669708899632, "CBO_75%": 0.014401160470518277, "NumberOfLambdas_count": 0.006943926076755186, "RFC_min": 0.005990164698926878, "NumberOfVariables_75%": 0.004508416074577404, "Returns_25%": 0.0037021403917824654, "WMC_CK_max": 0.009597502397534445, "NumberOfComparisons_50%": 0.003307990748817347, "NumberOfLambdas_25%": 0.0004136731037331841, "WMC_CK_std": 0.009022556873433714, "NumberOfParenthesizedExps_mean": 0.0028529618773802928, "NumberOfInnerClasses_25%": 0.0, "NumberOfVariables_std": 0.008011080163995933, "WMC_CK_75%": 0.004892642724448377, "NumberOfMathOperations_min": 0.0005010774685661976, "NumberOfAssignments_count": 0.007784515243853188, "NumberOfParameters_CK_min": 0.004507608648179197, "NumberOfMathOperations_max": 0.0027027098073441782, "NumberOfUniqueWords_25%": 0.013582178314668677, "NumberOfAssignments_min": 0.0017312760567142823, "NumberOfUniqueWords_count": 0.008868394109309742, "NumberOfModifiers_max": 0.006065239591785352, "NumberOfLogStatements_count": 0.0076045755095005985, "NumberOfLogStatements_mean": 0.0046438319797560005, "NumberOfComparisons_25%": 0.003231320984468823, "NumberOfParenthesizedExps_count": 0.006754744953670225, "NumberOfComparisons_count": 0.0078447746088025, "NumberOfLogStatements_25%": 0.0015462112730466383, "NumberOfLogStatements_min": 0.0012269959032073867, "NumberOfStringLiterals_count": 0.006588501606148582, "NumberOfUniqueWords_75%": 0.01575976850775278, "Returns_mean": 0.008923260097327915, "NumberOfLambdas_min": 0.00019266054314175557,