{"accuracy_score": 0.6527977044476327, "precision_score": 0.19298245614035087, "recall_score": 0.43137254901960786, "f1_score": 0.2666666666666667, "roc_auc_score": 0.5823611797660241, "pr_auc_score": 0.20333112096278302}