{"accuracy_score": 0.8839869281045751, "precision_score": 0.24390243902439024, "recall_score": 0.2, "f1_score": 0.21978021978021978, "roc_auc_score": 0.5858718861209964, "pr_auc_score": 0.196548884684364}