{"ExecutableStatementCount": 0.04544116838887533, "NumberOfParameters_CK": 0.01196170770510166, "NCSSForThisMethod": 0.04101822286028693, "NumberOfMethods_Checkstyle": 0.014931632179059556, "RFC": 0.04031752714585695, "Si": 0.007074339324846114, "MCLC": 0.019418017168983365, "NumberOfStringLiterals": 0.029949024802821984, "NumberOfUniqueWords": 0.07176897509492128, "CyclomaticComplexity": 0.018575203137643274, "NestedIfElseDepth": 0.004485615882000784, "NumberOfProtectedMethod": 0.0, "MethodLength": 0.05356758164384951, "ThrowsCount": 0.01416011172162012, "Returns": 0.01317516220715244, "VG": 0.010394966955047777, "MaxNumberOfNestedBlocks": 0.015544601272611473, "CBO": 0.031044563166883306, "NumberOfLambdas": 0.0, "NOP": 0.0049006992533401645, "NVAR": 0.007770534297550645, "ClassDataAbstractionCoupling": 0.010045948742767753, "NPathComplexity": 0.02609693505216535, "BooleanExpressionComplexity": 0.006621016902338184, "NumberOfComparisons": 0.008612383630738959, "NumberOfMathOperations": 0.017422344787802267, "NumberOfPrivateMethod": 0.009172018673777652, "ClassFanOutComplexity": 0.020883103619270375, "NumberOfAssignments": 0.03060200336152837, "Fin": 0.0021430384327925877, "FileLength": 0.02402027199240985, "NumberOfPublicMethods_Checkstyle": 0.009800819035538757, "IsConstructor": 0.006414516523627241, "NumberOfPackageMethod": 0.009151621754068683, "NumberOfParenthesizedExps": 0.0071243634961157855, "IOVars": 0.008183072916877102, "AnonymousInnerClassLength": 0.0002136584141816524, "NCOMP": 0.01654387040506717, "NestedForDepth": 0.0005621894505647678, "NumberOfVariables": 0.020700530101811835, "NumberOfTryCatch": 0.03830538616559087, "NumberOfNumbers": 0.03805915346690761, "Fout": 0.006830958136115222, "WMC_CK": 0.017963871837417482, "NestedTryDepth": 0.00022563287376688802, "Di": 0.010947958558215875, "LOCMethod_CK": 0.04329894807719456, "NumberOfLogStatements": 0.02044293202257764, "NumberOfLoops": 0.014488561471434349, "NumberOfInnerClasses": 0.0, "NumberOfModifiers": 0.0512791631170686, "NCSSForThisClass": 0.023862133129848452, "NumberOfAnonymousClasses": 0.0006510757101039593, "NBD": 0.009508648852727798, "NCSSForThisFile": 0.023029850324695827, "Ci": 0.011292364754437852}