{"accuracy_score": 0.9703595724003887, "precision_score": 0.0, "recall_score": 0.0, "f1_score": 0.0, "roc_auc_score": 0.6226999909060595, "pr_auc_score": 0.0400745544302848}