{"blamemerge_blamegetEffort_std": 0.020913607098827763, "blame_merge_blame_getVocabulary_std": 0.0, "blamemerge_blamegetVocabulary_max": 0.018934522640259483, "blamemerge_blamegetDifficulty_count": 0.02764878453474048, "blame_merge_blame_getVocabulary_mean": 0.0, "blamemerge_blamegetDifficulty_mean": 0.04188330572843719, "blame_merge_blame_getVolume_std": 0.0, "AnonymousInnerClassLength_50%": 2.0642074208123848e-05, "blame_merge_blame_getDifficulty_count": 0.0, "blame_merge_blame_getLength_std": 0.0, "blame_merge_blame_getDifficulty_mean": 0.0, "MethodLength_25%": 0.005934429785388066, "NumberOfDistinctOperators": 0.03131621552004091, "MethodLength_50%": 0.007730872450922306, "MethodLength_count": 0.008183578023075653, "blame_merge_blame_getEffort_mean": 0.0, "blame_merge_blame_getLength_count": 0.0, "Length": 0.03923063945616853, "blamemerge_blamegetVocabulary_std": 0.019207205753737116, "blamemerge_blamegetVocabulary_count": 0.026755134614008497, "MethodLength_mean": 0.010730136736977671, "FileLength_min": 0.0028290703666863947, "blamemerge_blamegetEffort_count": 0.02660340953678608, "Volume": 0.03795726693707773, "blame_merge_blame_getVolume_min": 0.0, "FileLength_mean": 0.010393414560364148, "blamemerge_blamegetVolume_mean": 0.047162557908990335, "blame_merge_blame_getLength_mean": 0.0, "blame_merge_blame_getVocabulary_max": 0.0, "blamemerge_blamegetVolume_max": 0.016960010759505876, "blamemerge_blamegetVolume_std": 0.02081831841119972, "blame_merge_blame_getEffort_max": 0.0, "blamemerge_blamegetEffort_mean": 0.02990707221108751, "blamemerge_blamegetDifficulty_std": 0.024462512921185474, "blame_merge_blame_getVolume_mean": 0.0, "blamemerge_blamegetLength_max": 0.016720668020975535, "NumberOfDistinctOperands": 0.031546937065115764, "MethodLength_min": 0.005155751652848383, "blame_merge_blame_getEffort_min": 0.0, "blame_merge_blame_getDifficulty_max": 0.0, "blamemerge_blamegetLength_mean": 0.05423737945592219, "AnonymousInnerClassLength_mean": 0.00240343166177218, "blame_merge_blame_getVolume_max": 0.0, "AnonymousInnerClassLength_max": 0.0023443095735992494, "AnonymousInnerClassLength_std": 0.002742809758377258, "FileLength_25%": 0.004679455865536698, "blame_merge_blame_getDifficulty_std": 0.0, "AnonymousInnerClassLength_count": 0.0071358307269832515, "FileLength_std": 0.010823724562923364, "FileLength_max": 0.013215005479196946, "blame_merge_blame_getLength_min": 0.0, "blame_merge_blame_getVocabulary_count": 0.0, "blame_merge_blame_getVocabulary_min": 0.0, "blamemerge_blamegetLength_std": 0.020268058870910932, "blame_merge_blame_getVolume_count": 0.0, "blame_merge_blame_getLength_max": 0.0, "blamemerge_blamegetEffort_max": 0.016783842476226652, "TotalNumberOfOperators": 0.03471614256133866, "FileLength_75%": 0.006755550381455619, "Effort": 0.03384486462155193, "blame_merge_blame_getDifficulty_min": 0.0, "AnonymousInnerClassLength_25%": 0.0, "blamemerge_blamegetDifficulty_max": 0.01738126466636246, "Vocabulary": 0.029762603864841263, "AnonymousInnerClassLength_min": 0.0, "AnonymousInnerClassLength_75%": 8.73636703513137e-05, "MethodLength_std": 0.01041523602651602, "blamemerge_blamegetVolume_count": 0.022504591062503958, "FileLength_50%": 0.004103391457027444, "blamemerge_blamegetVocabulary_mean": 0.04516679761655677, "FileLength_count": 0.007097227239371974, "MethodLength_max": 0.014336526728532573, "blame_merge_blame_getEffort_std": 0.0, "Difficulty": 0.02707396612414116, "MethodLength_75%": 0.012186853193877448, "blamemerge_blamegetLength_count": 0.02944918402625101, "TotalNumberOfOperands": 0.041478523559257026, "blame_merge_blame_getEffort_count": 0.0}