{"accuracy_score": 0.9045662100456621, "precision_score": 0.1282051282051282, "recall_score": 0.027777777777777776, "f1_score": 0.045662100456621, "roc_auc_score": 0.7433568269762298, "pr_auc_score": 0.20070196745567054}