{"accuracy_score": 0.9702276707530648, "precision_score": 0.16666666666666666, "recall_score": 0.42105263157894735, "f1_score": 0.23880597014925375, "roc_auc_score": 0.8839712918660286, "pr_auc_score": 0.0852770670095156}