{"accuracy_score": 0.9690601284296556, "precision_score": 0.16, "recall_score": 0.42105263157894735, "f1_score": 0.2318840579710145, "roc_auc_score": 0.8894550425650904, "pr_auc_score": 0.08423757683218239}