{"accuracy_score": 0.6853448275862069, "precision_score": 0.0136986301369863, "recall_score": 0.5, "f1_score": 0.02666666666666666, "roc_auc_score": 0.5051630434782608, "pr_auc_score": 0.010797618145957193}