{"accuracy_score": 0.6961206896551724, "precision_score": 0.014184397163120567, "recall_score": 0.5, "f1_score": 0.027586206896551724, "roc_auc_score": 0.5339673913043478, "pr_auc_score": 0.010474522103402977}