{"WMC_CK_25%": 0.022740726413197472, "WMC_CK_max": 0.06532939060395511, "WMC": 0.2073105851961675, "WMC_CK_75%": 0.06104988124436004, "NOCh": 8.426060320367877e-05, "NPM": 0.14541199916788006, "NMI": 0.0, "WMC_CK_50%": 0.03096885270536943, "WMC_CK_min": 0.00905967303282532, "NORM": 0.0, "NMIR": 0.0, "WMC_CK_std": 0.12616792616035258, "WMC_CK_count": 0.18829229517869137, "WMC_CK_mean": 0.11322979540744266, "DIT": 0.03035461428655501}