{"accuracy_score": 0.9408914728682171, "precision_score": 0.43283582089552236, "recall_score": 0.25663716814159293, "f1_score": 0.32222222222222224, "roc_auc_score": 0.7591251139647015, "pr_auc_score": 0.22742488026004756}