{"accuracy_score": 0.8936073059360731, "precision_score": 0.21505376344086022, "recall_score": 0.1111111111111111, "f1_score": 0.14652014652014653, "roc_auc_score": 0.6331426202321726, "pr_auc_score": 0.18258363319900855}