{"accuracy_score": 0.8590398365679265, "precision_score": 0.6172839506172839, "recall_score": 0.3184713375796178, "f1_score": 0.4201680672268907, "roc_auc_score": 0.7199893068018038, "pr_auc_score": 0.47619995356822153}