{"WMC": 0.26468439170602587, "WMC_CK_mean": 0.09093106340092359, "WMC_CK_25%": 0.04195491164551926, "WMC_CK_max": 0.06638800871696732, "WMC_CK_min": 0.01009229264566298, "WMC_CK_std": 0.09935887435621973, "NOCh": 0.0, "NMI": 0.0, "DIT": 0.009592733337499505, "WMC_CK_50%": 0.045292514695550325, "NMIR": 0.0, "WMC_CK_75%": 0.06794770202602637, "NPM": 0.15119814528092837, "NORM": 0.0, "WMC_CK_count": 0.1525593621886766}