{"accuracy_score": 0.9434146341463414, "precision_score": 0.04081632653061224, "recall_score": 0.15384615384615385, "f1_score": 0.06451612903225806, "roc_auc_score": 0.6146625114016419, "pr_auc_score": 0.01849086382635744}