{"Fout_min": 0.0, "VG_count": 0.004134948941112758, "MCLC_count": 0.0038944477686313045, "Di_25%": 0.004537221654540972, "Fout_25%": 1.847883345182363e-05, "blame_merge_blame_getDistinctOperatorsCnt_std": 0.0, "Ci_75%": 0.004367610267533731, "Fin_count": 0.004001333230765393, "Di_min": 0.0033733795711348327, "NVAR_25%": 0.001890651483334543, "Ci_25%": 0.00393963409093396, "MCLC_std": 0.005487168404348783, "blame_merge_blame_getDistinctOperandsCnt_count": 0.0, "Ci_mean": 0.005797783135691058, "blame_merge_blame_getDistinctOperatorsCnt_min": 0.0, "NCOMP_25%": 0.002284671126104819, "NCOMP_50%": 0.002414043104399794, "blamemerge_blamegetDistinctOperandsCnt_mean": 0.041592188228009266, "NVAR_count": 0.004227099093603098, "MCLC_min": 0.0012873499852691778, "blame_merge_blame_getDistinctOperandsCnt_max": 0.0, "NCOMP_mean": 0.007357446027672039, "Di_50%": 0.0035280493418648534, "blame_merge_blame_getDistinctOperandsCnt_std": 0.0, "NVAR_min": 0.000930878815826619, "Fout_75%": 0.0009316200145260086, "Si_max": 0.0010964182480644, "MCLC_25%": 0.0019590700235676177, "Ci_count": 0.00429872323091527, "Fin_min": 0.0, "NCOMP_max": 0.005517191555273581, "blame_merge_blame_getDistinctOperatorsCnt_count": 0.0, "Ci_min": 0.003531858810895763, "Fin_std": 0.002260906779904111, "IOVars_25%": 0.004887805048765173, "Fout_max": 0.001192435644812521, "blamemerge_blamegetDifficulty_std": 0.04293599832506924, "IOVars_mean": 0.006991516934880129, "VG_std": 0.005367668914247154, "blame_merge_blame_getDistinctOperatorsCnt_mean": 0.0, "blamemerge_blamegetDifficulty_count": 0.04601138941888368, "ClTCi": 0.027496124428038643, "blame_merge_blame_getDifficulty_std": 0.0, "blame_merge_blame_getDistinctOperandsCnt_mean": 0.0, "Fin_25%": 0.0001353158620897836, "Si_count": 0.0035830342931649976, "Fin_mean": 0.0014530500401865611, "Si_min": 0.0, "Di_max": 0.004464497718527499, "blamemerge_blamegetDistinctOperandsCnt_std": 0.035720882074893566, "IOVars_count": 0.0042327541218721955, "blamemerge_blamegetDifficulty_max": 0.02660225114667022, "blame_merge_blame_getDistinctOperandsCnt_min": 0.0, "NOP_25%": 0.005239356449693413, "NBD_25%": 0.002852722835698132, "NBD_max": 0.0036874576425869857, "IOVars_min": 0.0032320874905536175, "VG_75%": 0.004810014977792098, "blame_merge_blame_getDistinctOperatorsCnt_max": 0.0, "NBD_50%": 0.0028944506255169475, "NVAR_std": 0.0070748638231922616, "Si_25%": 1.005861977084999e-05, "NBD_mean": 0.005727431023772462, "blame_merge_blame_getDifficulty_count": 0.0, "blamemerge_blamegetDifficulty_mean": 0.04061818192610476, "Fout_50%": 0.000693512893112104, "Fout_count": 0.003911732137187459, "MCLC_max": 0.005257011600618555, "blame_merge_blame_getDifficulty_min": 0.0, "Fout_mean": 0.001988898324774645, "MCLC_75%": 0.005062790940926061, "ClRCi": 0.020281895995490427, "blamemerge_blamegetDistinctOperatorsCnt_mean": 0.04369709186721801, "blamemerge_blamegetDistinctOperandsCnt_max": 0.02427439794324206, "NOP_mean": 0.00816161385003829, "blamemerge_blamegetDistinctOperatorsCnt_max": 0.01887608860822719, "IOVars_75%": 0.004899169883266019, "Fin_75%": 0.0005655425071583442, "Fout_std": 0.002014079811072208, "NCOMP_75%": 0.005619651955221475, "NVAR_75%": 0.00490177741288936, "NOP_max": 0.003341067833451896, "NBD_count": 0.004109714222694344, "Fin_max": 0.001419309080335642, "Fin_50%": 0.0001681741945528262, "Di_std": 0.00941047476953943, "VG_50%": 0.0034003717175183088, "blamemerge_blamegetDistinctOperatorsCnt_count": 0.042833288258964076, "MCLC_50%": 0.003310233191841554, "Ci_50%": 0.0026968647204063667, "NVAR_mean": 0.004945629079330993, "blamemerge_blamegetDistinctOperatorsCnt_std": 0.03767312192746302, "NOPa": 0.0, "VG_mean": 0.004806608787837799, "NBD_std": 0.004762836840636656, "VG_25%": 0.002201761348081016, "Difficulty": 0.04070804885167234, "VG_min": 0.0013123689363697306, "Ci_std": 0.0073910930630169056, "Di_75%": 0.004785406850044575, "Di_count": 0.003856513214524552, "Si_mean": 0.0017769329472306845, "Si_std": 0.001694920602239682, "Si_50%": 0.0006453154519703365, "blame_merge_blame_getDifficulty_max": 0.0, "MCLC_mean": 0.005722481507128909, "blamemerge_blamegetDistinctOperandsCnt_count": 0.043000435667989896, "NOP_std": 0.0075094076280601005, "NCOMP_std": 0.00542635852207106, "NCOMP_count": 0.004077125832417016, "NOP_min": 0.0025573325467049355, "IOVars_max": 0.004532549988590398, "NBD_min": 0.0018053668035383076, "NVAR_max": 0.007728398567039986, "NBD_75%": 0.0039077301456890675, "NOP_50%": 0.0038888160312839436, "NVAR_50%": 0.002411991560367634, "IOVars_std": 0.007062324142300535, "Ci_max": 0.003402293461431911, "blame_merge_blame_getDifficulty_mean": 0.0, "NOP_count": 0.004200549101543444, "Si_75%": 0.001301401279130453, "IOVars_50%": 0.0038631919461655046, "NumberOfDistinctOperators": 0.04295394871407006, "NCOMP_min": 0.0012325090521371406, "NOP_75%": 0.0047699571267284645, "NumberOfDistinctOperands": 0.0789192304420191, "VG_max": 0.004501779483773586, "Di_mean": 0.005887987675495262}