{"accuracy_score": 0.9414634146341463, "precision_score": 0.02040816326530612, "recall_score": 0.07692307692307693, "f1_score": 0.03225806451612903, "roc_auc_score": 0.6550623289753725, "pr_auc_score": 0.01888055322399121}