{"Returns_std": 0.010475879511372112, "NumberOfLambdas_25%": 0.0, "WMC_CK_max": 0.006637803246347493, "NumberOfMathOperations_25%": 0.0009950325580247994, "NumberOfUniqueWords_std": 0.012853709646718232, "WMC_CK_25%": 0.004379841825783619, "NumberOfParenthesizedExps_mean": 0.002938732960885365, "NumberOfLambdas_75%": 0.0, "NumberOfMathOperations_75%": 0.0031485679862486332, "CBO_75%": 0.011236377896783426, "NumberOfParenthesizedExps_25%": 0.00016702376632602475, "NumberOfAssignments_count": 0.0061223237415597796, "NumberOfComparisons_min": 0.0003904550777956059, "MaxNumberOfNestedBlocks_min": 0.001760405104434332, "NumberOfLoops_75%": 0.00399188450920588, "NumberOfAssignments_std": 0.009963712429486508, "NumberOfParenthesizedExps_count": 0.006995055159006631, "NumberOfStringLiterals_max": 0.006867306282585122, "NumberOfVariables_std": 0.010460759121237215, "NumberOfNumbers_count": 0.006139657178371917, "RFC_min": 0.006799386831098131, "MaxNumberOfNestedBlocks_75%": 0.0037421153942757443, "NumberOfTryCatch_25%": 0.004556244082665729, "LOCMethod_CK_75%": 0.010754215898346565, "NumberOfTryCatch_std": 0.0072032247515319316, "NumberOfLambdas_50%": 0.0, "NumberOfAssignments_50%": 0.005553424200435421, "Returns_25%": 0.0052188859874309525, "NumberOfModifiers_min": 0.0054094236278653405, "NumberOfNumbers_50%": 0.0012792569035859048, "LOCMethod_CK_count": 0.005456218857134512, "NumberOfStringLiterals_mean": 0.0071244783134409686, "NumberOfComparisons_25%": 0.0010506004024526591, "IsConstructor_freq": 0.00862311374813968, "NumberOfLoops_std": 0.010469183369979755, "NumberOfVariables_50%": 0.004874736210912623, "NumberOfInnerClasses_count": 0.0067164324805967625, "NumberOfUniqueWords_max": 0.011550626095923538, "NumberOfAnonymousClasses_25%": 0.0, "RFC_std": 0.014940850416351173, "WMC_CK_mean": 0.010186094420234092, "NumberOfComparisons_max": 0.004510926841203231, "Returns_min": 0.0029073772221411766, "NumberOfVariables_count": 0.007551375209331011, "NumberOfModifiers_count": 0.006478166969315911, "NumberOfLambdas_std": 0.0002990805791122627, "NumberOfLambdas_max": 0.00023466210787397607, "NumberOfModifiers_75%": 0.008005795257388357, "NumberOfStringLiterals_25%": 0.0035563647729334046, "NumberOfAssignments_min": 0.002407594348480065, "WMC_CK_50%": 0.004919034672891508, "NumberOfInnerClasses_std": 0.0, "MaxNumberOfNestedBlocks_mean": 0.00825519233948548, "NumberOfUniqueWords_50%": 0.011878459172172756, "NumberOfInnerClasses_75%": 0.0, "NumberOfAnonymousClasses_min": 0.0, "NumberOfInnerClasses_25%": 0.0, "LOCMethod_CK_max": 0.01275686104051865, "NumberOfParenthesizedExps_75%": 0.0002570293912751035, "NumberOfComparisons_50%": 0.0016001224384799976, "NumberOfParameters_CK_50%": 0.00554253471595537, "IsConstructor_top": 0.0008597426668025324, "NumberOfVariables_75%": 0.006624425939214682, "NumberOfInnerClasses_50%": 0.0, "IsConstructor_count": 0.00771760054502155, "NumberOfAnonymousClasses_50%": 0.0, "RFC_mean": 0.011928366299798699, "NumberOfComparisons_std": 0.009458027714065667, "NumberOfParameters_CK_count": 0.007915892784723766, "CBO_min": 0.005135777724380921, "NumberOfLoops_count": 0.006690855350717677, "MaxNumberOfNestedBlocks_max": 0.005979097484303623, "WMC_CK_min": 0.002326262228374474, "NumberOfUniqueWords_min": 0.010954149627109803, "NumberOfModifiers_50%": 0.00833685401424053, "CBO_count": 0.006759495511258367, "NumberOfVariables_max": 0.008975339353714511, "NumberOfMathOperations_mean": 0.006798533359864373, "NumberOfVariables_min": 0.0012686253537966552, "NumberOfLogStatements_mean": 0.004832523968624778, "RFC_max": 0.014259966857191804, "NumberOfNumbers_min": 0.0005621700232702192, "NumberOfParameters_CK_mean": 0.01030894142261825, "NumberOfAssignments_75%": 0.0075492327602002815, "CBO_mean": 0.011973405585016398, "NumberOfStringLiterals_std": 0.007954454542638724, "LOCMethod_CK_25%": 0.009793624757618415, "NumberOfLogStatements_count": 0.0064985107206769165, "NumberOfStringLiterals_min": 0.0026167868472037393, "MaxNumberOfNestedBlocks_std": 0.008785664737679248, "NumberOfLoops_max": 0.004090670721285954, "NumberOfParameters_CK_max": 0.006472366028639779, "NumberOfVariables_mean": 0.009415893435761873, "NumberOfLoops_25%": 0.0013312976851754523, "NumberOfNumbers_std": 0.0053420030403189935, "WMC_CK_std": 0.008317400407188735, "NumberOfAnonymousClasses_mean": 0.0018546728033434405, "NumberOfAnonymousClasses_75%": 0.0006381394936042894, "MaxNumberOfNestedBlocks_50%": 0.002438017514782012, "NumberOfNumbers_75%": 0.002710122568158609, "NumberOfInnerClasses_min": 0.0, "NumberOfModifiers_25%": 0.007504234738936763, "NumberOfTryCatch_mean": 0.007925788843114666, "NumberOfVariables_25%": 0.0029514012030110942, "NumberOfTryCatch_max": 0.003968465582452199, "CBO_25%": 0.013256279053120781, "RFC_count": 0.006292451107102417, "NumberOfParameters_CK_min": 0.004386775094308407, "NumberOfLogStatements_25%": 0.002550950543467927, "NumberOfLoops_mean": 0.007034301152945439, "NumberOfAssignments_25%": 0.005058708930245939, "NumberOfLogStatements_std": 0.007810938684510888, "NumberOfInnerClasses_mean": 0.0, "RFC_50%": 0.008246130931197033, "NumberOfParameters_CK_75%": 0.006181500898756339, "NumberOfParameters_CK_std": 0.0066098929593437685, "CBO_std": 0.010926755523390856, "LOCMethod_CK_std": 0.008648797691218532, "NumberOfLambdas_min": 0.0, "NumberOfLoops_50%": 0.0015027593045671393, "NumberOfNumbers_25%": 0.0007224829105414091, "NumberOfMathOperations_max": 0.004159768538299858, "Returns_75%": 0.004557542126629978, "NumberOfComparisons_75%": 0.003230013787589087, "NumberOfUniqueWords_25%": 0.012559022142584999, "LOCMethod_CK_min": 0.004652946681197519, "Returns_50%": 0.004191403544117308, "LOCMethod_CK_mean": 0.011141458671019, "NumberOfModifiers_std": 0.007909933201573547, "NumberOfTryCatch_75%": 0.004316308109597678, "NumberOfMathOperations_min": 0.0009217953662844087, "NumberOfAnonymousClasses_max": 0.002569099738282283, "NumberOfUniqueWords_count": 0.006180671100471522, "NumberOfParenthesizedExps_50%": 9.55653059622371e-05, "NumberOfStringLiterals_50%": 0.0027583590717387176, "NumberOfTryCatch_count": 0.00568511174857073, "NumberOfParenthesizedExps_max": 0.0028749418895416363, "NumberOfLogStatements_75%": 0.0021126959792486643, "NumberOfParenthesizedExps_std": 0.0049151500055609225, "MaxNumberOfNestedBlocks_count": 0.006652559191514911, "NumberOfInnerClasses_max": 0.0, "NumberOfNumbers_mean": 0.006648907254549914, "NumberOfAssignments_max": 0.010234514175846436, "MaxNumberOfNestedBlocks_25%": 0.0021387943119302393, "NumberOfLogStatements_min": 0.0006800078416908387, "NumberOfLoops_min": 0.0013085585984011162, "CBO_50%": 0.00963539198673361, "NumberOfLambdas_count": 0.006885089111194434, "NumberOfTryCatch_50%": 0.004577484345325763, "NumberOfStringLiterals_count": 0.006368774593395282, "RFC_25%": 0.008550327848869431, "NumberOfParenthesizedExps_min": 1.5858580973941637e-05, "WMC_CK_75%": 0.005912111948036233, "NumberOfLogStatements_50%": 0.0011983055459141637, "NumberOfMathOperations_50%": 0.003152762257198045, "NumberOfModifiers_max": 0.007601983224046885, "LOCMethod_CK_50%": 0.009554822608757996, "RFC_75%": 0.01199516797827858, "NumberOfModifiers_mean": 0.01215014118131533, "IsConstructor_unique": 0.00102609234161098, "NumberOfComparisons_mean": 0.004948477794310919, "NumberOfUniqueWords_mean": 0.014558754325183347, "NumberOfUniqueWords_75%": 0.012381751780379736, "NumberOfAssignments_mean": 0.013516842183843275, "Returns_max": 0.006323512076399152, "NumberOfAnonymousClasses_count": 0.006376271937099035, "NumberOfNumbers_max": 0.005211456700028098, "NumberOfComparisons_count": 0.0063848401734084605, "Returns_mean": 0.008723186737578794, "NumberOfTryCatch_min": 0.0013483278154997795, "NumberOfParameters_CK_25%": 0.005509222412613556, "NumberOfMathOperations_count": 0.005924636579171541, "CBO_max": 0.009274855501071419, "NumberOfStringLiterals_75%": 0.005075912922661972, "NumberOfAnonymousClasses_std": 0.0035676715058718758,