{"accuracy_score": 0.9665322580645161, "precision_score": 0.22727272727272727, "recall_score": 0.07042253521126761, "f1_score": 0.10752688172043011, "roc_auc_score": 0.6046311075251842, "pr_auc_score": 0.05893663172717088}