{"AHF": 0.1379007978950654, "MHF": 0.5832483011539158, "AIF": 0.0, "Aa": 0.2788509009510188, "MIF": 0.0}