{"accuracy_score": 0.9800210304942166, "precision_score": 0.0, "recall_score": 0.0, "f1_score": 0.0, "roc_auc_score": 0.5090143846563665, "pr_auc_score": 0.015410467267026669}