;AHF;MHF;AIF;Bugged;Aa;MIF
count;1891.0;1891.0;1891.0;1891;1891.0;1891.0
unique;;;;2;;
top;;;;False;;
freq;;;;1863;;
mean;0.039509335460074034;0.6285729781078795;0.0;;3.7207826546800633;0.0
std;0.15913604655692215;0.3917174838964832;0.0;;7.381536140211193;0.0
min;0.0;0.0;0.0;;0.0;0.0
25%;0.0;0.272727273;0.0;;0.0;0.0
50%;0.0;0.75;0.0;;1.0;0.0
75%;0.0;1.0;0.0;;4.0;0.0
max;1.0;1.0;0.0;;115.0;0.0
