{"AnonymousInnerClassLength": 0.0020182369070128976, "MethodLength": 0.6384183655760416, "FileLength": 0.35956339751694566}