{"accuracy_score": 0.971169420149012, "precision_score": 0.0, "recall_score": 0.0, "f1_score": 0.0, "roc_auc_score": 0.6094019976355756, "pr_auc_score": 0.04535170517341949}