{"NumberOfTryCatch": 2.2100126246038478e-07, "NumberOfAnonymousClasses": 0.0, "NumberOfLambdas": 0.0, "Maximum Depth": 0.0337475943017588, "NumberOfComparisons": 0.017563887033899928, "NBD": 0.02970089763143771, "MaxNumberOfNestedBlocks": 0.01935404889214132, "CBO": 0.05724919393433559, "FileLength": 0.0011664612434871555, "NumberOfInnerClasses": 0.0, "MethodLength": 0.10768594582109016, "NumberOfParameters_CK": 0.017684802452596363, "NumberOfLogStatements": 0.0, "IsConstructor": 4.794793127544e-05, "NumberOfStringLiterals": 0.04009232553685643, "NVAR": 0.02667534036349665, "NumberOfParenthesizedExps": 0.004069559130513007, "AnonymousInnerClassLength": 0.0, "Di": 0.026678903251831074, "NumberOfLoops": 0.004497885293774537, "NCOMP": 0.019681686835470086, "NumberOfModifiers": 0.09187396467232825, "NOP": 0.021457136613909012, "NumberOfMathOperations": 0.00038962462038605826, "NumberOfAssignments": 0.030835297759275293, "IOVars": 0.014620487295546741, "NumberOfUniqueWords": 0.06871483090483375, "VG": 0.036504891008337224, "RFC": 0.05972533954767989, "Returns": 0.015834131522158918, "Si": 0.03075679957287178, "WMC_CK": 0.055987364409510625, "Ci": 0.01779805405904086, "LOCMethod_CK": 0.06469395032454146, "NumberOfNumbers": 0.008013341292161068, "Fin": 0.0038339099868639833, "MCLC": 0.021744828319060088, "Fout": 0.0276921048499629, "NumberOfVariables": 0.02362724258630552}