{"Maximum Depth": 0.05871092446868777, "ClassDataAbstractionCoupling": 0.01266342515814901, "Di": 0.012563429042011614, "NPathComplexity": 0.04116704997381574, "NumberOfPublicMethods_Checkstyle": 0.012859301121951659, "NCSSForThisMethod": 0.1028895836931382, "BooleanExpressionComplexity": 0.016012023199971845, "NOP": 0.005571202987887155, "NestedIfElseDepth": 0.001745165137257813, "Fin": 0.0095456848101133, "NumberOfModifiers": 0.04729214335643193, "Fout": 0.007115467414085639, "NumberOfPrivateMethod": 0.00425781964015556, "NestedForDepth": 0.002766080646404315, "MaxNumberOfNestedBlocks": 0.019469329735642766, "NumberOfMethods_Checkstyle": 0.013163833896833465, "NestedTryDepth": 2.5737713809651247e-05, "CyclomaticComplexity": 0.031898132912699266, "NCOMP": 0.025644692584397152, "FileLength": 0.021802107527877538, "MCLC": 0.02173854077767127, "Ci": 0.015028565975945382, "ClassFanOutComplexity": 0.022939167375310543, "NumberOfMathOperations": 0.04234118506671874, "VG": 0.017161397032174782, "MethodLength": 0.16453054892449356, "NCSSForThisClass": 0.024443871651142774, "NumberOfPackageMethod": 0.004264940620536366, "NVAR": 0.009347294921671198, "AnonymousInnerClassLength": 0.019621134570933736, "NBD": 0.009948123131122737, "WMC_CK": 0.05070260596233461, "ThrowsCount": 0.027958899221054802, "IOVars": 0.008098662277736082, "NCSSForThisFile": 0.018375731177040566, "Si": 0.007219655596926134, "ExecutableStatementCount": 0.08848712260730088, "NumberOfProtectedMethod": 0.000629418088564476}