{"accuracy_score": 0.9697143512676379, "precision_score": 0.08823529411764706, "recall_score": 0.012711864406779662, "f1_score": 0.02222222222222222, "roc_auc_score": 0.6925048313378459, "pr_auc_score": 0.05104838990235488}