{"NumberOfTryCatch": 0.0, "NumberOfAnonymousClasses": 0.0, "NumberOfLambdas": 0.0, "Maximum Depth": 0.029614614158390763, "NumberOfPackageMethod": 0.00036360075365700047, "NumberOfComparisons": 0.016293034982880886, "NBD": 0.020572693618660567, "MaxNumberOfNestedBlocks": 0.014757370233805064, "CBO": 0.04549713489414499, "FileLength": 5.531784651981737e-05, "NumberOfInnerClasses": 0.0, "NCSSForThisFile": 0.0012230301987770785, "MethodLength": 0.06853288871948161, "ClassFanOutComplexity": 0.000482701799055802, "NumberOfParameters_CK": 0.01664195309914569, "NumberOfLogStatements": 0.0, "NumberOfPrivateMethod": 4.225828262339435e-05, "NumberOfMethods_Checkstyle": 0.0002898014283611419, "IsConstructor": 4.609807329714383e-05, "NumberOfStringLiterals": 0.025104863853964265, "NVAR": 0.022453736480396582, "NumberOfParenthesizedExps": 0.000603677145569846, "AnonymousInnerClassLength": 0.0, "NCSSForThisClass": 0.0026163574884295574, "NCSSForThisMethod": 0.04569872312754503, "NumberOfLoops": 0.002573675670394895, "Di": 0.023636280230981757, "NCOMP": 0.01949915304100524, "NumberOfModifiers": 0.07237417086786142, "BooleanExpressionComplexity": 0.0027666081943391665, "NOP": 0.02032992206168679, "NumberOfPublicMethods_Checkstyle": 0.0005287218567418744, "ClassDataAbstractionCoupling": 0.0, "NumberOfProtectedMethod": 0.0, "NumberOfMathOperations": 0.00353444807971173, "NestedIfElseDepth": 0.0014660173905540867, "NumberOfAssignments": 0.026999164091675472, "IOVars": 0.013851261974755358, "NumberOfUniqueWords": 0.05442318818247391, "CyclomaticComplexity": 0.042710564781667446, "VG": 0.025791286118699724, "RFC": 0.04310788728521429, "NPathComplexity": 0.029654510238226576, "Returns": 0.013604466393697811, "ExecutableStatementCount": 0.039358401229781736, "WMC_CK": 0.038229757774826824, "Ci": 0.018282149860868274, "Si": 0.02070161362715422, "LOCMethod_CK": 0.05621013745585443, "NumberOfNumbers": 0.006861051573534859, "Fin": 0.00457653534578674, "NestedForDepth": 0.0, "MCLC": 0.016388558548647802, "ThrowsCount": 0.053615121472433094, "Fout": 0.022005162544486874, "NumberOfVariables": 0.016030327922231333}