{"accuracy_score": 0.9634873323397913, "precision_score": 0.0, "recall_score": 0.0, "f1_score": 0.0, "roc_auc_score": 0.7780194556782162, "pr_auc_score": 0.08787666392474683}