{"UnnecessaryAbstraction": 0.0, "Hub_likeModularization": 0.0, "MultipathHierarchy": 0.0037295804662487025, "BrokenHierarchy": 0.23064447038566321, "MissingHierarchy": 0.0, "InsufficientModularization": 0.3148219386270065, "DeepHierarchy": 0.0, "MultifacetedAbstraction": 0.0, "CyclicHierarchy": 0.0, "WideHierarchy": 0.034368920259662906, "UnutilizedAbstraction": 0.24701979233980734, "Cyclic_DependentModularization": 0.0, "ImperativeAbstraction": 0.013450589319241943, "DeficientEncapsulation": 0.1559647086023694, "BrokenModularization": 0.0, "UnexploitedEncapsulation": 0.0, "RebelliousHierarchy": 0.0}