{"accuracy_score": 0.9084967320261438, "precision_score": 0.4166666666666667, "recall_score": 0.3, "f1_score": 0.3488372093023256, "roc_auc_score": 0.6456761565836299, "pr_auc_score": 0.20465991436724593}