{"NumberOfInnerClasses": 0.0, "FileLength": 0.0052755423856440525, "NumberOfStringLiterals": 0.01043308332183367, "NumberOfLambdas": 0.0, "NumberOfModifiers": 0.03733309098369416, "Fout": 0.04582832152981356, "Di": 0.008026241414405227, "NumberOfAnonymousClasses": 0.0, "NumberOfAssignments": 0.009159015130551555, "NumberOfUniqueWords": 0.050547105478891644, "Ci": 0.034139794470458416, "NBD": 0.10394426122505204, "LOCMethod_CK": 0.0652734561182763, "Si": 0.053340519560328814, "NumberOfLoops": 0.0015667276669487857, "NumberOfParameters_CK": 0.0006230744002153127, "NCOMP": 0.0517034249235318, "Fin": 0.0, "MaxNumberOfNestedBlocks": 0.01548365390296837, "MCLC": 0.05203154210349446, "MethodLength": 0.040309087093680925, "IsConstructor": 0.0, "AnonymousInnerClassLength": 0.0, "NumberOfLogStatements": 0.0, "NumberOfNumbers": 0.003759090979141545, "IOVars": 0.0005260651419424213, "Returns": 0.00887793750727675, "NumberOfComparisons": 0.08285823432390288, "VG": 0.052085446469291696, "NumberOfTryCatch": 0.0005688232655027328, "CBO": 0.025515130054657043, "NVAR": 0.10154580388445678, "Maximum Depth": 0.018448865347077886, "NumberOfVariables": 0.006197470129318125, "NumberOfParenthesizedExps": 0.010860093199083747, "NOP": 0.00015789282617452766, "RFC": 0.028161946067745428, "WMC_CK": 0.07117217994400096, "NumberOfMathOperations": 0.004247079150638345}