{"accuracy_score": 0.938953488372093, "precision_score": 0.4380952380952381, "recall_score": 0.40707964601769914, "f1_score": 0.42201834862385323, "roc_auc_score": 0.8166880610351851, "pr_auc_score": 0.36755301773760013}