{"accuracy_score": 0.6896551724137931, "precision_score": 0.013888888888888888, "recall_score": 0.5, "f1_score": 0.02702702702702703, "roc_auc_score": 0.5179347826086956, "pr_auc_score": 0.0103069991387274}