{"AnonymousInnerClassLength": 0.0009682123161108438, "MethodLength": 0.6946243034815255, "FileLength": 0.3044074842023637}