{"accuracy_score": 0.9764150943396226, "precision_score": 0.0, "recall_score": 0.0, "f1_score": 0.0, "roc_auc_score": 0.6667818482733942, "pr_auc_score": 0.023141586934623235}