;BuggedMethods;AnonymousInnerClassLength;MethodLength;FileLength
count;7373;7373.0;7373.0;7373.0
unique;2;;;
top;False;;;
freq;7333;;;
mean;;0.11162349111623492;6.467516614675167;12.98643699986437
std;;1.4679213134482942;15.172553674357193;82.16223929118432
min;;0.0;0.0;0.0
25%;;0.0;0.0;0.0
50%;;0.0;3.0;0.0
75%;;0.0;5.0;0.0
max;;50.0;399.0;4510.0
