{"ThrowsCount": 0.031148762219039977, "NOP": 0.009988284078522975, "CyclomaticComplexity": 0.02330164713207966, "NPathComplexity": 0.027012133579967058, "NumberOfModifiers": 0.033010666762451873, "NumberOfPublicMethods_Checkstyle": 0.014789091009828097, "Fout": 0.018478472941673835, "NestedForDepth": 0.00022334767341253048, "Fin": 0.0033735152420080365, "VG": 0.024658529678041646, "NumberOfProtectedMethod": 0.0008238273314867092, "NCSSForThisMethod": 0.10092373819309919, "NVAR": 0.020818292635953358, "NestedIfElseDepth": 0.0029867874641414235, "NCSSForThisFile": 0.017921060585578203, "NumberOfPrivateMethod": 0.0014774893350490885, "FileLength": 0.017729357810067722, "NBD": 0.027284804597017657, "NumberOfMathOperations": 0.006408118550498413, "IOVars": 0.01744211060827373, "NestedTryDepth": 0.0004749120986314463, "NumberOfMethods_Checkstyle": 0.01556270354076094, "MethodLength": 0.18766085723638562, "AnonymousInnerClassLength": 0.00975543773332553, "Si": 0.017968333893694413, "MCLC": 0.02790434243827147, "ClassDataAbstractionCoupling": 0.019035284975501294, "Maximum Depth": 0.04260898811961785, "Di": 0.02320541521256039, "BooleanExpressionComplexity": 0.0032450351164047945, "NumberOfPackageMethod": 6.367307183380535e-05, "ClassFanOutComplexity": 0.023522259516690274, "WMC_CK": 0.03682965410370358, "ExecutableStatementCount": 0.09883207425176108, "NCOMP": 0.018565529544048234, "MaxNumberOfNestedBlocks": 0.015157796791459031, "Ci": 0.02751875374550154, "NCSSForThisClass": 0.032288911181657644}