{"accuracy_score": 0.9774627408215194, "precision_score": 0.0, "recall_score": 0.0, "f1_score": 0.0, "roc_auc_score": 0.6088893552110153, "pr_auc_score": 0.02912383260567695}