{"NumberOfComparisons": 0.02735865990428403, "NumberOfInnerClasses": 0.0, "NumberOfTryCatch": 0.0015518940892717142, "WMC_CK": 0.033337992268284995, "RFC": 0.16245662863459723, "NumberOfNumbers": 0.02082702198452505, "NumberOfParameters_CK": 0.055554246947913735, "NumberOfModifiers": 0.05533128920748481, "Returns": 0.0512859214471731, "NumberOfParenthesizedExps": 0.004834598865562311, "MaxNumberOfNestedBlocks": 0.02007196698108455, "LOCMethod_CK": 0.09428176385425731, "NumberOfVariables": 0.035201735659963165, "NumberOfUniqueWords": 0.14180601521850766, "NumberOfLogStatements": 0.02795453014291673, "IsConstructor": 0.012558383818030889, "CBO": 0.11440023383356772, "NumberOfLambdas": 4.348908012722644e-07, "NumberOfAnonymousClasses": 0.00022577529959782577, "NumberOfMathOperations": 0.02131073026615871, "NumberOfStringLiterals": 0.0454265614654211, "NumberOfLoops": 0.011922102189883777, "NumberOfAssignments": 0.06230151303071231}