{"accuracy_score": 0.9955295205796207, "precision_score": 0.0, "recall_score": 0.0, "f1_score": 0.0, "roc_auc_score": 0.6666169781752856, "pr_auc_score": 0.007076517587282279}