{"ExecutableStatementCount": 0.04421914848553837, "NumberOfParameters_CK": 0.01158548044037482, "NCSSForThisMethod": 0.03988020633617336, "NumberOfMethods_Checkstyle": 0.015525414446676527, "RFC": 0.03470593751569365, "Si": 0.007319526417184462, "MCLC": 0.021049929381495445, "NumberOfStringLiterals": 0.029170746837290294, "NumberOfUniqueWords": 0.07004213913033545, "CyclomaticComplexity": 0.019960154803329598, "NestedIfElseDepth": 0.004181251174720656, "NumberOfProtectedMethod": 6.838221852391534e-05, "MethodLength": 0.05226811930443815, "ThrowsCount": 0.009888877711902512, "Returns": 0.013555967804343603, "VG": 0.011033370568041649, "MaxNumberOfNestedBlocks": 0.012920366926472934, "CBO": 0.030547398891655034, "NumberOfLambdas": 0.0, "NOP": 0.0036411483105527566, "NVAR": 0.00744793821270788, "ClassDataAbstractionCoupling": 0.010226578803545128, "NPathComplexity": 0.025523838159806005, "BooleanExpressionComplexity": 0.007202826376906385, "NumberOfComparisons": 0.008831756084072379, "NumberOfMathOperations": 0.0177775348567428, "NumberOfPrivateMethod": 0.008348367971140292, "ClassFanOutComplexity": 0.020140572627993947, "NumberOfAssignments": 0.030327839293931787, "Fin": 0.0031475334323492836, "FileLength": 0.025288990079595397, "NumberOfPublicMethods_Checkstyle": 0.009724913865301811, "IsConstructor": 0.0057793574127762105, "NumberOfPackageMethod": 0.008242461586423895, "NumberOfParenthesizedExps": 0.005820486182439106, "IOVars": 0.00654650650621569, "AnonymousInnerClassLength": 0.00033453818400234824, "NCOMP": 0.017042476867885632, "Maximum Depth": 0.02780670370954347, "NestedForDepth": 0.00011550932590592435, "NumberOfVariables": 0.01889508110095216, "NumberOfTryCatch": 0.035988778782041334, "NumberOfNumbers": 0.040384237362880326, "Fout": 0.006596081330349867, "WMC_CK": 0.01828235619364757, "NestedTryDepth": 0.00025439159292257, "Di": 0.010483134051182922, "LOCMethod_CK": 0.04391081477505059, "NumberOfLogStatements": 0.02097934490031845, "NumberOfLoops": 0.017235371216686137, "NumberOfInnerClasses": 0.0, "NumberOfModifiers": 0.04649435948932791, "NCSSForThisClass": 0.02297188217926028, "NumberOfAnonymousClasses": 0.00019881696385274235, "NBD": 0.008670932375086505, "NCSSForThisFile": 0.020535064440107963, "Ci": 0.010879057002304042}