{"FileLength": 0.20664566305891105, "MethodLength": 0.75272605896759, "AnonymousInnerClassLength": 0.04062827797349898}