{"accuracy_score": 0.9514508928571429, "precision_score": 0.09090909090909091, "recall_score": 0.01282051282051282, "f1_score": 0.02247191011235955, "roc_auc_score": 0.6561852782681256, "pr_auc_score": 0.061309053649523354}