{"accuracy_score": 0.9500968992248062, "precision_score": 0.6136363636363636, "recall_score": 0.23893805309734514, "f1_score": 0.34394904458598724, "roc_auc_score": 0.6790391131391662, "pr_auc_score": 0.28335278433396127}