{"Fout": 0.04714836120976856, "VG": 0.12850394187562747, "Fin": 0.04079610078710627, "Si": 0.04746386454455156, "Ci": 0.06692462619368453, "NVAR": 0.09797545422591768, "Di": 0.06427787558260444, "NBD": 0.15412048677177198, "NCOMP": 0.15741042331105193, "NOP": 0.03168506893935518, "IOVars": 0.040875118913211814, "MCLC": 0.12281867764534869}