{"accuracy_score": 0.99657664511221, "precision_score": 0.0, "recall_score": 0.0, "f1_score": 0.0, "roc_auc_score": 0.559592952654551, "pr_auc_score": 0.007817821034236038}