{"accuracy_score": 0.6542324246771879, "precision_score": 0.2139917695473251, "recall_score": 0.5098039215686274, "f1_score": 0.3014492753623188, "roc_auc_score": 0.6086999505684627, "pr_auc_score": 0.2391161004464246}