{"accuracy_score": 0.8945601074546675, "precision_score": 0.1, "recall_score": 0.006711409395973154, "f1_score": 0.012578616352201259, "roc_auc_score": 0.6669663427827306, "pr_auc_score": 0.3046198898732926}