{"accuracy_score": 0.9882445141065831, "precision_score": 0.09090909090909091, "recall_score": 0.16666666666666666, "f1_score": 0.11764705882352942, "roc_auc_score": 0.725984251968504, "pr_auc_score": 0.03228128080600261}