{"NumberOfPolymorphicMethods": 0.12867921913384742, "NumberOfMethods_Mood": 0.17041989953236739, "NumberUserDefinedAttributes": 0.003251814117895285, "NumberOfInheritedMethods": 0.0, "NumberPublicMethods": 0.16684994640727124, "NumberOfAttributes": 0.11540467416076673, "NumberOfCoupledClasses": 0.002501797509767238, "NumberOfSubclasses": 0.0, "NumberOfAncestors": 0.0, "NumberOfPublicAttributes": 0.02957400845154263, "NumberOfPrivateAttributes": 0.08273773440842662, "Cohesion": 0.285628614934634, "NumberOfProtectedAttributes": 0.014952291343481517}