{"accuracy_score": 0.91284046692607, "precision_score": 0.36363636363636365, "recall_score": 0.07547169811320754, "f1_score": 0.125, "roc_auc_score": 0.566885912269752, "pr_auc_score": 0.15017132884383652}