;BuggedMethods;WMC_CK
count;1572;1572.0
unique;2;
top;False;
freq;1570;
mean;;0.9389312977099237
std;;2.6807821384249744
min;;0.0
25%;;0.0
50%;;1.0
75%;;1.0
max;;91.0
