{"blame_merge_issuetypeTask_std": 0.0, "blamemerge_blamegetDistinctOperatorsCnt_mean": 0.00879455820740732, "blamemerge_issuetypeBug_std": 0.008988764480694824, "issues_issuetypeTask_mean": 0.0006253657961602328, "blamemerge_issuetypeSubtask_mean": 0.006948164319364074, "issues_resolutionIncomplete_count": 0.007335493448888572, "blamemerge_blamegetVolume_mean": 0.006992552940350597, "blame_merge_blame_getTotalOparandsCnt_count": 0.0, "issues_resolutionCannotReproduce_mean": 0.0, "issues_issuetypeSubtask_min": 0.0011840104264425, "fixes_deletions_min": 2.8383046052366973e-05, "blame_merge_priorityCritical_min": 0.0, "fixes_changes_mean": 0.007656760821263314, "fixes_insertions_std": 0.007938294916469258, "blamemerge_issuetypeSubtask_min": 0.0009710908720234449, "blamemerge_blamegetTotalOperatorsCnt_mean": 0.007205980100380236, "blamemerge_blamegetLength_std": 0.013131601232046536, "blamemerge_priorityCritical_std": 0.0011951086251913597, "non_fixes_insertions_max": 0.0, "issues_priorityTrivial_min": 3.935483870967746e-05, "blame_merge_resolutionFixed_max": 0.0, "blamemerge_blamegetDifficulty_std": 0.007530982089915253, "issues_resolutionNone_mean": 0.0, "fixes_changes_count": 0.004339990051110084, "blame_merge_resolutionDuplicate_std": 0.0, "blamemerge_issuetypeSubtask_count": 0.007786278196056652, "blame_merge_resolutionCannotReproduce_max": 0.0, "blamemerge_priorityMinor_max": 0.0016661189015744632, "issues_priorityTrivial_max": 0.0025355943488012313, "issues_issuetypeQuestion_min": 0.0, "blame_merge_resolutionDuplicate_max": 0.0, "issues_resolutionNone_min": 2.9516129032258108e-05, "blamemerge_issuetypeTask_std": 0.008852083645035837, "issues_resolutionWontFix_max": 0.0, "blamemerge_issuetypeNewFeature_std": 0.005097133568994986, "fixes_changes_min": 0.0019215164508185627, "blame_merge_resolutionNone_mean": 0.0, "blame_merge_issuetypeSubtask_count": 0.0, "blame_merge_blame_getVolume_mean": 0.0, "blamemerge_resolutionFixed_max": 6.167699752475537e-05, "blamemerge_issuetypeQuestion_count": 0.007824659762663973, "issues_priorityMajor_mean": 0.00514974007017567, "blamemerge_priorityBlocker_max": 0.0015966217875757905, "issues_resolutionFixed_std": 3.728353140916816e-05, "blame_merge_blame_getTotalOperatorsCnt_min": 0.0, "blame_merge_resolutionCannotReproduce_mean": 0.0, "blame_merge_issuetypeNewFeature_std": 0.0, "blame_merge_resolutionDuplicate_count": 0.0, "issues_priorityBlocker_max": 0.000311814311314153, "blame_merge_resolutionNone_max": 0.0, "blame_merge_priorityBlocker_max": 0.0, "issues_priorityBlocker_mean": 0.0005174717657297073, "blamemerge_resolutionNone_std": 2.5403009134873732e-05, "blamemerge_priorityMajor_min": 0.0018613589449525821, "blame_merge_resolutionNotAProblem_max": 0.0, "blame_merge_blame_getVocabulary_min": 0.0, "blamemerge_blamegetDifficulty_mean": 0.008395613387360744, "blame_merge_priorityMinor_mean": 0.0, "blame_merge_blame_getVolume_std": 0.0, "issues_issuetypeQuestion_count": 0.006402940654718659, "non_fixes_insertions_count": 0.0, "issues_priorityMinor_mean": 0.0016427211153242829, "blame_merge_resolutionIncomplete_max": 0.0, "blamemerge_issuetypeBug_min": 0.0007946313149689366, "blamemerge_issuetypeImprovement_mean": 0.005433938534233124, "blamemerge_blamegetEffort_std": 0.007496881104659545, "blamemerge_issuetypeTask_count": 0.007434037124313592, "issues_priorityTrivial_std": 0.013224309412100208, "blamemerge_blamegetDifficulty_max": 0.016360803564211577, "blame_merge_priorityBlocker_min": 0.0, "blame_merge_priorityTrivial_min": 0.0, "blamemerge_issuetypeBug_count": 0.008251746142280926, "blame_merge_issuetypeQuestion_min": 0.0, "blame_merge_issuetypeWish_min": 0.0, "issues_priorityMajor_max": 0.0024023779559716116, "issues_insertions_std": 0.005765602170726803, "blamemerge_resolutionNone_max": 0.00011509137910941485, "issues_issuetypeSubtask_std": 0.009666536676415866, "blame_merge_issuetypeSubtask_min": 0.0, "blamemerge_priorityMinor_count": 0.008258450262588283, "blame_merge_blame_getTotalOperatorsCnt_mean": 0.0, "blame_merge_resolutionWontFix_mean": 0.0, "issues_count": 0.006374040084311901, "issues_changes_mean": 0.006438334628114393, "blame_merge_resolutionIncomplete_min": 0.0, "issues_issuetypeNewFeature_min": 0.0009037533306712482, "issues_resolutionWontFix_mean": 0.0, "fixes_count": 0.004034726999594419, "non_fixes_insertions_std": 0.0, "issues_resolutionDuplicate_count": 0.007049221113351414, "issues_resolutionDuplicate_min": 0.0, "blame_merge_blame_getEffort_min": 0.0, "issues_insertions_count": 0.005753370822044091, "blame_merge_resolutionFixed_min": 0.0, "blame_merge_blame_getLength_max": 0.0, "blame_merge_issuetypeSubtask_mean": 0.0, "blame_merge_blame_getTotalOparandsCnt_min": 0.0, "blame_merge_blame_getDistinctOperatorsCnt_mean": 0.0, "blamemerge_resolutionFixed_count": 0.007594632964680115, "blame_merge_resolutionWontFix_std": 0.0, "blame_merge_resolutionCannotReproduce_count": 0.0, "issues_issuetypeImprovement_mean": 0.0025484184085335895, "blamemerge_priorityMinor_min": 0.00041412430215567535, "issues_insertions_min": 0.003294045383137163, "issues_resolutionCannotReproduce_min": 0.0, "blamemerge_blamegetVolume_max": 0.00741833258140168, "blamemerge_resolutionFixed_std": 9.212419416012002e-05, "blame_merge_blame_getTotalOperatorsCnt_max": 0.0, "non_fixes_changes_count": 0.0, "blame_merge_blame_getDistinctOperandsCnt_mean": 0.0, "non_fixes_deletions_count": 0.0, "blame_merge_blame_getDistinctOperandsCnt_max": 0.0, "blamemerge_resolutionNone_count": 0.006383760910580203, "blame_merge_issuetypeQuestion_max": 0.0, "blame_merge_priorityMinor_min": 0.0, "blame_merge_resolutionNotAProblem_std": 0.0, "issues_resolutionNotAProblem_min": 0.0, "blame_merge_issuetypeTask_count": 0.0, "blamemerge_priorityBlocker_count": 0.006310016728425835, "issues_changes_max": 0.008311018650688817, "blamemerge_blamegetLength_mean": 0.006384505883205626, "blame_merge_priorityMajor_std": 0.0, "blamemerge_issuetypeTask_max": 0.0006648713755440928, "blamemerge_priorityMinor_mean": 0.008387108797359594, "issues_resolutionWontFix_min": 0.0, "fixes_insertions_count": 0.004674037697084556, "fixes_deletions_mean": 0.010466596498051317, "non_fixes_changes_mean": 0.0, "issues_issuetypeWish_mean": 0.0, "blame_merge_resolutionNone_count": 0.0, "issues_resolutionCannotReproduce_count": 0.006592630832274935, "blame_merge_issuetypeNewFeature_mean": 0.0, "fixes_deletions_count": 0.0038930701675675217, "issues_resolutionFixed_mean": 0.0003484926107480552, "blame_merge_blame_getVocabulary_std": 0.0, "blamemerge_blamegetTotalOperatorsCnt_max": 0.007661871411603413, "blame_merge_priorityMajor_min": 0.0, "issues_priorityCritical_count": 0.005935231580368253, "blame_merge_blame_getDifficulty_min": 0.0, "blamemerge_blamegetDistinctOperandsCnt_count": 0.008845463833033387, "blamemerge_resolutionCannotReproduce_count": 0.0066708275203239764, "blame_merge_resolutionWontFix_max": 0.0, "blame_merge_resolutionIncomplete_mean": 0.0, "blame_merge_issuetypeTask_min": 0.0, "blamemerge_blamegetLength_count": 0.008628550972016745, "issues_issuetypeTask_count": 0.0065769170988001615, "non_fixes_changes_min": 0.0, "blamemerge_blamegetLength_max": 0.006310607535152781, "issues_priorityCritical_std": 0.0, "blamemerge_priorityBlocker_min": 4.727500000000008e-05, "blame_merge_issuetypeNewFeature_min": 0.0, "blamemerge_issuetypeImprovement_count": 0.006481718584625847, "issues_resolutionIncomplete_mean": 0.0, "blamemerge_priorityTrivial_std": 0.004292878605985957, "blamemerge_resolutionNotAProblem_count": 0.00759089873902943, "blame_merge_priorityTrivial_count": 0.0, "blame_merge_priorityBlocker_mean": 0.0, "blamemerge_priorityMajor_mean": 0.0070172633503467405, "blame_merge_blame_getEffort_mean": 0.0, "issues_priorityCritical_max": 2.407690348866817e-05, "issues_resolutionNone_std": 0.0, "blamemerge_issuetypeSubtask_max": 0.0022583708693635863, "blamemerge_priorityCritical_min": 0.0, "issues_priorityMajor_std": 0.0022440728809490656,