{"accuracy_score": 0.9837013669821241, "precision_score": 0.125, "recall_score": 0.04, "f1_score": 0.06060606060606061, "roc_auc_score": 0.7004794885455514, "pr_auc_score": 0.03199550910384921}