{"WMC_CK_75%": 0.04919591402317887, "WMC_CK_25%": 0.0220725292279493, "WMC_CK_count": 0.16692607851369679, "NMI": 0.0, "WMC_CK_50%": 0.025916059567611224, "NOCh": 0.0, "NPM": 0.15400771662966162, "WMC": 0.3124645720597456, "NORM": 0.0, "NMIR": 0.0, "WMC_CK_mean": 0.07859885165715551, "WMC_CK_max": 0.0726328635428691, "WMC_CK_min": 0.010254412682624272, "DIT": 0.016140644711249878, "WMC_CK_std": 0.09179035738425781}