{"accuracy_score": 0.6585365853658537, "precision_score": 0.2094017094017094, "recall_score": 0.4803921568627451, "f1_score": 0.2916666666666667, "roc_auc_score": 0.5891003460207611, "pr_auc_score": 0.19471317975854477}