{"accuracy_score": 0.9713709677419354, "precision_score": 0.5, "recall_score": 0.014084507042253521, "f1_score": 0.027397260273972605, "roc_auc_score": 0.40694227632294383, "pr_auc_score": 0.036753722068283756}