{"MHF": 0.57095877141791, "AIF": 0.0, "MIF": 0.0, "Aa": 0.31275740722462725, "AHF": 0.11628382135746267}