{"accuracy_score": 0.9462209302325582, "precision_score": 0.52, "recall_score": 0.23008849557522124, "f1_score": 0.31901840490797545, "roc_auc_score": 0.6446274431537264, "pr_auc_score": 0.1903186745693747}