;Bugged;MHF;AIF;MIF;Aa;AHF
count;1886;1886.0;1886.0;1886.0;1886.0;1886.0
unique;2;;;;;
top;False;;;;;
freq;1732;;;;;
mean;;0.46074617380328736;0.0;0.0;5.944856839872746;0.11898193812513255
std;;0.46027843017717984;0.0;0.0;19.047146101053542;0.30036584625836593
min;;0.0;0.0;0.0;0.0;0.0
25%;;0.0;0.0;0.0;0.0;0.0
50%;;0.45490716200000003;0.0;0.0;0.0;0.0
75%;;1.0;0.0;0.0;2.0;0.0
max;;1.0;0.0;0.0;90.0;1.0
