{"accuracy_score": 0.9950315075133301, "precision_score": 0.0, "recall_score": 0.0, "f1_score": 0.0, "roc_auc_score": 0.5914210910862154, "pr_auc_score": 0.005425974077133191}