{"accuracy_score": 0.9407894736842105, "precision_score": 0.8333333333333334, "recall_score": 0.38461538461538464, "f1_score": 0.5263157894736842, "roc_auc_score": 0.837852794687327, "pr_auc_score": 0.4635760622871189}