{"Maximum Depth_50%": 0.0042532621243022185, "NumberOfMathOperations_min": 0.0009020126437376249, "issues_priorityMinor_max": 0.002606655985620244, "issues_priorityMinor_count": 0.032278324623121885, "Ait": 0.0, "HMd": 0.016820061242668903, "issues_priorityMinor_std": 0.00664198680452706, "MaxNumberOfNestedBlocks_mean": 0.01031448615473192, "NumberOfModifiers_75%": 0.005938812922320825, "Maximum Complexity*": 0.020534474326900178, "blame_merge_priorityMinor_count": 0.0, "NumberOfMathOperations_max": 0.004064771622790446, "blame_merge_priorityMajor_std": 0.0, "Maximum Depth_count": 0.011405581226057759, "Average Block Depth": 0.04114367854652605, "NumberOfMathOperations_75%": 0.003400697146462699, "Ma": 0.049140737666039845, "MaxNumberOfNestedBlocks_75%": 0.006641521588574847, "MaxNumberOfNestedBlocks_min": 0.0014382220823959083, "issues_priorityMinor_min": 0.00023914077965549844, "blame_merge_priorityMinor_std": 0.0, "NumberOfMathOperations_mean": 0.005855567788729192, "Maximum Depth_75%": 0.007236014376286597, "blamemerge_priorityMajor_mean": 0.010886226775287583, "Ao": 0.0, "blame_merge_priorityMinor_mean": 0.0, "blamemerge_priorityMajor_count": 0.04211581940200357, "NumberOfModifiers_25%": 0.00323339010460907, "blamemerge_priorityMinor_std": 0.006583764483118736, "Average Complexity*": 0.019318390079340667, "blame_merge_priorityMajor_count": 0.0, "Mo": 0.0, "Maximum Block Depth": 0.01585128154125341, "Maximum Depth_min": 0.003508394739835213, "Maximum Depth_25%": 0.0037859436833336734, "Maximum Depth_std": 0.009786461429282797, "blame_merge_priorityMajor_min": 0.0, "NMA": 0.05656874697861361, "Maximum Depth_mean": 0.0077030013532552784, "issues_priorityMajor_std": 0.007639580943873476, "blamemerge_priorityMajor_max": 0.0027094151376433773, "blame_merge_priorityMajor_mean": 0.0, "blamemerge_priorityMajor_std": 0.010038580652724428, "Average Statements per Method": 0.03075828856654742, "Ai": 0.0, "MaxNumberOfNestedBlocks_50%": 0.003713822198755188, "blamemerge_priorityMinor_mean": 0.005975482276892699, "NumberOfMathOperations_50%": 0.0015594287662479493, "SIX": 0.0, "HMi": 0.0, "NumberOfModifiers_count": 0.013057675765278503, "NF": 0.02541400463517924, "PMR": 0.019253443097230843, "NumberOfModifiers_min": 0.0017929447232176339, "MaxNumberOfNestedBlocks_25%": 0.0027340237727404536, "NumberOfModifiers_max": 0.006541695472151905, "Mi": 0.0, "PMi": 0.0, "blame_merge_priorityMajor_max": 0.0, "NumberOfModifiers_mean": 0.00994363701237537, "NMI": 0.0, "NMIR": 0.0, "blamemerge_priorityMinor_count": 0.03944796657547209, "issues_priorityMajor_count": 0.03346503840399065, "Maximum Depth_max": 0.007351103880260462, "Ad": 0.02689693861679457, "issues_priorityMinor_mean": 0.007681592831899706, "NumberOfModifiers_std": 0.007347521104402907, "MaxNumberOfNestedBlocks_max": 0.0073538863325562295, "Av": 0.01601214787498911, "NumberOfMathOperations_count": 0.013177255818141262, "NumberOfMethods_Mood": 0.05937167109332311, "PMd": 0.06071793569895964, "blamemerge_priorityMinor_max": 0.002180159682552885, "MaxNumberOfNestedBlocks_std": 0.010042507274412018, "blamemerge_priorityMinor_min": 0.00021643011540253585, "Mit": 0.0, "NOPa": 0.0, "MaxNumberOfNestedBlocks_count": 0.013665817993336715, "NumberOfMathOperations_std": 0.006884578145104723, "issues_priorityMajor_mean": 0.012622302582775566, "blame_merge_priorityMinor_max": 0.0, "NumberOfModifiers_50%": 0.003668767591062317, "NumberOfMathOperations_25%": 0.002013510732952243, "NM": 0.05766133853104181, "blame_merge_priorityMinor_min": 0.0, "issues_priorityMajor_max": 0.004165112613404407, "blamemerge_priorityMajor_min": 0.004774651160980898, "Md": 0.04862690669923853, "issues_priorityMajor_min": 0.003325405404703873}