{"accuracy_score": 0.856996935648621, "precision_score": 0.5955056179775281, "recall_score": 0.3375796178343949, "f1_score": 0.4308943089430894, "roc_auc_score": 0.7353627163822896, "pr_auc_score": 0.4952344010013282}