{"ThrowsCount": 0.014855389458671632, "NOP": 0.00520357450154078, "NumberOfComparisons": 0.00587365642757166, "CyclomaticComplexity": 0.015330753748626746, "NPathComplexity": 0.01764520928794396, "NumberOfAnonymousClasses": 7.799139587723904e-05, "NumberOfModifiers": 0.016890133717196536, "NumberOfLogStatements": 0.003015144545296148, "NumberOfPublicMethods_Checkstyle": 0.01180047292425073, "Fout": 0.01165323099832778, "NestedForDepth": 0.00014563673942897507, "Fin": 0.001248241939740626, "VG": 0.014555886355408547, "NumberOfProtectedMethod": 0.000933255178538925, "NCSSForThisMethod": 0.04176377199235863, "NumberOfUniqueWords": 0.09625401908421287, "IsConstructor": 0.00444015902467674, "NVAR": 0.00987354073972279, "NCSSForThisFile": 0.009505404471234482, "NumberOfPrivateMethod": 0.0011942954924638017, "NumberOfAssignments": 0.03295009167679059, "NumberOfNumbers": 0.03523918293963567, "FileLength": 0.01059596116395627, "NumberOfTryCatch": 0.0004545921239329966, "NBD": 0.016508903669145203, "NestedIfElseDepth": 0.0011142358072439573, "NumberOfMathOperations": 0.002366282344563143, "IOVars": 0.010958971860576094, "NestedTryDepth": 0.00016124611549760246, "LOCMethod_CK": 0.04794777294766543, "NumberOfMethods_Checkstyle": 0.012956457189177041, "MethodLength": 0.07538363608977025, "AnonymousInnerClassLength": 0.005736766074997566, "NumberOfLambdas": 0.0, "MCLC": 0.013019045221990759, "Si": 0.01119470322725592, "NumberOfInnerClasses": 0.0, "NumberOfParameters_CK": 0.00913101177027524, "ClassDataAbstractionCoupling": 0.011062747353784888, "RFC": 0.07716557678609488, "Maximum Depth": 0.027590133397195682, "NumberOfLoops": 0.0052564168191552504, "BooleanExpressionComplexity": 0.0019855395931092533, "NumberOfPackageMethod": 2.398342368149069e-05, "Di": 0.014592212903900018, "CBO": 0.08847316327061686, "Returns": 0.011318083611543319, "ClassFanOutComplexity": 0.016407822956637987, "WMC_CK": 0.01829421295857366, "ExecutableStatementCount": 0.03854445465831866, "NumberOfParenthesizedExps": 0.0012366141819116828, "NCOMP": 0.008714233162528928, "NumberOfStringLiterals": 0.04282526532674152, "MaxNumberOfNestedBlocks": 0.005290533774180664, "NumberOfVariables": 0.028726630156463918, "Ci": 0.015095769451840674, "NCSSForThisClass": 0.01941797796815725}