{"accuracy_score": 0.9765539803707742, "precision_score": 0.0, "recall_score": 0.0, "f1_score": 0.0, "roc_auc_score": 0.5969556339335437, "pr_auc_score": 0.02333499309040666}