{"NumberOfPrivateMethod_mean": 0.0030883508056384784, "NestedIfElseDepth_std": 0.0033016191853313154, "NCSSForThisMethod_std": 0.008620312086725502, "NCSSForThisClass_count": 0.005897916617792402, "BooleanExpressionComplexity_mean": 0.010483805463886532, "BooleanExpressionComplexity_25%": 0.0011844614130277833, "NumberOfPrivateMethod_50%": 0.00018337129894725217, "NCSSForThisFile_std": 0.0184468433746226, "ThrowsCount_50%": 0.00229719558860914, "NestedIfElseDepth_75%": 0.0020798191651310843, "CyclomaticComplexity_75%": 0.008021822593875851, "FileLength_75%": 0.01716456756151745, "NCSSForThisFile_25%": 0.0027867173473374893, "ClassFanOutComplexity_min": 0.0019806756786163175, "ClassDataAbstractionCoupling_min": 0.000631271078654706, "NPathComplexity_min": 0.0034997404477242885, "ExecutableStatementCount_max": 0.013854648721250255, "FileLength_mean": 0.018477299416225765, "NumberOfPrivateMethod_75%": 0.0005435514945146623, "NestedTryDepth_25%": 3.23566581675484e-05, "ThrowsCount_max": 0.0031961620384103086, "AnonymousInnerClassLength_50%": 0.0008112778724364692, "NCSSForThisClass_75%": 0.006067649657591336, "NumberOfMethods_Checkstyle_std": 0.007201163734402811, "NumberOfPrivateMethod_std": 0.0036354223554207516, "NestedTryDepth_count": 0.006865817664045637, "NestedForDepth_25%": 0.00010309152104242026, "NumberOfProtectedMethod_50%": 0.0010638680901549375, "ExecutableStatementCount_min": 0.005145628976687268, "ThrowsCount_min": 0.0004606215579623994, "ClassDataAbstractionCoupling_std": 0.00831488608363904, "NestedForDepth_count": 0.005764345453206609, "NumberOfMethods_Checkstyle_count": 0.006471534416719341, "CyclomaticComplexity_25%": 0.005609310909296516, "NumberOfPrivateMethod_count": 0.006487609141200065, "FileLength_count": 0.005724135402768249, "NumberOfPublicMethods_Checkstyle_std": 0.00928696746216134, "NCSSForThisFile_max": 0.02775595847893332, "ExecutableStatementCount_mean": 0.011805804607006207, "AnonymousInnerClassLength_max": 0.004061722536192076, "NumberOfMethods_Checkstyle_mean": 0.00904920767202182, "NumberOfProtectedMethod_mean": 0.0038234789347061414, "MethodLength_mean": 0.01240146218545363, "ExecutableStatementCount_25%": 0.0076822113252156985, "AnonymousInnerClassLength_25%": 0.0005990729528231532, "MethodLength_min": 0.004461925965308906, "NestedIfElseDepth_25%": 0.001119705997234234, "NumberOfPackageMethod_count": 0.005598991926985706, "ThrowsCount_std": 0.003941157539902608, "NestedIfElseDepth_max": 0.002439720771260238, "NumberOfPrivateMethod_min": 8.674547221049971e-06, "BooleanExpressionComplexity_75%": 0.005264545459045185, "ExecutableStatementCount_count": 0.006054637937526678, "ClassFanOutComplexity_25%": 0.0028983250082845677, "MethodLength_75%": 0.011086678313466842, "AnonymousInnerClassLength_min": 0.00011834447212147255, "ThrowsCount_25%": 0.0020257611398301163, "NestedTryDepth_max": 0.00018629180624354995, "NestedForDepth_50%": 9.805161874989023e-05, "NumberOfPublicMethods_Checkstyle_min": 0.0012581523464507936, "FileLength_max": 0.03333500444612578, "NumberOfPublicMethods_Checkstyle_50%": 0.0020630629351538893, "ClassFanOutComplexity_std": 0.01652608656222017, "NumberOfPackageMethod_25%": 0.00014109536667312875, "ClassDataAbstractionCoupling_50%": 0.0014802479247830323, "NCSSForThisFile_50%": 0.002986736295845808, "NumberOfProtectedMethod_25%": 0.0008684246310428106, "NumberOfPublicMethods_Checkstyle_count": 0.0069817651056977865, "NestedForDepth_75%": 0.00034711358478944687, "NestedForDepth_mean": 0.0010936049882136897, "CyclomaticComplexity_std": 0.011404328086770962, "NCSSForThisMethod_75%": 0.009646347213470246, "NestedIfElseDepth_count": 0.006531797198748094, "NCSSForThisClass_min": 0.0013713511602306127, "FileLength_std": 0.02062478606412841, "NPathComplexity_25%": 0.006347743683447615, "FileLength_min": 0.0019115096473327515, "NumberOfMethods_Checkstyle_75%": 0.010277343573276494, "ThrowsCount_count": 0.006569267285628512, "NumberOfPackageMethod_75%": 0.0004994472313342492, "NestedIfElseDepth_50%": 0.0011703771373763783, "NumberOfPublicMethods_Checkstyle_75%": 0.006127440516152661, "NCSSForThisMethod_mean": 0.012578065343883556, "NCSSForThisFile_min": 0.0012807861879146213, "MethodLength_25%": 0.007790077380929761, "NestedForDepth_max": 0.0006738424780158, "NPathComplexity_max": 0.010357858535368861, "CyclomaticComplexity_min": 0.003148149660236223, "ClassDataAbstractionCoupling_count": 0.00529540453674687, "NPathComplexity_count": 0.00531740493702061, "ExecutableStatementCount_std": 0.010885044539621571, "ClassFanOutComplexity_75%": 0.008016543686880866, "NCSSForThisMethod_max": 0.011329201009897594, "NumberOfPublicMethods_Checkstyle_25%": 0.00219391188946361, "NestedForDepth_min": 0.00010607151974511329, "NumberOfProtectedMethod_75%": 0.0022939329270240845, "NumberOfPackageMethod_min": 0.00015666520231260976, "NPathComplexity_75%": 0.009049298205564837, "NCSSForThisFile_75%": 0.017682144515405333, "NumberOfProtectedMethod_max": 0.0027645051797417952, "NPathComplexity_50%": 0.007098542610635624, "AnonymousInnerClassLength_mean": 0.003758159860859188, "NCSSForThisClass_max": 0.022925832933008993, "NCSSForThisMethod_count": 0.00567957122915297, "NCSSForThisMethod_min": 0.005378291296066016, "NumberOfPackageMethod_std": 0.0015374845542806958, "BooleanExpressionComplexity_std": 0.008926025377443603, "NCSSForThisFile_count": 0.00645213632556003, "NumberOfPrivateMethod_max": 0.002266054335816973, "NumberOfProtectedMethod_min": 0.00028957257771279485, "NPathComplexity_std": 0.011137695502907375, "NumberOfProtectedMethod_std": 0.004016875416402364, "NCSSForThisMethod_25%": 0.007895179047804795, "CyclomaticComplexity_count": 0.005161056375774729, "NumberOfPublicMethods_Checkstyle_mean": 0.007616304128893184, "NumberOfMethods_Checkstyle_25%": 0.0017417182840438782, "NumberOfPackageMethod_50%": 0.00018430993048957394, "NCSSForThisClass_50%": 0.0029112121136271223, "AnonymousInnerClassLength_75%": 0.0030218719668989886, "NCSSForThisFile_mean": 0.01991441314486599, "ClassFanOutComplexity_count": 0.006158358034178879, "BooleanExpressionComplexity_count": 0.0054591461388047964, "NestedTryDepth_std": 0.00017875685046027034, "NestedTryDepth_50%": 3.0204086316999793e-05, "ClassDataAbstractionCoupling_75%": 0.0033648016081291154, "ClassDataAbstractionCoupling_25%": 0.0011773360271805867, "ExecutableStatementCount_75%": 0.011250928847040894, "ClassFanOutComplexity_50%": 0.0039578548378927676, "NCSSForThisClass_std": 0.016707975853487902, "ThrowsCount_mean": 0.005713901377567057, "ThrowsCount_75%": 0.0033950715794161005, "ExecutableStatementCount_50%": 0.007911659164257852, "FileLength_25%": 0.003257706603501622, "CyclomaticComplexity_50%": 0.005046804824668714, "NCSSForThisClass_25%": 0.0027054415427269956, "NumberOfMethods_Checkstyle_50%": 0.0014213300362288612, "AnonymousInnerClassLength_count": 0.0066346659065650605, "ClassDataAbstractionCoupling_mean": 0.007877825380614354, "NumberOfProtectedMethod_count": 0.005802103473112619, "NumberOfPackageMethod_mean": 0.0017075381958531163, "ClassFanOutComplexity_max": 0.023631696562374405, "FileLength_50%": 0.0038627470824513293, "MethodLength_50%": 0.008617668746501758, "NestedIfElseDepth_min": 0.0012948914905111329, "ClassFanOutComplexity_mean": 0.01578509170823217, "CyclomaticComplexity_mean": 0.01091818721881744, "NumberOfPrivateMethod_25%": 0.00034418197487421, "MethodLength_count": 0.006947876536544039, "NumberOfPackageMethod_max": 0.0009428531817269828, "AnonymousInnerClassLength_std": 0.004720161921029709, "NCSSForThisClass_mean": 0.014180007099889248, "NumberOfPublicMethods_Checkstyle_max": 0.00879094875374215, "NCSSForThisMethod_50%": 0.007471027618459355, "MethodLength_std": 0.009108061188314826, "NumberOfMethods_Checkstyle_max": 0.010036704139394085, "NPathComplexity_mean": 0.013133902357358807, "BooleanExpressionComplexity_max": 0.006685095335891084, "NestedIfElseDepth_mean": 0.004242393476740474, "NestedTryDepth_mean": 0.00020712817959580318,