{"accuracy_score": 0.6355810616929699, "precision_score": 0.196, "recall_score": 0.4803921568627451, "f1_score": 0.27840909090909094, "roc_auc_score": 0.6109738012852199, "pr_auc_score": 0.24681491768285618}