{"accuracy_score": 0.9889083479276124, "precision_score": 0.0, "recall_score": 0.0, "f1_score": 0.0, "roc_auc_score": 0.6710837009880072, "pr_auc_score": 0.0262142100497152}