{"accuracy_score": 0.7047413793103449, "precision_score": 0.014598540145985401, "recall_score": 0.5, "f1_score": 0.028368794326241134, "roc_auc_score": 0.5369565217391304, "pr_auc_score": 0.010556237947274522}