{"NumberOfInheritedMethods": 0.0, "Cohesion": 0.15334224161999813, "NumberOfPolymorphicMethods": 0.12253767945904319, "NumberPublicMethods": 0.1391221879168872, "NumberOfAttributes": 0.14548903202262423, "NumberOfMethods_Mood": 0.1733619133598881, "NumberOfProtectedAttributes": 0.018146622176222007, "NumberOfAncestors": 0.0, "NumberOfPublicAttributes": 0.04034472841048937, "NumberOfPrivateAttributes": 0.16194867417434355, "NumberOfCoupledClasses": 0.02953174957910171, "NumberUserDefinedAttributes": 0.0161751712814026, "NumberOfSubclasses": 0.0}