{"accuracy_score": 0.6327116212338594, "precision_score": 0.19444444444444445, "recall_score": 0.4803921568627451, "f1_score": 0.2768361581920904, "roc_auc_score": 0.5554786620530565, "pr_auc_score": 0.175334778014211}