{"accuracy_score": 0.9383561643835616, "precision_score": 0.6666666666666666, "recall_score": 0.36363636363636365, "f1_score": 0.4705882352941177, "roc_auc_score": 0.7604377104377104, "pr_auc_score": 0.47623259945830554}