{"accuracy_score": 0.9642324888226528, "precision_score": 0.0, "recall_score": 0.0, "f1_score": 0.0, "roc_auc_score": 0.7799868838124385, "pr_auc_score": 0.0900878111615658}