{"NumberOfComparisons": 0.01076697887305232, "BooleanExpressionComplexity": 0.022013457364374767, "NumberOfInnerClasses": 0.0, "NumberOfPrivateMethod": 0.013948934146751062, "NCSSForThisClass": 0.009241932120543517, "NestedIfElseDepth": 0.020628904485813185, "Si": 0.004399792150534101, "NumberOfTryCatch": 0.0006482347651761646, "Fin": 0.015686994214180874, "WMC_CK": 0.014239188202114878, "RFC": 0.09499134507918523, "Ci": 0.018360174611147417, "NumberOfNumbers": 0.008889433274212035, "ClassFanOutComplexity": 0.007002671449389031, "NumberOfParameters_CK": 0.005179785770979566, "AnonymousInnerClassLength": 0.0001605313447624262, "NumberOfModifiers": 0.03732005902317417, "Returns": 0.019265280578989585, "NumberOfParenthesizedExps": 0.0027350810608716535, "MaxNumberOfNestedBlocks": 0.008326459181020936, "LOCMethod_CK": 0.033972482461392124, "NCOMP": 0.012982558704644898, "NPathComplexity": 0.021156781425850122, "MethodLength": 0.04592984921178898, "NumberOfVariables": 0.016330919613694705, "NumberOfUniqueWords": 0.07333091655866004, "FileLength": 0.011292841368359983, "Maximum Depth": 0.007936028836506986, "NumberOfPackageMethod": 0.012611751979734414, "IsConstructor": 0.002401951482762201, "NumberOfLogStatements": 0.020897960136025188, "CBO": 0.07866400260567825, "Di": 0.01651805627704767, "NumberOfLambdas": 0.0, "NumberOfAnonymousClasses": 0.00025748406335701336, "ClassDataAbstractionCoupling": 0.007813849446533249, "Fout": 0.003721084166521334, "IOVars": 0.014288713134628348, "NumberOfMethods_Checkstyle": 0.007888544782432658, "NestedTryDepth": 0.00010472474996709329, "NCSSForThisFile": 0.01002952812412827, "NCSSForThisMethod": 0.04090059699145325, "CyclomaticComplexity": 0.016556649074720226, "NumberOfPublicMethods_Checkstyle": 0.005356562057951936, "VG": 0.01581668237349437, "NVAR": 0.03384579715316202, "NOP": 0.007137879283441671, "ThrowsCount": 0.012243444213738137, "MCLC": 0.022155418421494395, "NumberOfMathOperations": 0.009689710557405766, "NumberOfStringLiterals": 0.030987852452635634, "ExecutableStatementCount": 0.03809403044533891, "NumberOfProtectedMethod": 0.0030484537416034583, "NBD": 0.01567928506408511, "NestedForDepth": 0.0015919138221577257, "NumberOfLoops": 0.004972918939635471, "NumberOfAssignments": 0.029987538581695478}