{"accuracy_score": 0.9956322902214686, "precision_score": 0.0, "recall_score": 0.0, "f1_score": 0.0, "roc_auc_score": 0.7057339244989743, "pr_auc_score": 0.012350264516397735}