{"NOP": 0.02677631782192135, "MCLC": 0.15048926025875317, "Ci": 0.0713741298018065, "Fin": 0.04411917028919865, "NBD": 0.1066410443330101, "VG": 0.19488922041456685, "Fout": 0.03232825588087644, "IOVars": 0.03754409976045995, "Di": 0.07618683476752708, "Si": 0.028783355083151007, "NCOMP": 0.17312795352753246, "NVAR": 0.05774035806119644}