{"accuracy_score": 0.9718940002294367, "precision_score": 0.0, "recall_score": 0.0, "f1_score": 0.0, "roc_auc_score": 0.5835983824261212, "pr_auc_score": 0.021994752046168284}