{"Di_min": 0.004396964196273718, "Fout_min": 1.8291915580329727e-05, "NBD_count": 0.008343447203963364, "Ci_count": 0.008331540355845575, "blame_merge_blame_getDistinctOperandsCnt_count": 0.0, "NBD_min": 0.0027867419690177516, "Si_min": 2.303490193153852e-05, "Di_mean": 0.011306788195187134, "IOVars_count": 0.008315127300105985, "NCOMP_min": 0.001793301429741816, "NBD_std": 0.010551690174955879, "Ci_75%": 0.005052340922634879, "blame_merge_blame_getDifficulty_std": 0.0, "Ci_50%": 0.005055395727086791, "blamemerge_blamegetDistinctOperatorsCnt_std": 0.02203400893832176, "Di_std": 0.009974488375187445, "VG_75%": 0.0069473981408017405, "Di_25%": 0.004400100000594944, "Si_25%": 0.00027985423973808773, "VG_count": 0.00714755898719566, "Si_max": 0.002055890460181916, "Si_mean": 0.0030984582964021243, "blame_merge_blame_getDistinctOperatorsCnt_mean": 0.0, "NCOMP_count": 0.007818110216269871, "Di_50%": 0.005881172950727332, "IOVars_mean": 0.009406281465193005, "MCLC_50%": 0.004796104235462234, "blame_merge_blame_getDistinctOperandsCnt_mean": 0.0, "blamemerge_blamegetDifficulty_std": 0.020281187568521274, "blame_merge_blame_getDifficulty_min": 0.0, "IOVars_25%": 0.005266010541324988, "NVAR_std": 0.009322441873988053, "Si_count": 0.008307876739702227, "MCLC_mean": 0.007833582119389828, "NBD_25%": 0.0055746968059447, "VG_std": 0.00903359803159715, "blamemerge_blamegetDistinctOperatorsCnt_max": 0.013214265806164095, "Fin_mean": 0.0025252078150854364, "Fout_50%": 7.389602137520327e-05, "NVAR_max": 0.00593235140198681, "ClRCi": 0.021572837323324958, "NumberOfDistinctOperators": 0.026770506947966868, "blame_merge_blame_getDistinctOperatorsCnt_max": 0.0, "blame_merge_blame_getDistinctOperandsCnt_max": 0.0, "blamemerge_blamegetDifficulty_mean": 0.026440921672427405, "blame_merge_blame_getDifficulty_max": 0.0, "Di_max": 0.005982208318986756, "NOP_25%": 0.004254365982282033, "blamemerge_blamegetDistinctOperandsCnt_mean": 0.02668654492717885, "NCOMP_mean": 0.007289612543098265, "Ci_std": 0.008654969938489993, "MCLC_25%": 0.003834588017795518, "MCLC_std": 0.008341865607544111, "NOPa": 0.0, "IOVars_max": 0.004229068783487283, "Fin_25%": 0.0, "blamemerge_blamegetDistinctOperandsCnt_std": 0.03459417531520448, "Fout_75%": 0.0006565374744228524, "Fin_50%": 0.00011070217811550281, "VG_max": 0.007210275785373948, "NBD_mean": 0.011837260240467197, "VG_50%": 0.006150576799074172, "Di_count": 0.008176074593113107, "Si_50%": 0.001654903788225793, "Fin_count": 0.009131318879447951, "NOP_count": 0.009253048571757927, "blame_merge_blame_getDistinctOperatorsCnt_count": 0.0, "NCOMP_50%": 0.003992860513710262, "IOVars_75%": 0.004220121015234621, "NOP_std": 0.00768084268942333, "ClTCi": 0.030841039623796355, "blame_merge_blame_getDifficulty_mean": 0.0, "NVAR_mean": 0.009793099972357182, "Fout_max": 0.0018860868285357805, "NCOMP_75%": 0.005001274364639543, "IOVars_50%": 0.0043535420213948765, "NVAR_75%": 0.006023581319969731, "VG_25%": 0.003961296765714812, "blamemerge_blamegetDistinctOperandsCnt_count": 0.04310934392150448, "MCLC_min": 0.002028151470369409, "NOP_mean": 0.008539650765769385, "NOP_50%": 0.004184498786790148, "blame_merge_blame_getDistinctOperatorsCnt_min": 0.0, "blame_merge_blame_getDistinctOperatorsCnt_std": 0.0, "NVAR_25%": 0.002537877114732236, "Si_75%": 0.0008500633538601805, "MCLC_count": 0.00845122099191348, "Fout_count": 0.009354231089165683, "NVAR_min": 0.0010705467632162306, "NOP_min": 0.002465556551940513, "blamemerge_blamegetDifficulty_count": 0.04731296996233252, "NOP_max": 0.0047543972493199116, "IOVars_min": 0.0033868990387262506, "blamemerge_blamegetDistinctOperatorsCnt_count": 0.04792190691230393, "Fout_25%": 0.00010256352152647607, "VG_min": 0.0010709229233842536, "Ci_max": 0.006671063136668295, "NumberOfDistinctOperands": 0.0366194975914165, "MCLC_75%": 0.005822460097744335, "IOVars_std": 0.008574728722201242, "Fin_max": 0.003085093660812371, "NBD_75%": 0.005087787662372772, "Difficulty": 0.027380845309964923, "blamemerge_blamegetDistinctOperatorsCnt_mean": 0.029528965293678336, "NBD_50%": 0.004373674554774358, "blame_merge_blame_getDistinctOperandsCnt_min": 0.0, "Fin_std": 0.0041546803862530105, "Fin_75%": 0.0005765506636090205, "Di_75%": 0.00446725528120207, "blame_merge_blame_getDistinctOperandsCnt_std": 0.0, "NOP_75%": 0.00525660721029965, "NVAR_count": 0.00893359281257065, "Ci_min": 0.003798210823740553, "blamemerge_blamegetDistinctOperandsCnt_max": 0.014273063819007335, "NVAR_50%": 0.0035164745673598283, "Ci_mean": 0.008454253950885775, "Fout_mean": 0.004092082939903527, "Fin_min": 0.0, "VG_mean": 0.009923385442512402, "NBD_max": 0.005322506277035863, "blame_merge_blame_getDifficulty_count": 0.0, "NCOMP_std": 0.008386379012369124, "NCOMP_max": 0.006969503533535242, "MCLC_max": 0.008324814894434169, "Ci_25%": 0.0049232697376532086, "Si_std": 0.004083252750224392, "NCOMP_25%": 0.0032207032205647727, "Fout_std": 0.00413184357437047, "blamemerge_blamegetDifficulty_max": 0.025141338529938627}