{"accuracy_score": 0.9681451612903226, "precision_score": 0.2777777777777778, "recall_score": 0.07042253521126761, "f1_score": 0.11235955056179775, "roc_auc_score": 0.6791170434813113, "pr_auc_score": 0.07584667751982424}