{"AHF": 0.1539892740469046, "AIF": 0.0, "MHF": 0.4140614732103326, "Aa": 0.43194925274276297, "MIF": 0.0}