{"accuracy_score": 0.6788793103448276, "precision_score": 0.013422818791946308, "recall_score": 0.5, "f1_score": 0.026143790849673203, "roc_auc_score": 0.5146739130434782, "pr_auc_score": 0.010281949909074481}