{"fixes_insertions_std": 0.023847492012123276, "issues_issuetype_Sub_task_min": 1.813097043897528e-06, "issues_resolution_Duplicate_std": 0.0, "non_fixes_count": 0.0, "issues_insertions_count": 0.010635446139909677, "non_fixes_deletions_max": 0.0, "issues_resolution_Cannot_Reproduce_max": 0.0007156215807594914, "issues_issuetype_Bug_max": 0.002373561328642213, "issues_resolution_Cannot_Reproduce_count": 0.010600496664439678, "issues_resolution_Wont_Fix_std": 0.0005997262348206108, "issues_priority_Trivial_mean": 0.005465513405248878, "non_fixes_deletions_mean": 0.0, "issues_priority_Critical_count": 0.012422165468294484, "non_fixes_changes_max": 0.0, "non_fixes_insertions_min": 0.0, "issues_count": 0.011147941347655578, "issues_resolution_Incomplete_count": 0.009469724819472204, "fixes_insertions_min": 0.010289594809136436, "non_fixes_insertions_count": 0.0, "issues_issuetype_New_Feature_count": 0.010896190126842628, "issues_resolution_Cannot_Reproduce_mean": 0.00040592022086493793, "issues_issuetype_Wish_mean": 0.0002040116246827978, "issues_issuetype_Task_count": 0.010245277334137406, "issues_priority_Critical_mean": 0.005256239025236509, "issues_issuetype_Task_std": 0.004281485063642172, "issues_priority_Critical_min": 5.743236951849667e-06, "fixes_changes_count": 0.026298708839097303, "issues_resolution_None_count": 0.009960348171687007, "non_fixes_deletions_count": 0.0, "issues_resolution_Duplicate_mean": 0.0, "issues_insertions_min": 0.013855003744873005, "issues_issuetype_Task_max": 0.001025610865017859, "issues_resolution_None_mean": 0.004832637930548818, "fixes_deletions_mean": 0.019938177114955283, "issues_issuetype_Improvement_mean": 0.014964445040787304, "issues_issuetype_Bug_mean": 0.011960771255703896, "fixes_changes_min": 0.010988518578364966, "issues_resolution_Wont_Fix_max": 0.0005009650232305342, "issues_priority_Minor_std": 0.00873460629372511, "issues_resolution_Incomplete_min": 0.0, "issues_priority_Minor_min": 0.00070836915687965, "issues_issuetype_New_Feature_max": 0.0027614270144786595, "issues_issuetype_Improvement_std": 0.011731200988804629, "issues_resolution_Incomplete_max": 0.0, "issues_issuetype_Task_mean": 0.00415665263217297, "non_fixes_insertions_mean": 0.0, "non_fixes_changes_count": 0.0, "issues_issuetype_Test_max": 0.0008741043050317511, "fixes_deletions_std": 0.017906919176411948, "issues_deletions_std": 0.016228334451189513, "issues_insertions_max": 0.01926617780019442, "issues_resolution_Incomplete_std": 0.0, "non_fixes_deletions_min": 0.0, "issues_priority_Critical_max": 0.0022852051895948275, "fixes_insertions_mean": 0.027861160307386612, "issues_deletions_min": 0.005051323633338575, "issues_resolution_None_max": 0.002436848618312134, "issues_issuetype_Test_mean": 0.0014645715085162814, "issues_issuetype_New_Feature_min": 0.001449160763401945, "issues_priority_Trivial_count": 0.01179436178380606, "issues_changes_count": 0.012656139601226859, "issues_priority_Major_count": 0.012340646403067512, "issues_issuetype_Wish_std": 0.000277352059787642, "issues_resolution_Wont_Fix_mean": 0.0006450578017112204, "issues_issuetype_Bug_std": 0.011438643250005744, "issues_issuetype_Wish_count": 0.01072237733298854, "issues_resolution_Duplicate_count": 0.010228979481407757, "issues_resolution_Fixed_max": 0.0008827154415181331, "issues_resolution_Cannot_Reproduce_std": 0.0006275677128274611, "issues_deletions_mean": 0.016925643276399498, "issues_issuetype_New_Feature_std": 0.008503059636197711, "issues_issuetype_New_Feature_mean": 0.00967799558822344, "issues_priority_Trivial_std": 0.005211022662341463, "issues_issuetype_Test_count": 0.009832620598103952, "issues_resolution_Fixed_mean": 0.003949568604092002, "issues_changes_std": 0.01801161905187272, "fixes_deletions_max": 0.015836770194301696, "issues_issuetype_Test_min": 3.919066439250331e-05, "issues_issuetype_Sub_task_mean": 0.0051989731982649, "issues_deletions_count": 0.009365417203063678, "issues_resolution_Fixed_count": 0.01266301520426427, "non_fixes_insertions_std": 0.0, "issues_issuetype_Wish_min": 0.0, "issues_changes_max": 0.019490706415247236, "issues_insertions_std": 0.018211439166015506, "issues_changes_min": 0.013984085317029882, "issues_priority_Blocker_mean": 0.006874199734260802, "issues_priority_Blocker_std": 0.005783354221856722, "issues_priority_Major_min": 0.0019317780597870077, "non_fixes_changes_std": 0.0, "issues_priority_Blocker_max": 0.004664837449279812, "issues_resolution_None_min": 0.002068709860101166, "fixes_changes_max": 0.02652371936831169, "issues_priority_Major_mean": 0.010227212619057081, "issues_priority_Major_max": 0.0006657378439131114, "issues_issuetype_Sub_task_count": 0.010659319387580388, "fixes_deletions_count": 0.023604787374880407, "issues_priority_Minor_mean": 0.008558461900111974, "issues_resolution_Incomplete_mean": 0.0, "non_fixes_deletions_std": 0.0, "issues_resolution_Fixed_min": 0.0015770710321477476, "fixes_changes_mean": 0.02545532543395595, "issues_resolution_Not_A_Problem_count": 0.011714190389637284, "non_fixes_insertions_max": 0.0, "issues_priority_Trivial_min": 0.0, "issues_priority_Trivial_max": 0.0024510827518789413, "issues_issuetype_Task_min": 7.327687602916962e-06, "issues_insertions_mean": 0.020286575103291914, "issues_issuetype_Test_std": 0.0019275032074394884, "issues_priority_Minor_count": 0.012053584671307184, "issues_resolution_Duplicate_max": 0.0, "fixes_insertions_count": 0.02487864735709268, "non_fixes_changes_min": 0.0, "issues_priority_Minor_max": 0.003420481133578417, "issues_issuetype_Improvement_min": 0.001504047812653704, "issues_issuetype_Improvement_count": 0.009442473720814675, "issues_issuetype_Improvement_max": 0.002045139639047387, "issues_resolution_Duplicate_min": 0.0, "fixes_deletions_min": 0.002424828877676661, "issues_issuetype_Wish_max": 0.00010309240782512603, "fixes_changes_std": 0.023231119760496247, "issues_resolution_Wont_Fix_count": 0.01151346946582201, "issues_resolution_Fixed_std": 0.0030378762924616796, "fixes_count": 0.02263145850531251, "issues_issuetype_Sub_task_std": 0.005792877363807334, "issues_priority_Critical_std": 0.005534169883666779, "issues_issuetype_Bug_count": 0.011271476975214568, "issues_priority_Blocker_count": 0.011829676642432391, "non_fixes_changes_mean": 0.0, "issues_priority_Blocker_min": 0.0019012642680950966, "issues_changes_mean": 0.02033952981354231, "issues_issuetype_Bug_min": 0.0012206158465085995, "issues_issuetype_Sub_task_max": 0.001609274677452615, "issues_resolution_None_std": 0.002789980162313657, "issues_priority_Major_std": 0.01173198728942368, "issues_deletions_max": 0.014635335199583455, "fixes_insertions_max": 0.02545621921700976}