{"accuracy_score": 0.8790849673202614, "precision_score": 0.26, "recall_score": 0.26, "f1_score": 0.26, "roc_auc_score": 0.7747864768683275, "pr_auc_score": 0.20867856502326926}