{"Fout_mean": 0.001873101481747627, "MCLC_50%": 0.0029149367424887956, "blamemerge_blamegetDifficulty_std": 0.038007053290800445, "NOP_std": 0.001479438718626282, "Fin_std": 0.00913952819953734, "blame_merge_blame_getDistinctOperandsCnt_count": 0.0, "NVAR_min": 0.003267388351514894, "blame_merge_blame_getDistinctOperatorsCnt_count": 0.0, "MCLC_max": 0.0019114187237504118, "NOP_50%": 0.004799175330495968, "Fin_mean": 0.0009479510911621766, "NCOMP_count": 0.002522789721667065, "blamemerge_blamegetDistinctOperatorsCnt_std": 0.0356614128320461, "NVAR_75%": 0.0008442814844753849, "NCOMP_std": 0.0019256638259103783, "IOVars_min": 0.003266970515420108, "Di_max": 0.005143715273782781, "blamemerge_blamegetDistinctOperatorsCnt_mean": 0.03216123415185363, "Si_count": 0.0035462397874140585, "blamemerge_blamegetDistinctOperandsCnt_mean": 0.02801210491131031, "NOPa": 0.0, "Di_50%": 0.0033319596740217566, "Di_75%": 0.0065107362377411085, "blamemerge_blamegetDistinctOperatorsCnt_count": 0.034970405605025144, "NBD_50%": 0.0016046734771602118, "NCOMP_75%": 0.003443469866515465, "MCLC_25%": 0.0031593877357600783, "VG_75%": 0.0033206181910951805, "NBD_mean": 0.005753963431032249, "MCLC_std": 0.0025768542139954147, "Fin_50%": 0.00010218572342820831, "ClRCi": 0.07694832787936236, "blamemerge_blamegetDistinctOperandsCnt_count": 0.03594898299709968, "Ci_std": 0.0051926834881305005, "MCLC_min": 0.003645637623253216, "NumberOfDistinctOperands": 0.03090016904321663, "Di_25%": 0.004483669827062041, "NVAR_count": 0.003219699987501355, "blame_merge_blame_getDifficulty_std": 0.0, "NVAR_max": 0.009014247323137865, "blame_merge_blame_getDistinctOperatorsCnt_std": 0.0, "NBD_25%": 0.0026890151479539454, "Fin_25%": 0.0, "blamemerge_blamegetDifficulty_max": 0.07695811792421674, "blamemerge_blamegetDistinctOperandsCnt_max": 0.021499284828356353, "Ci_50%": 0.0034930866995999954, "NBD_std": 0.010665695389760341, "blame_merge_blame_getDifficulty_count": 0.0, "ClTCi": 0.044818140877302105, "IOVars_max": 0.004334441048075129, "blame_merge_blame_getDifficulty_mean": 0.0, "Si_max": 0.0032662684351147976, "NumberOfDistinctOperators": 0.02696257680418478, "MCLC_mean": 0.0016257837525636364, "NOP_count": 0.0027760663221137612, "IOVars_std": 0.0016904515259284257, "Fout_50%": 0.00014910773928810008, "NOP_min": 0.0014250434325097123, "MCLC_count": 0.002188819749096738, "VG_min": 0.004241746138024777, "NBD_count": 0.003203979389138243, "blame_merge_blame_getDistinctOperatorsCnt_max": 0.0, "NVAR_25%": 0.0013472300841746957, "NVAR_50%": 0.000573283389459654, "Si_75%": 0.0008483332430582996, "Difficulty": 0.025861816856966303, "blame_merge_blame_getDistinctOperatorsCnt_mean": 0.0, "VG_25%": 0.004544790189962529, "NBD_max": 0.010903044917592305, "Si_min": 0.0, "blamemerge_blamegetDistinctOperandsCnt_std": 0.04060679683557027, "Si_std": 0.003943603649656651, "IOVars_50%": 0.007720649245641298, "blame_merge_blame_getDistinctOperandsCnt_mean": 0.0, "VG_count": 0.005100870220892057, "Fin_count": 0.0028344292421767915, "NCOMP_max": 0.0022180355442678714, "blamemerge_blamegetDifficulty_mean": 0.032419074131915325, "blame_merge_blame_getDistinctOperandsCnt_max": 0.0, "VG_50%": 0.0018220399193413438, "Fin_min": 0.0, "Ci_max": 0.00984265202866579, "Si_25%": 0.00012868202157740132, "VG_std": 0.008131282075667384, "MCLC_75%": 0.0025062154519888036, "NOP_mean": 0.006105700881287999, "blame_merge_blame_getDifficulty_min": 0.0, "Fout_25%": 0.0, "blame_merge_blame_getDistinctOperandsCnt_std": 0.0, "Di_min": 0.0038861085358658314, "Ci_mean": 0.007500408440233652, "Di_std": 0.0024260789982812943, "NCOMP_min": 0.004157914394203575, "Fout_count": 0.0030071008586363517, "NCOMP_50%": 0.0034236180237483312, "NOP_max": 0.004799241326654805, "IOVars_mean": 0.005962294168658126, "Fout_75%": 0.0006332961137764626, "IOVars_count": 0.002727850207906275, "NVAR_std": 0.011215976115533167, "Fout_max": 0.004129608274164917, "NCOMP_25%": 0.004069209433062725, "Di_mean": 0.005723059454640683, "Fout_min": 0.0, "Di_count": 0.002526867473782368, "Si_50%": 0.0003356639214561957, "NOP_25%": 0.004699010263334208, "Fin_max": 0.0013424902293329246, "NOP_75%": 0.007441813141320866, "Si_mean": 0.0011853639321232929, "blame_merge_blame_getDistinctOperandsCnt_min": 0.0, "NBD_75%": 0.002096137599312918, "Ci_min": 0.00480539529563814, "Ci_count": 0.004341081039392172, "NCOMP_mean": 0.004304835729525132, "Fin_75%": 9.278663417927852e-05, "NVAR_mean": 0.004046797703480049, "blame_merge_blame_getDistinctOperatorsCnt_min": 0.0, "IOVars_25%": 0.004572167313175014, "Ci_75%": 0.005166561560579295, "Fout_std": 0.0012660850327613318, "Ci_25%": 0.0042860219431919795, "blame_merge_blame_getDifficulty_max": 0.0, "NBD_min": 0.004081059124633045, "VG_max": 0.008607347696093276, "IOVars_75%": 0.006455484489789519, "VG_mean": 0.005099081618236492, "blamemerge_blamegetDifficulty_count": 0.03631785672093256, "blamemerge_blamegetDistinctOperatorsCnt_max": 0.032270095300731196}