{"CyclomaticComplexity": 0.019922372130688953, "NumberOfAnonymousClasses": 6.878961778324843e-05, "Returns": 0.01627592586216733, "NestedTryDepth": 1.860319871800355e-05, "AnonymousInnerClassLength": 0.00017127376161146286, "RFC": 0.07531618462603222, "NumberOfPublicMethods_Checkstyle": 0.010290304417901104, "NumberOfNumbers": 0.032598332273249715, "WMC_CK": 0.019293650862398988, "NumberOfLoops": 0.011370946971910469, "NCSSForThisFile": 0.015119234769270651, "FileLength": 0.015709095555405388, "ClassDataAbstractionCoupling": 0.005700333551905602, "NumberOfStringLiterals": 0.04959855407392625, "MaxNumberOfNestedBlocks": 0.015691839806655995, "NumberOfParameters_CK": 0.011129067420272388, "NumberOfMathOperations": 0.010463590168136912, "LOCMethod_CK": 0.05871256269568088, "Maximum Depth": 0.013604701018966294, "IsConstructor": 0.0007724209257072494, "NCSSForThisClass": 0.011221909924361756, "NumberOfTryCatch": 0.00017671301537040642, "ThrowsCount": 0.03292396484425471, "NumberOfComparisons": 0.013126158804580896, "NumberOfProtectedMethod": 0.00030400098031296613, "NCSSForThisMethod": 0.053893770046725735, "NestedForDepth": 0.014665650786211603, "NumberOfInnerClasses": 8.688002867205261e-06, "CBO": 0.057719989846343876, "NumberOfPrivateMethod": 0.0077317745744372186, "NumberOfUniqueWords": 0.10176309833948205, "NumberOfAssignments": 0.05518537006426668, "MethodLength": 0.06524161047059211, "NumberOfParenthesizedExps": 0.003739212271409339, "NumberOfVariables": 0.04325613503159912, "NumberOfModifiers": 0.02802754511593869, "NumberOfLogStatements": 3.1369778144251336e-05, "ExecutableStatementCount": 0.05648816935469625, "NumberOfPackageMethod": 8.801542879859345e-06, "NumberOfLambdas": 0.0, "ClassFanOutComplexity": 0.0099501563281499, "NestedIfElseDepth": 0.01046224424925374, "NumberOfMethods_Checkstyle": 0.011346986837374298, "BooleanExpressionComplexity": 0.007736692379043421, "NPathComplexity": 0.033162203703314824}