{"accuracy_score": 0.9665228388632644, "precision_score": 0.07692307692307693, "recall_score": 0.009852216748768473, "f1_score": 0.017467248908296946, "roc_auc_score": 0.7256517381952516, "pr_auc_score": 0.05232977354686044}