{"accuracy_score": 0.9810725552050473, "precision_score": 0.07692307692307693, "recall_score": 0.04, "f1_score": 0.052631578947368425, "roc_auc_score": 0.7200639318060735, "pr_auc_score": 0.03629385457338237}