{"ThrowsCount": 0.002741896877821467, "NumberOfPackageMethod": 0.013729812348278485, "NestedForDepth": 0.000554285067031094, "MethodLength": 0.23723006191152385, "BooleanExpressionComplexity": 0.016940382365068733, "NPathComplexity": 0.07263502014342536, "NCSSForThisFile": 0.07139205868492596, "ExecutableStatementCount": 0.09270352005256692, "FileLength": 0.0846091612925085, "NumberOfPrivateMethod": 0.011196336679456385, "ClassDataAbstractionCoupling": 0.029751117788674113, "NestedIfElseDepth": 0.013018783832419476, "NCSSForThisMethod": 0.10168532798426316, "CyclomaticComplexity": 0.0383624975216827, "NumberOfProtectedMethod": 0.012806184978938727, "NumberOfMethods_Checkstyle": 0.035343927477734606, "NumberOfPublicMethods_Checkstyle": 0.03475436463685784, "AnonymousInnerClassLength": 0.002276371366687746, "NestedTryDepth": 0.00024028336603562893, "ClassFanOutComplexity": 0.05295997092445407, "NCSSForThisClass": 0.07506863469964518}