{"accuracy_score": 0.9874517374517374, "precision_score": 0.1, "recall_score": 0.017543859649122806, "f1_score": 0.029850746268656716, "roc_auc_score": 0.46094325213776194, "pr_auc_score": 0.012975480119757465}