{"LCOM": 0.07073742886100626, "FANOUT": 0.2079597454027213, "NumberOfChildren": 0.015840041615411866, "NumberOfFields": 0.09975991540949995, "DepthOfInheritance": 0.04757646595290303, "WMC_Designite": 0.17643878169299634, "NumberOfPublicFields": 0.027929403751737317, "NumberOfMethods_Designite": 0.15147804376929946, "NumberOfPublicMethods_Designite": 0.11946932250970511, "FANIN": 0.08281085103471938}