{"accuracy_score": 0.8545751633986928, "precision_score": 0.24, "recall_score": 0.36, "f1_score": 0.288, "roc_auc_score": 0.7419217081850533, "pr_auc_score": 0.3603303821440271}