;BuggedMethods;WMC_CK
count;360;360.0
unique;2;
top;False;
freq;356;
mean;;1.163888888888889
std;;1.268133710378007
min;;0.0
25%;;1.0
50%;;1.0
75%;;1.0
max;;11.0
