{"Di": 0.016339476211878628, "Fin": 0.008413176698993403, "NVAR": 0.011920310383399154, "NumberOfModifiers": 0.03509978666704196, "CBO": 0.059311969495446065, "ExecutableStatementCount": 0.054772549452938746, "NCSSForThisClass": 0.010300097063739813, "NumberOfLoops": 0.0050994778120259454, "Maximum Depth": 0.024288454895586585, "Fout": 0.0048131749233758896, "NumberOfLogStatements": 0.0053018301688057936, "IOVars": 0.012133633924419577, "VG": 0.02398654738541498, "NumberOfPublicMethods_Checkstyle": 0.006866502971636788, "NumberOfProtectedMethod": 0.007642444903351647, "NPathComplexity": 0.0229394140581458, "NumberOfMethods_Checkstyle": 0.007846702503520743, "MaxNumberOfNestedBlocks": 0.009837514018951065, "NestedTryDepth": 1.594814569228635e-05, "FileLength": 0.009210584172853132, "Si": 0.00482761247070608, "IsConstructor": 0.0018934361357386537, "NCSSForThisMethod": 0.05847587546790106, "NestedIfElseDepth": 0.006454410945399244, "NumberOfPackageMethod": 0.0012745932522323306, "NumberOfParameters_CK": 0.008613853931654829, "CyclomaticComplexity": 0.031057179041822664, "Ci": 0.014965676576571135, "NumberOfParenthesizedExps": 0.003532487626145705, "NumberOfAssignments": 0.021912901386894248, "NumberOfAnonymousClasses": 0.0005869749819934056, "NumberOfLambdas": 0.0021624880384292517, "NumberOfInnerClasses": 0.0, "BooleanExpressionComplexity": 0.016351379478259254, "NCOMP": 0.014234473962956695, "NumberOfComparisons": 0.01183078740126302, "NumberOfPrivateMethod": 0.002948918375079344, "NestedForDepth": 0.00126400874478823, "NumberOfNumbers": 0.013566595595329543, "ClassFanOutComplexity": 0.01066147139024563, "AnonymousInnerClassLength": 0.010320757477854402, "WMC_CK": 0.027752152810216896, "NOP": 0.006226310048413274, "ClassDataAbstractionCoupling": 0.0053542084112387315, "LOCMethod_CK": 0.050440922972972126, "Returns": 0.013747379758635495, "MCLC": 0.017097526258302517, "ThrowsCount": 0.006921695009429741, "NumberOfStringLiterals": 0.031385666448316266, "NumberOfMathOperations": 0.00872728738366937, "NumberOfVariables": 0.026812747431572356, "NCSSForThisFile": 0.00949675643648139, "NBD": 0.0205583621919523, "NumberOfUniqueWords": 0.08532094642713518, "MethodLength": 0.056731325635441636, "NumberOfTryCatch": 0.0009448701074981894, "RFC": 0.059406364530241666}