{"MHF": 0.7318101720818813, "MIF": 0.0, "Aa": 0.13761947357638674, "AIF": 0.0, "AHF": 0.13057035434173214}