{"accuracy_score": 0.9629032258064516, "precision_score": 0.13793103448275862, "recall_score": 0.056338028169014086, "f1_score": 0.07999999999999999, "roc_auc_score": 0.485468226544823, "pr_auc_score": 0.03904816316999166}