{"accuracy_score": 0.9702276707530648, "precision_score": 0.16666666666666666, "recall_score": 0.42105263157894735, "f1_score": 0.23880597014925375, "roc_auc_score": 0.8858665258186789, "pr_auc_score": 0.08416077210547708}