{"Di": 0.08304142443472905, "NCOMP": 0.053703110068628296, "Si": 0.04808867243731862, "Ci": 0.054466845782447856, "NOP": 0.1492664527770843, "Fin": 0.12268407170092206, "NBD": 0.06456017040115808, "MCLC": 0.056875216013624504, "NVAR": 0.0418077897289894, "Fout": 0.05520129122300823, "IOVars": 0.06088914945868317, "VG": 0.20941580597340645}