{"accuracy_score": 0.888402625820569, "precision_score": 0.0, "recall_score": 0.0, "f1_score": 0.0, "roc_auc_score": 0.5698218673218673, "pr_auc_score": 0.1170285087719298}