{"NumberOfModifiers": 0.07465067776929345, "CBO": 0.09550927346532169, "NumberOfLoops": 0.010550678785722805, "NumberOfLogStatements": 0.011524645002186806, "MaxNumberOfNestedBlocks": 0.0237128866125223, "IsConstructor": 0.00645259796139832, "NumberOfParameters_CK": 0.03314463801916603, "NumberOfLambdas": 0.0031177937633864376, "NumberOfAnonymousClasses": 0.00209901730698042, "NumberOfAssignments": 0.04368681750413201, "NumberOfParenthesizedExps": 0.010964728057096652, "NumberOfInnerClasses": 0.0, "NumberOfComparisons": 0.02729905913868949, "NumberOfNumbers": 0.024830026116974973, "WMC_CK": 0.07457367843611414, "LOCMethod_CK": 0.11847445155926821, "Returns": 0.036802028982641705, "NumberOfStringLiterals": 0.06059412343975721, "NumberOfMathOperations": 0.014007892801589804, "NumberOfVariables": 0.0474020652262007, "NumberOfUniqueWords": 0.17366817869946122, "NumberOfTryCatch": 0.0024938858742637312, "RFC": 0.10444085547783225}