{"accuracy_score": 0.9415922619047619, "precision_score": 0.045454545454545456, "recall_score": 0.017094017094017096, "f1_score": 0.024844720496894408, "roc_auc_score": 0.6477616877266819, "pr_auc_score": 0.0592804578178909}