{"NumberOfLoops_count": 0.0044393629240169746, "NumberOfComparisons_std": 0.003690653086491896, "NumberOfLambdas_75%": 0.0, "NumberOfStringLiterals_max": 0.02196625264552799, "RFC_std": 0.012132724847234369, "NumberOfVariables_max": 0.006129795895927234, "NumberOfStringLiterals_25%": 0.020603305758842512, "LOCMethod_CK_mean": 0.014281951872261405, "IsConstructor_freq": 0.005886866684695742, "NumberOfUniqueWords_max": 0.015175396577415129, "RFC_75%": 0.014005776956518095, "NumberOfAnonymousClasses_min": 2.2815420032957713e-05, "NumberOfAnonymousClasses_std": 0.0001561711463583549, "NumberOfNumbers_count": 0.005258484322446239, "NumberOfParenthesizedExps_count": 0.004900999302592962, "Returns_min": 0.0016895648534704742, "RFC_50%": 0.00956511873303171, "NumberOfMathOperations_mean": 0.005547980159597409, "NumberOfLoops_min": 0.0009873340112601975, "LOCMethod_CK_std": 0.010023737757868707, "NumberOfUniqueWords_75%": 0.018629939333917152, "WMC_CK_mean": 0.005668162058164144, "RFC_max": 0.013477294939829612, "NumberOfParameters_CK_mean": 0.008595107927765518, "NumberOfTryCatch_max": 0.002322776195788752, "NumberOfParenthesizedExps_mean": 0.0016580465823841618, "NumberOfLoops_std": 0.002666196672540493, "MaxNumberOfNestedBlocks_25%": 0.0020583188212028505, "IsConstructor_count": 0.004720562528685243, "NumberOfTryCatch_75%": 0.0023351900273623966, "NumberOfInnerClasses_std": 0.0, "NumberOfComparisons_max": 0.002811622734983548, "NumberOfComparisons_count": 0.005091232484918387, "NumberOfAnonymousClasses_mean": 0.00040042375861561115, "NumberOfComparisons_75%": 0.0028273340013318126, "LOCMethod_CK_min": 0.009470028577199537, "NumberOfParameters_CK_50%": 0.003448674180012475, "NumberOfLambdas_std": 0.0, "NumberOfUniqueWords_std": 0.014743524253140676, "NumberOfAnonymousClasses_75%": 1.802451113767972e-05, "CBO_25%": 0.009681653285998276, "WMC_CK_25%": 0.0021930999575921007, "NumberOfLambdas_25%": 0.0, "NumberOfParenthesizedExps_max": 0.0010374680355525624, "NumberOfVariables_25%": 0.0029370814265878074, "NumberOfMathOperations_25%": 0.0017739129040087323, "NumberOfLogStatements_75%": 0.0004854438178333738, "NumberOfParameters_CK_count": 0.004775366376260142, "LOCMethod_CK_50%": 0.00881421134174498, "Returns_25%": 0.0026110212825142093, "MaxNumberOfNestedBlocks_max": 0.0038398572776968012, "NumberOfTryCatch_50%": 0.0017476712576722656, "RFC_25%": 0.014358548208857019, "Returns_mean": 0.006228241853410617, "NumberOfMathOperations_75%": 0.004673326532898957, "NumberOfStringLiterals_min": 0.01837546062106788, "NumberOfNumbers_mean": 0.006080404322797168, "NumberOfNumbers_max": 0.005560100937686735, "NumberOfComparisons_min": 0.0016007465010992163, "NumberOfModifiers_std": 0.019698489206280853, "NumberOfParameters_CK_75%": 0.005415732424659733, "NumberOfModifiers_50%": 0.005731013423664114, "NumberOfModifiers_max": 0.009996678001928857, "NumberOfInnerClasses_25%": 0.0, "NumberOfAnonymousClasses_25%": 4.216737989396744e-06, "NumberOfLogStatements_mean": 0.0031384128255312763, "NumberOfTryCatch_25%": 0.000519977176054247, "NumberOfLoops_max": 0.0013208763701998217, "Returns_std": 0.009406452517205935, "NumberOfStringLiterals_count": 0.004016354189056819, "WMC_CK_count": 0.0047198687828264065, "NumberOfLambdas_min": 0.0, "NumberOfLogStatements_min": 3.7333456549864174e-05, "CBO_mean": 0.013072059352368333, "WMC_CK_min": 0.0005690509159874307, "NumberOfTryCatch_count": 0.005115289961778307, "NumberOfLoops_50%": 0.0008251341970110544, "MaxNumberOfNestedBlocks_50%": 0.0027959129674491076, "NumberOfLoops_mean": 0.0029180774342016822, "NumberOfUniqueWords_count": 0.004533556136782296, "RFC_count": 0.00470847492545988, "NumberOfNumbers_75%": 0.0033550495501078366, "WMC_CK_std": 0.0038178050805713157, "NumberOfModifiers_count": 0.004757828958109344, "Returns_max": 0.0026615405605234146, "RFC_min": 0.01131490163859823, "NumberOfComparisons_50%": 0.0013900490736935044, "NumberOfParenthesizedExps_std": 0.001545390360412242, "NumberOfUniqueWords_50%": 0.017411695096365004, "NumberOfLambdas_count": 0.005113665318896353, "NumberOfLogStatements_std": 0.003970581901286117, "NumberOfParameters_CK_25%": 0.003019553169520048, "NumberOfVariables_mean": 0.009205505876773734, "LOCMethod_CK_count": 0.004834153858669942, "NumberOfInnerClasses_min": 0.0, "NumberOfNumbers_min": 0.000382622887741358, "NumberOfAssignments_mean": 0.00901531748764584, "NumberOfParenthesizedExps_25%": 0.0007808476107414186, "NumberOfNumbers_25%": 0.001201082297499357, "NumberOfMathOperations_50%": 0.002030678550333951, "WMC_CK_50%": 0.0029122360649308206, "NumberOfUniqueWords_25%": 0.019257065140126307, "NumberOfMathOperations_std": 0.0041151935104821805, "NumberOfStringLiterals_std": 0.011796113503328244, "NumberOfMathOperations_min": 0.0006423521932392511, "NumberOfStringLiterals_50%": 0.023517909827238045, "MaxNumberOfNestedBlocks_std": 0.00619997666791719, "IsConstructor_top": 0.0002526677032347794, "NumberOfComparisons_mean": 0.004299062228022266, "NumberOfAssignments_min": 0.0020066728503061364, "NumberOfModifiers_75%": 0.007614363348676279, "LOCMethod_CK_25%": 0.009661852777538666, "NumberOfLoops_25%": 0.001080238781206429, "Returns_50%": 0.0021392475094149876, "NumberOfLambdas_50%": 0.0, "MaxNumberOfNestedBlocks_min": 0.00038137073927821505, "NumberOfVariables_75%": 0.005995598161379778, "NumberOfLogStatements_count": 0.004576617497980336, "RFC_mean": 0.012267850830805813, "IsConstructor_unique": 0.0005544351536359432, "NumberOfStringLiterals_mean": 0.027370071420073014, "NumberOfLambdas_max": 0.0, "NumberOfInnerClasses_max": 0.0, "NumberOfAnonymousClasses_max": 0.0002178539789711154, "NumberOfAssignments_50%": 0.005554632858649253, "CBO_50%": 0.00940844250171937, "NumberOfVariables_std": 0.00924966961142496, "NumberOfNumbers_50%": 0.0022461058755802415, "MaxNumberOfNestedBlocks_75%": 0.003725316790910446, "NumberOfLoops_75%": 0.0013344051980804033, "NumberOfModifiers_min": 0.002843936645129656, "NumberOfMathOperations_max": 0.005046385381075281, "Returns_count": 0.004646018082846458, "NumberOfTryCatch_mean": 0.0049987845769276645, "NumberOfVariables_min": 0.0011613179976145843, "NumberOfUniqueWords_min": 0.015972819589559834, "WMC_CK_max": 0.004632288078149997, "NumberOfTryCatch_min": 6.768562825950363e-06, "NumberOfLogStatements_25%": 9.639566616197595e-05, "NumberOfInnerClasses_count": 0.004097270276824731, "NumberOfAnonymousClasses_count": 0.005644962788628942, "CBO_min": 0.006410330493025655, "NumberOfInnerClasses_mean": 0.0, "NumberOfLambdas_mean": 0.0, "WMC_CK_75%": 0.0037478183811256414, "NumberOfParenthesizedExps_min": 0.0, "NumberOfComparisons_25%": 0.0026201152680118646, "MaxNumberOfNestedBlocks_mean": 0.006913432224468279, "NumberOfParameters_CK_min": 0.0021704697343775605, "NumberOfVariables_50%": 0.004089677009538366, "NumberOfVariables_count": 0.005155046398980099, "NumberOfAssignments_std": 0.008294450971709996, "NumberOfModifiers_mean": 0.012575059955861483, "NumberOfNumbers_std": 0.00524465702136274, "NumberOfLogStatements_50%": 8.905511262283629e-05, "CBO_std": 0.013366418112538511, "NumberOfUniqueWords_mean": 0.020137855420541726, "NumberOfAssignments_25%": 0.004383779478873256, "NumberOfAssignments_count": 0.004582600056472367, "CBO_count": 0.004462100995018879, "NumberOfParameters_CK_std": 0.005391660325240373, "CBO_max": 0.010567438247554607, "NumberOfMathOperations_count": 0.005052463445024798, "Returns_75%": 0.00351410661478244, "NumberOfAssignments_75%": 0.007265546695087494, "LOCMethod_CK_75%": 0.009879376239903849, "NumberOfAssignments_max": 0.008549544616980358, "NumberOfLogStatements_max": 0.0029624343114673713, "CBO_75%": 0.009931482256033144, "NumberOfTryCatch_std": 0.004671857672763795, "NumberOfParenthesizedExps_50%": 0.0010544965202681088, "NumberOfParenthesizedExps_75%": 0.0010104589610222083, "NumberOfStringLiterals_75%": 0.032012585487613106, "NumberOfInnerClasses_75%": 0.0, "NumberOfAnonymousClasses_50%": 6.724300780919603e-05, "NumberOfInnerClasses_50%": 0.0,