{"accuracy_score": 0.8990867579908676, "precision_score": 0.24691358024691357, "recall_score": 0.1111111111111111, "f1_score": 0.1532567049808429, "roc_auc_score": 0.6144983416252072, "pr_auc_score": 0.18129788745813755}