{"CyclomaticComplexity": 0.01614651797212285, "IOVars": 0.006956715327344013, "Returns": 0.010518415968408676, "Fin": 0.006358017295612427, "NumberOfAnonymousClasses": 1.5264325749727746e-07, "NCOMP": 0.009229620253657094, "Si": 0.001209012635300611, "NumberOfMethods_Checkstyle": 0.011426398847665106, "NestedTryDepth": 6.950942392862037e-05, "AnonymousInnerClassLength": 0.000532652407277631, "RFC": 0.06680724134261033, "NumberOfPublicMethods_Checkstyle": 0.010616549267885985, "NOP": 0.0019381014871999503, "VG": 0.01763885036081622, "NumberOfNumbers": 0.02213798527064665, "Calls": 0.034347488138574925, "WMC_CK": 0.01357311227719414, "FileLength": 0.014855517911118814, "ClassDataAbstractionCoupling": 0.004436295474340291, "NCSSForThisFile": 0.016617223898233148, "NumberOfLoops": 0.007292482850784507, "NumberOfStringLiterals": 0.03875382633338217, "MaxNumberOfNestedBlocks": 0.011111904534733772, "NumberOfParameters_CK": 0.0033971979317093262, "LOCMethod_CK": 0.045011939346009555, "Maximum Depth": 0.0064335152702642475, "IsConstructor": 0.0003808946934177426, "NCSSForThisClass": 0.012065233909001124, "NumberOfTryCatch": 7.783347420207474e-05, "NBD": 0.016472217773649975, "Statements": 0.03660169070180678, "ThrowsCount": 0.025566025322574827, "BooleanExpressionComplexity": 0.006591837540939984, "NumberOfComparisons": 0.007387572535208641, "NumberOfProtectedMethod": 0.0002562845045869357, "NCSSForThisMethod": 0.04923323602005422, "NestedForDepth": 0.013827317531380267, "MCLC": 0.013014181346165303, "NumberOfInnerClasses": 3.703126761016905e-05, "NVAR": 0.01265833495308033, "CBO": 0.048390731477628006, "Di": 0.007743419326344972, "NumberOfPrivateMethod": 0.008081589492080994, "Complexity": 0.006361051809305693, "NumberOfUniqueWords": 0.08821378102120346, "NumberOfAssignments": 0.04164761230687479, "MethodLength": 0.05816096161625762, "NumberOfParenthesizedExps": 0.004136710675998964, "NumberOfVariables": 0.03340073441116668, "NumberOfModifiers": 0.027373421976824932, "NumberOfLogStatements": 5.117860604168085e-07, "ExecutableStatementCount": 0.04647969755013759, "NumberOfPackageMethod": 1.2973618499531233e-07, "NumberOfLambdas": 0.0, "Ci": 0.007273699212805627, "ClassFanOutComplexity": 0.0085024474057981, "NestedIfElseDepth": 0.010208077836923287, "Fout": 0.0014973538508303381, "NumberOfMathOperations": 0.009359572667307433, "NPathComplexity": 0.021582559796508933}