{"accuracy_score": 0.9668204136289242, "precision_score": 0.08333333333333333, "recall_score": 0.009852216748768473, "f1_score": 0.01762114537444934, "roc_auc_score": 0.7298492843614577, "pr_auc_score": 0.056179328118166505}