{"Cohesion": 0.20402289394433243, "NumberOfMethods_Mood": 0.16038266211507785, "NumberOfPublicAttributes": 0.0511898366625485, "NumberUserDefinedAttributes": 0.026735973108895167, "NumberOfSubclasses": 3.513094898018106e-05, "NumberOfAttributes": 0.10128866879363735, "NumberOfProtectedAttributes": 0.021955818560096558, "NumberOfCoupledClasses": 0.020157540458410974, "NumberOfPolymorphicMethods": 0.1552631398939835, "NumberOfInheritedMethods": 0.0, "NumberOfPrivateAttributes": 0.09262183797302358, "NumberPublicMethods": 0.166346497541014, "NumberOfAncestors": 0.0}