{"accuracy_score": 0.9657258064516129, "precision_score": 0.20833333333333334, "recall_score": 0.07042253521126761, "f1_score": 0.10526315789473685, "roc_auc_score": 0.49355410169610436, "pr_auc_score": 0.04240479721611187}