{"LOCMethod_CK": 0.3522626365670874, "LOCMethod": 0.3223801401887196, "CyclomaticComplexity_Designite": 0.24635250676141235, "NumberOfParameters_Designite": 0.07900471648278058}