{"accuracy_score": 0.9616748269458045, "precision_score": 0.13333333333333333, "recall_score": 0.009259259259259259, "f1_score": 0.017316017316017313, "roc_auc_score": 0.7432551155501042, "pr_auc_score": 0.051018979944943504}