{"accuracy_score": 0.9868559411146162, "precision_score": 0.0, "recall_score": 0.0, "f1_score": 0.0, "roc_auc_score": 0.5959509856153437, "pr_auc_score": 0.021651752612558115}