{"blamemerge_blamegetVolume_count": 0.02365517995545144, "AnonymousInnerClassLength_std": 0.00017662198788610301, "Effort": 0.03402547491802687, "blame_merge_blame_getEffort_max": 0.0, "MethodLength_std": 0.013701664200149516, "MethodLength_50%": 0.011646681267598878, "FileLength_min": 0.0010721187838497962, "MethodLength_75%": 0.014074221390726383, "blame_merge_blame_getEffort_count": 0.0, "AnonymousInnerClassLength_count": 0.01021455796336115, "FileLength_count": 0.008776087902685711, "blamemerge_blamegetEffort_std": 0.029124541200676334, "blame_merge_blame_getVocabulary_std": 0.0, "TotalNumberOfOperators": 0.032750506988235784, "blamemerge_blamegetLength_std": 0.023789260790205966, "blamemerge_blamegetLength_count": 0.026273966137167277, "blamemerge_blamegetLength_mean": 0.027174047399651048, "blame_merge_blame_getLength_mean": 0.0, "blame_merge_blame_getEffort_min": 0.0, "blamemerge_blamegetEffort_count": 0.023896420022812438, "FileLength_std": 0.017204563391802066, "FileLength_mean": 0.013598475807872892, "blamemerge_blamegetDifficulty_std": 0.026034631576283305, "AnonymousInnerClassLength_mean": 0.0002402892917051592, "blamemerge_blamegetDifficulty_count": 0.025891013339761453, "blamemerge_blamegetVocabulary_count": 0.024807280376304582, "blame_merge_blame_getDifficulty_std": 0.0, "blamemerge_blamegetEffort_mean": 0.022895968933667327, "blamemerge_blamegetDifficulty_max": 0.01959049894422707, "blame_merge_blame_getVocabulary_mean": 0.0, "FileLength_50%": 0.0037512802276183305, "Volume": 0.04298643690536309, "AnonymousInnerClassLength_25%": 0.0, "blamemerge_blamegetVolume_max": 0.02466549733637136, "blame_merge_blame_getVolume_max": 0.0, "blame_merge_blame_getVolume_min": 0.0, "blame_merge_blame_getDifficulty_count": 0.0, "blamemerge_blamegetDifficulty_mean": 0.02615663021199834, "blame_merge_blame_getLength_count": 0.0, "blamemerge_blamegetLength_max": 0.022485395749919347, "blame_merge_blame_getVocabulary_max": 0.0, "MethodLength_mean": 0.011934358165391977, "blame_merge_blame_getDifficulty_min": 0.0, "blame_merge_blame_getVolume_count": 0.0, "blame_merge_blame_getEffort_std": 0.0, "blame_merge_blame_getEffort_mean": 0.0, "FileLength_75%": 0.00768042008216426, "AnonymousInnerClassLength_max": 0.0001422507058446382, "Length": 0.03736985664315497, "blamemerge_blamegetVocabulary_mean": 0.028054539425299323, "blame_merge_blame_getVocabulary_count": 0.0, "FileLength_25%": 0.00439391772760397, "blamemerge_blamegetEffort_max": 0.02693901456996184, "blamemerge_blamegetVolume_std": 0.023784952134681066, "Difficulty": 0.028015984271471, "FileLength_max": 0.01645634511648981, "AnonymousInnerClassLength_min": 0.0, "blame_merge_blame_getVolume_mean": 0.0, "TotalNumberOfOperands": 0.03960915175454959, "blame_merge_blame_getDifficulty_max": 0.0, "blame_merge_blame_getLength_max": 0.0, "MethodLength_25%": 0.012697678527398846, "MethodLength_min": 0.010742343827992995, "blame_merge_blame_getLength_std": 0.0, "MethodLength_max": 0.014154759367497504, "blamemerge_blamegetVocabulary_max": 0.013951871186028773, "blame_merge_blame_getDifficulty_mean": 0.0, "AnonymousInnerClassLength_50%": 0.0, "blamemerge_blamegetVolume_mean": 0.02499890136598119, "blame_merge_blame_getVolume_std": 0.0, "AnonymousInnerClassLength_75%": 9.537846089062197e-07, "MethodLength_count": 0.010034697164788765, "NumberOfDistinctOperators": 0.025232888574968495, "Vocabulary": 0.04405653934080143, "blame_merge_blame_getVocabulary_min": 0.0, "NumberOfDistinctOperands": 0.05045019929965347, "blame_merge_blame_getLength_min": 0.0, "blamemerge_blamegetVocabulary_std": 0.018639063962288267}