{"accuracy_score": 0.9502439024390243, "precision_score": 0.025, "recall_score": 0.07692307692307693, "f1_score": 0.03773584905660378, "roc_auc_score": 0.7000988142292491, "pr_auc_score": 0.021539093175833898}