{"CyclomaticComplexity": 0.015526581236105145, "IOVars": 0.006622109957538493, "Returns": 0.01020796150646547, "Fin": 0.006896455478655342, "NumberOfAnonymousClasses": 0.0, "NCOMP": 0.010097288551394601, "Si": 0.0013410568455980247, "NestedTryDepth": 4.322993529640287e-05, "AnonymousInnerClassLength": 0.00036648614033024993, "RFC": 0.07340249051149395, "NumberOfPublicMethods_Checkstyle": 0.01035540529959254, "NOP": 0.0033502716746530168, "VG": 0.017173507811282518, "NumberOfNumbers": 0.026410962308207907, "WMC_CK": 0.014287270787501801, "FileLength": 0.015170567930339343, "ClassDataAbstractionCoupling": 0.0044647716098126814, "NumberOfLoops": 0.008769947793681735, "NCSSForThisFile": 0.016028180634893995, "NumberOfStringLiterals": 0.04301975972107043, "MaxNumberOfNestedBlocks": 0.012036134092983295, "NumberOfParameters_CK": 0.0036570626005127476, "NumberOfMathOperations": 0.008408436944904629, "LOCMethod_CK": 0.054394229197247075, "Maximum Depth": 0.006708257512578465, "IsConstructor": 0.0003341825852726039, "NCSSForThisClass": 0.012044335515722183, "NumberOfTryCatch": 0.0001306436835256839, "NBD": 0.017367355829131712, "ThrowsCount": 0.030233213891897773, "NumberOfComparisons": 0.009612314671471403, "NumberOfProtectedMethod": 0.0001753884209694381, "NCSSForThisMethod": 0.057519382521132936, "NestedForDepth": 0.013531011746179126, "MCLC": 0.014578128099247205, "NumberOfInnerClasses": 5.2469349177662725e-05, "NVAR": 0.01220824858904364, "CBO": 0.050644520968877324, "Di": 0.008790758279927714, "NumberOfPrivateMethod": 0.009416986237458475, "NumberOfUniqueWords": 0.09658111492292829, "NumberOfAssignments": 0.046988600707531754, "MethodLength": 0.0633737279580211, "NumberOfParenthesizedExps": 0.004769319943330327, "NumberOfVariables": 0.03654336649618099, "NumberOfModifiers": 0.028194928616233298, "NumberOfLogStatements": 9.89747476231857e-06, "ExecutableStatementCount": 0.052868651929917576, "NumberOfPackageMethod": 9.614678999999403e-06, "NumberOfLambdas": 0.0, "Ci": 0.007906367259354346, "ClassFanOutComplexity": 0.00903194411003852, "Fout": 0.0009254055576600697, "NestedIfElseDepth": 0.00923875476079471, "NumberOfMethods_Checkstyle": 0.010592340750394757, "BooleanExpressionComplexity": 0.006731177001717946, "NPathComplexity": 0.0208574213609592}