{"FileLength": 0.0010037527406675153, "NumberOfMethods_Checkstyle": 0.0010988912667695137, "NCSSForThisFile": 0.0007540583699208618, "BooleanExpressionComplexity": 0.032691169527319056, "NestedTryDepth": 1.2690368796225377e-05, "NestedForDepth": 6.174288478675031e-05, "ClassFanOutComplexity": 0.0007265071854091613, "NumberOfProtectedMethod": 2.220353818963098e-05, "ThrowsCount": 0.1185968636262832, "NPathComplexity": 0.11015940980843245, "NumberOfPrivateMethod": 8.375767790304074e-05, "NCSSForThisClass": 0.0017867121174313053, "AnonymousInnerClassLength": 4.765663236656381e-06, "NestedIfElseDepth": 0.08251606351990111, "CyclomaticComplexity": 0.1037234783157598, "MethodLength": 0.23204663395362665, "ExecutableStatementCount": 0.15269290817274825, "NumberOfPublicMethods_Checkstyle": 0.0008989786550921701, "NCSSForThisMethod": 0.16045344640374942, "ClassDataAbstractionCoupling": 0.0004113788143440015, "NumberOfPackageMethod": 0.00025458738963332557}