{"VG": 0.02083827639106199, "NumberOfComparisons": 0.01330533191616721, "NumberOfAnonymousClasses": 0.01337851147025408, "NumberOfNumbers": 0.02396779719537517, "NumberOfUniqueWords": 0.18507957650097562, "IOVars": 0.010880377993893246, "NumberOfParameters_CK": 0.014868248795751935, "NumberOfLogStatements": 0.010282609043214786, "IsConstructor": 0.0033969668993346584, "AnonymousInnerClassLength": 0.010813870224207949, "NCOMP": 0.01963578175776904, "NumberOfAssignments": 0.03428100683613442, "NumberOfModifiers": 0.04032131525253532, "Fout": 0.008263387662380862, "Returns": 0.0369580875332304, "NumberOfLoops": 0.0021836353679501757, "NumberOfTryCatch": 0.00015663477477072114, "WMC_CK": 0.01904785303736537, "Si": 0.0067825327728831125, "RFC": 0.08939086880863752, "Ci": 0.01688315670663125, "NVAR": 0.01277096929413695, "FileLength": 0.024964463681349556, "Di": 0.01355565571793815, "NBD": 0.018201977572775387, "LOCMethod_CK": 0.06899034120681408, "NOP": 0.0054672601588815015, "NumberOfMathOperations": 0.01703429810567322, "MCLC": 0.02030274465237304, "Maximum Depth": 0.01703508992214026, "NumberOfVariables": 0.025825315833038428, "NumberOfParenthesizedExps": 0.003681034890388803, "NumberOfStringLiterals": 0.03570723327070232, "MaxNumberOfNestedBlocks": 0.01573401631107838, "NumberOfInnerClasses": 0.0, "NumberOfLambdas": 0.0, "CBO": 0.06731614302400646, "Fin": 0.006492864894417128, "MethodLength": 0.06620476452376166}