{"accuracy_score": 0.996424496006086, "precision_score": 0.0, "recall_score": 0.0, "f1_score": 0.0, "roc_auc_score": 0.5486838270499823, "pr_auc_score": 0.0031706881756110978}