{"accuracy_score": 0.8891873740765615, "precision_score": 0.16666666666666666, "recall_score": 0.026845637583892617, "f1_score": 0.04624277456647399, "roc_auc_score": 0.7239582289892817, "pr_auc_score": 0.22875420565509486}