{"FileLength": 0.009302201590995363, "MethodLength": 0.9904922610707264, "AnonymousInnerClassLength": 0.00020553733827815887}