{"accuracy_score": 0.97708082026538, "precision_score": 0.0, "recall_score": 0.0, "f1_score": 0.0, "roc_auc_score": 0.607058154645874, "pr_auc_score": 0.059794629087202025}