;FileLength;MethodLength;BuggedMethods;AnonymousInnerClassLength
count;1572.0;1572.0;1572;1572.0
unique;;;2;
top;;;False;
freq;;;1570;
mean;12.285623409669212;5.877226463104326;;0.048982188295165395
std;79.21963745211936;14.081677372530866;;1.0960342759201913
min;0.0;0.0;;0.0
25%;0.0;0.0;;0.0
50%;0.0;3.0;;0.0
75%;0.0;6.0;;0.0
max;1301.0;245.0;;36.0
