{"IOVars": 0.06180294373202412, "NOP": 0.01106392690830167, "Si": 0.016906602528840024, "NBD": 0.11575616957193068, "Ci": 0.04777724813769516, "VG": 0.15183524381697155, "Di": 0.04855838341473684, "Fout": 0.014842296399183785, "NVAR": 0.14977147657628737, "NCOMP": 0.11592305854589886, "Fin": 0.11680980078211875, "MCLC": 0.1489528495860113}