{"accuracy_score": 0.9760220125786163, "precision_score": 0.0, "recall_score": 0.0, "f1_score": 0.0, "roc_auc_score": 0.6137934633506292, "pr_auc_score": 0.01669080389701183}