{"accuracy_score": 0.9136186770428015, "precision_score": 0.38095238095238093, "recall_score": 0.07547169811320754, "f1_score": 0.12598425196850394, "roc_auc_score": 0.7599380671179605, "pr_auc_score": 0.24336559614470626}