{"accuracy_score": 0.8594771241830066, "precision_score": 0.2631578947368421, "recall_score": 0.4, "f1_score": 0.3174603174603174, "roc_auc_score": 0.8197153024911034, "pr_auc_score": 0.34745072649321235}