{"NCSSForThisFile": 0.024518763109206063, "ClassDataAbstractionCoupling": 0.013290158030730534, "NumberOfProtectedMethod": 0.002133873697975881, "ClassFanOutComplexity": 0.01863129333741947, "MethodLength": 0.37383083448651594, "NumberOfPublicMethods_Checkstyle": 0.011724662765706452, "ExecutableStatementCount": 0.156075207043768, "NumberOfMethods_Checkstyle": 0.013820309059101497, "NestedIfElseDepth": 0.00283970420213665, "NumberOfPackageMethod": 0.00020698148822519531, "NestedForDepth": 0.003027405417739737, "CyclomaticComplexity": 0.02765662438789888, "NestedTryDepth": 8.525424201569707e-05, "FileLength": 0.02816519459548032, "ThrowsCount": 0.0630935987173228, "NumberOfPrivateMethod": 0.004125247319115754, "BooleanExpressionComplexity": 0.018189890168079117, "AnonymousInnerClassLength": 0.002659810412095262, "NCSSForThisClass": 0.023672594453925524, "NCSSForThisMethod": 0.1658709856792751, "NPathComplexity": 0.04638160738626608}