{"accuracy_score": 0.9884664673216574, "precision_score": 0.0, "recall_score": 0.0, "f1_score": 0.0, "roc_auc_score": 0.6317548746518107, "pr_auc_score": 0.0029130363143842035}