{"blamemerge_blamegetVocabulary_std": 0.02771810758785439, "MethodLength_max": 0.017812926011796383, "AnonymousInnerClassLength_25%": 0.0005756416584352541, "blamemerge_blamegetEffort_count": 0.027264400138087848, "blame_merge_blame_getVolume_count": 0.0, "AnonymousInnerClassLength_50%": 0.0006289833873530204, "blamemerge_blamegetLength_mean": 0.023915031470962907, "MethodLength_count": 0.017884553029912622, "AnonymousInnerClassLength_max": 0.006324882547279219, "blamemerge_blamegetDifficulty_count": 0.027437542699098934, "Effort": 0.03451236177987606, "Volume": 0.02877061342448303, "blame_merge_blame_getDifficulty_mean": 0.0, "FileLength_max": 0.020927806504337256, "blame_merge_blame_getVolume_std": 0.0, "MethodLength_std": 0.021099884818927526, "TotalNumberOfOperands": 0.026519251111937866, "FileLength_25%": 0.0010596032693642981, "blamemerge_blamegetLength_std": 0.022849312725397735, "blamemerge_blamegetEffort_mean": 0.022183814913750103, "blame_merge_blame_getVolume_min": 0.0, "blamemerge_blamegetVolume_mean": 0.024907753398687636, "FileLength_std": 0.02181258802748915, "blamemerge_blamegetEffort_max": 0.02500083340153926, "blame_merge_blame_getVocabulary_max": 0.0, "blamemerge_blamegetVolume_count": 0.027661134111360283, "FileLength_50%": 0.001585170755824583, "Difficulty": 0.03218683386207596, "NumberOfDistinctOperands": 0.02704964091961217, "Vocabulary": 0.025671643885052657, "NumberOfDistinctOperators": 0.023530235301609977, "blame_merge_blame_getEffort_mean": 0.0, "MethodLength_25%": 0.009042131644418349, "TotalNumberOfOperators": 0.027718210747384172, "AnonymousInnerClassLength_min": 0.00013828026041816784, "MethodLength_mean": 0.017841293440305835, "blame_merge_blame_getEffort_std": 0.0, "blame_merge_blame_getDifficulty_min": 0.0, "blamemerge_blamegetDifficulty_std": 0.025150482223671205, "blamemerge_blamegetEffort_std": 0.024756051013181294, "blame_merge_blame_getVocabulary_mean": 0.0, "AnonymousInnerClassLength_75%": 0.003935065026730711, "FileLength_mean": 0.014613501626422833, "blame_merge_blame_getLength_min": 0.0, "blame_merge_blame_getEffort_min": 0.0, "blame_merge_blame_getEffort_max": 0.0, "blame_merge_blame_getLength_mean": 0.0, "blamemerge_blamegetDifficulty_mean": 0.023831874456295126, "AnonymousInnerClassLength_count": 0.01862869169880013, "FileLength_75%": 0.0040746037986725625, "AnonymousInnerClassLength_mean": 0.0051489141980227745, "AnonymousInnerClassLength_std": 0.0069764003200975646, "blamemerge_blamegetDifficulty_max": 0.02192254858668398, "blame_merge_blame_getVocabulary_count": 0.0, "blamemerge_blamegetVocabulary_count": 0.02770729915818099, "MethodLength_min": 0.007028267048364432, "blamemerge_blamegetVocabulary_mean": 0.02483644422004624, "blamemerge_blamegetLength_max": 0.02383615165999796, "blame_merge_blame_getVolume_max": 0.0, "blame_merge_blame_getVolume_mean": 0.0, "blame_merge_blame_getDifficulty_std": 0.0, "Length": 0.02941432675128946, "blame_merge_blame_getLength_max": 0.0, "blame_merge_blame_getLength_count": 0.0, "FileLength_count": 0.018096719038438215, "FileLength_min": 0.0005036088543951706, "MethodLength_75%": 0.016171258212773786, "blame_merge_blame_getLength_std": 0.0, "blame_merge_blame_getVocabulary_min": 0.0, "blamemerge_blamegetVocabulary_max": 0.021204362371269807, "MethodLength_50%": 0.011626112712584144, "blame_merge_blame_getEffort_count": 0.0, "blamemerge_blamegetVolume_max": 0.027300292728465427, "blame_merge_blame_getDifficulty_max": 0.0, "blamemerge_blamegetVolume_std": 0.02282126303095537, "blame_merge_blame_getVocabulary_std": 0.0, "blamemerge_blamegetLength_count": 0.02878529443002822, "blame_merge_blame_getDifficulty_count": 0.0}