{"accuracy_score": 0.936046511627907, "precision_score": 0.37662337662337664, "recall_score": 0.25663716814159293, "f1_score": 0.3052631578947369, "roc_auc_score": 0.7936728612057352, "pr_auc_score": 0.22252304356975525}