{"AnonymousInnerClassLength": 0.0, "FileLength": 0.15250860887363787, "MethodLength": 0.8474913911263622}