{"accuracy_score": 0.9960815047021944, "precision_score": 1.0, "recall_score": 0.16666666666666666, "f1_score": 0.2857142857142857, "roc_auc_score": 0.7014435695538059, "pr_auc_score": 0.17829495472572982}