;AnonymousInnerClassLength;FileLength;MethodLength;BuggedMethods
count;1228.0;1228.0;1228.0;1228
unique;;;;2
top;;;;False
freq;;;;1186
mean;0.0;20.350162866449512;6.977198697068404;
std;0.0;84.85121658985608;18.01306601668718;
min;0.0;0.0;0.0;
25%;0.0;0.0;0.0;
50%;0.0;0.0;3.0;
75%;0.0;0.0;7.0;
max;0.0;1155.0;500.0;
