{"NumberOfInnerClasses": 0.0, "NumberOfStringLiterals": 0.031960375997553025, "NumberOfLambdas": 0.0, "NumberOfModifiers": 0.04261981422744728, "NumberOfAnonymousClasses": 0.0, "NumberOfAssignments": 0.04472044683604687, "NumberOfUniqueWords": 0.0704645803308746, "LOCMethod_CK": 0.10132429648362733, "NumberOfLoops": 0.008812961874722783, "NumberOfParameters_CK": 0.009693259119676154, "MaxNumberOfNestedBlocks": 0.06581500666477942, "IsConstructor": 0.00015162924998823578, "NumberOfLogStatements": 0.0, "NumberOfNumbers": 0.029704110292871164, "Returns": 0.024937977436725347, "NumberOfComparisons": 0.14047840275954837, "NumberOfTryCatch": 0.0009537484710017346, "CBO": 0.053656290751438615, "NumberOfVariables": 0.03354867046169546, "NumberOfParenthesizedExps": 0.06462494960576691, "RFC": 0.06610272769777385, "WMC_CK": 0.19221301891240777, "NumberOfMathOperations": 0.018217732826055134}