{"accuracy_score": 0.940406976744186, "precision_score": 0.45098039215686275, "recall_score": 0.40707964601769914, "f1_score": 0.4279069767441861, "roc_auc_score": 0.8181418197157799, "pr_auc_score": 0.3759572533962749}