{"accuracy_score": 0.9642324888226528, "precision_score": 0.0, "recall_score": 0.0, "f1_score": 0.0, "roc_auc_score": 0.7694283528254454, "pr_auc_score": 0.08536895867201381}