{"MethodLength": 0.17230495053399114, "Fout": 0.0052639454447834695, "MaxNumberOfNestedBlocks": 0.021320433873911995, "VG": 0.02281408687782196, "NumberOfMethods_Checkstyle": 0.010282920750484799, "NCSSForThisClass": 0.019929721960443254, "ClassDataAbstractionCoupling": 0.011158683925699204, "NBD": 0.02021249762810126, "NCOMP": 0.02699583202855158, "MCLC": 0.035630844281644286, "CyclomaticComplexity": 0.0369637210702919, "ExecutableStatementCount": 0.0982547201776615, "NumberOfPublicMethods_Checkstyle": 0.010860091961084029, "NOP": 0.011391176385306317, "NCSSForThisFile": 0.013674685197948632, "NestedTryDepth": 0.0, "NumberOfModifiers": 0.062321136614673915, "FileLength": 0.013144462502106845, "NPathComplexity": 0.04254894294510055, "IOVars": 0.013503146946857598, "ThrowsCount": 0.015328239317285688, "NestedForDepth": 0.0037753551290866643, "NumberOfPackageMethod": 0.0007871401961387294, "NVAR": 0.024378810095706336, "NumberOfPrivateMethod": 0.0002916641833218371, "BooleanExpressionComplexity": 0.013078358335443628, "WMC_CK": 0.03372478764639697, "NumberOfMathOperations": 0.025333088800623852, "Di": 0.013993345458967752, "NestedIfElseDepth": 0.009153863028681066, "Ci": 0.015558884515512576, "NCSSForThisMethod": 0.10128301707463701, "AnonymousInnerClassLength": 0.010698304529704532, "Fin": 0.023689380191946847, "Si": 0.004946450657764311, "ClassFanOutComplexity": 0.012643073501349073, "Maximum Depth": 0.041170692302962664, "NumberOfProtectedMethod": 0.0015895439280062024}