{"accuracy_score": 0.9932359307359307, "precision_score": 0.0, "recall_score": 0.0, "f1_score": 0.0, "roc_auc_score": 0.7753387533875338, "pr_auc_score": 0.008005129200988902}