{"accuracy_score": 0.952656496580747, "precision_score": 0.8571428571428571, "recall_score": 0.21818181818181817, "f1_score": 0.34782608695652173, "roc_auc_score": 0.8596974772854171, "pr_auc_score": 0.44563176315515085}