{"Volume": 0.030550430071431524, "blamemerge_blamegetVocabulary_count": 0.04282838994239252, "FileLength_max": 0.00997139825206883, "MethodLength_count": 0.008469705662936757, "blame_merge_blame_getVocabulary_mean": 0.0, "blame_merge_blame_getVolume_std": 0.0, "blamemerge_blamegetEffort_std": 0.03458953626981205, "blamemerge_blamegetVolume_max": 0.05135665086712119, "blamemerge_blamegetLength_std": 0.02283921113153432, "blame_merge_blame_getEffort_mean": 0.0, "blamemerge_blamegetLength_count": 0.04339502135349501, "AnonymousInnerClassLength_max": 0.0006915897500251395, "blame_merge_blame_getDifficulty_count": 0.0, "FileLength_std": 0.009773410588443741, "blame_merge_blame_getLength_min": 0.0, "TotalNumberOfOperators": 0.026818573164369468, "blame_merge_blame_getVocabulary_min": 0.0, "blame_merge_blame_getLength_max": 0.0, "blame_merge_blame_getVolume_count": 0.0, "MethodLength_min": 0.005254092775727124, "AnonymousInnerClassLength_mean": 0.00035382799843980254, "AnonymousInnerClassLength_50%": 0.0, "MethodLength_75%": 0.007055609097960932, "blame_merge_blame_getVocabulary_max": 0.0, "blamemerge_blamegetLength_mean": 0.022517860042675825, "blame_merge_blame_getEffort_std": 0.0, "blame_merge_blame_getDifficulty_min": 0.0, "AnonymousInnerClassLength_25%": 0.0, "FileLength_count": 0.007711540723668635, "blamemerge_blamegetEffort_mean": 0.02217547910622982, "FileLength_75%": 0.006972188331352687, "blame_merge_blame_getLength_count": 0.0, "FileLength_25%": 0.007408083358841784, "Length": 0.027459336124685603, "blame_merge_blame_getVolume_min": 0.0, "blamemerge_blamegetDifficulty_std": 0.020272960547517198, "MethodLength_25%": 0.0053379399967220815, "blame_merge_blame_getEffort_max": 0.0, "AnonymousInnerClassLength_min": 0.0, "blame_merge_blame_getDifficulty_std": 0.0, "blamemerge_blamegetEffort_count": 0.04017478466224131, "AnonymousInnerClassLength_std": 0.0006309759099432018, "MethodLength_mean": 0.007647863705089301, "blamemerge_blamegetVocabulary_mean": 0.023301035223605805, "blamemerge_blamegetVolume_count": 0.04045892976054107, "blame_merge_blame_getVocabulary_count": 0.0, "blamemerge_blamegetVocabulary_max": 0.018192513067834024, "blame_merge_blame_getDifficulty_mean": 0.0, "blamemerge_blamegetVocabulary_std": 0.025034346661548, "blame_merge_blame_getEffort_count": 0.0, "AnonymousInnerClassLength_count": 0.011670835690560495, "FileLength_min": 0.006930477641731722, "FileLength_50%": 0.0073697746968447875, "blame_merge_blame_getDifficulty_max": 0.0, "blamemerge_blamegetLength_max": 0.05281944862012634, "blamemerge_blamegetVolume_mean": 0.022128817833280183, "blame_merge_blame_getVolume_mean": 0.0, "blamemerge_blamegetEffort_max": 0.04641812243895248, "AnonymousInnerClassLength_75%": 4.876926616057051e-06, "blame_merge_blame_getVolume_max": 0.0, "TotalNumberOfOperands": 0.026650874091535343, "MethodLength_50%": 0.0047016134165216794, "blamemerge_blamegetDifficulty_max": 0.0237416747809979, "Difficulty": 0.024971129575769788, "blamemerge_blamegetDifficulty_count": 0.03683144067655621, "blame_merge_blame_getLength_mean": 0.0, "Effort": 0.02779865639939842, "MethodLength_max": 0.009832776226928129, "blame_merge_blame_getLength_std": 0.0, "blamemerge_blamegetVolume_std": 0.02163546810477078, "blame_merge_blame_getVocabulary_std": 0.0, "MethodLength_std": 0.005928528448684233, "blamemerge_blamegetDifficulty_mean": 0.019779836842609453, "NumberOfDistinctOperators": 0.02473871458721051, "blame_merge_blame_getEffort_min": 0.0, "NumberOfDistinctOperands": 0.022569250511250503, "FileLength_mean": 0.011583016025412486, "Vocabulary": 0.022651382315987928}