{"accuracy_score": 0.8594771241830066, "precision_score": 0.25675675675675674, "recall_score": 0.38, "f1_score": 0.30645161290322587, "roc_auc_score": 0.8256939501779361, "pr_auc_score": 0.341434782181951}