{"accuracy_score": 0.9983766233766234, "precision_score": 0.0, "recall_score": 0.0, "f1_score": 0.0, "roc_auc_score": 0.6090785907859079, "pr_auc_score": 0.0013949634881794187}