;BuggedMethods;WMC_CK
count;2720;2720.0
unique;2;
top;False;
freq;2446;
mean;;0.6275735294117647
std;;1.2992390317134914
min;;0.0
25%;;0.0
50%;;0.0
75%;;1.0
max;;15.0
