{"FileLength": 0.0012670648495236702, "IOVars": 0.01468861862972164, "NumberOfMethods_Checkstyle": 0.0010615182121186109, "NVAR": 0.0140212428684738, "NCSSForThisFile": 0.0012309023362710534, "NumberOfParameters_CK": 0.006177956838132429, "NumberOfLogStatements": 0.0, "BooleanExpressionComplexity": 0.008189313281771863, "NestedTryDepth": 0.0, "NestedForDepth": 0.00013469151399269052, "NumberOfLoops": 0.0003582361385236862, "NCOMP": 0.020102491247072474, "Returns": 0.015831826910279238, "NumberOfVariables": 0.009461092827203015, "ClassFanOutComplexity": 0.0006781682333988248, "NumberOfTryCatch": 0.000678472500626705, "NBD": 0.015658717857842654, "NumberOfInnerClasses": 0.0, "NumberOfProtectedMethod": 0.00010913981610146923, "Di": 0.0223079029198137, "ThrowsCount": 0.05398952704325021, "NumberOfAnonymousClasses": 0.0, "NumberOfMathOperations": 0.0017850916746354711, "NumberOfUniqueWords": 0.2025880042389896, "NOP": 0.007658238976639616, "NPathComplexity": 0.022927753824905063, "CBO": 0.07039680625538129, "RFC": 0.03853042182060743, "NumberOfPrivateMethod": 0.00020689913756802492, "NCSSForThisClass": 0.0014403680820171563, "WMC_CK": 0.017682904191749765, "NumberOfComparisons": 0.016204378501927758, "Ci": 0.020668086734903814, "IsConstructor": 0.00030104061628458996, "AnonymousInnerClassLength": 8.45232350946677e-05, "Si": 0.00358231105172706, "MaxNumberOfNestedBlocks": 0.0030324979241583006, "NumberOfParenthesizedExps": 0.0012168273388830034, "NumberOfLambdas": 0.0, "NumberOfModifiers": 0.04635075631485775, "NestedIfElseDepth": 0.046712026327129334, "VG": 0.022629184297215377, "CyclomaticComplexity": 0.02308593769627838, "MethodLength": 0.06321225739869642, "NumberOfNumbers": 0.01056282968742219, "NumberOfAssignments": 0.03571990192592932, "ExecutableStatementCount": 0.04322705436021735, "NumberOfPublicMethods_Checkstyle": 0.001513829271256087, "NCSSForThisMethod": 0.03922375408027866, "LOCMethod_CK": 0.03989620941829241, "MCLC": 0.023871281952282785, "NumberOfStringLiterals": 0.002541625400012373, "ClassDataAbstractionCoupling": 0.0011733411221885805, "Fin": 0.0020656749902112624, "NumberOfPackageMethod": 0.00034473980338503433, "Fout": 0.003616558324756302}