{"Cohesion": 0.14871858638610827, "NumberOfProtectedAttributes": 0.0011969884986202533, "NumberOfAttributes": 0.12811130335215093, "NumberOfInheritedMethods": 0.0, "NumberPublicMethods": 0.10064466670825056, "NumberOfPolymorphicMethods": 0.11765786542396059, "NumberOfSubclasses": 0.0, "NumberOfPrivateAttributes": 0.13172413574488512, "NumberOfCoupledClasses": 0.017898539440637632, "NumberUserDefinedAttributes": 0.07207830224408675, "NumberOfAncestors": 0.0, "NumberOfPublicAttributes": 0.05078460404259285, "NumberOfMethods_Mood": 0.23118500815870713}