{"VG": 0.012423115312003786, "NCSSForThisFile": 0.021302129908115718, "Fout": 0.0026544246205572083, "WMC_CK": 0.018291917927123275, "NumberOfMathOperations": 0.02303493768203917, "ClassDataAbstractionCoupling": 0.012495386921327649, "NumberOfProtectedMethod": 0.0013293812685155721, "ClassFanOutComplexity": 0.018926380913607786, "MethodLength": 0.3166288622284096, "NumberOfPublicMethods_Checkstyle": 0.00988963390854951, "ExecutableStatementCount": 0.1418914316028103, "NCOMP": 0.004978135896169657, "NumberOfMethods_Checkstyle": 0.012309344441507903, "Di": 0.006919735656431891, "IOVars": 0.006172512432630634, "Ci": 0.007644554905959214, "NestedIfElseDepth": 0.0010211006543340913, "MCLC": 0.006219193354990612, "NBD": 0.012168296360524498, "Fin": 0.0036946379702448595, "Maximum Depth": 0.02325733081334307, "NumberOfPackageMethod": 0.00017391868398130715, "MaxNumberOfNestedBlocks": 0.008398521675117707, "NestedForDepth": 0.0015120086914520337, "CyclomaticComplexity": 0.010302224869901667, "NestedTryDepth": 0.00046733000281725924, "Si": 0.0026852001697077635, "NVAR": 0.003117330160637229, "FileLength": 0.02683065065248584, "NumberOfModifiers": 0.017319078058806066, "ThrowsCount": 0.054174548405892496, "NOP": 0.0030545905168180443, "NumberOfPrivateMethod": 0.0037581964612192907, "BooleanExpressionComplexity": 0.014679957401425395, "AnonymousInnerClassLength": 0.0007597417788147944, "NCSSForThisClass": 0.02061865491743916, "NCSSForThisMethod": 0.147346885449729, "NPathComplexity": 0.021548717324558864}