{"FileLength": 0.0012275612035872324, "IOVars": 0.016265184341200774, "NumberOfMethods_Checkstyle": 0.0015205227083706838, "Maximum Depth": 0.010301478343639897, "NVAR": 0.013312536230280846, "NCSSForThisFile": 0.0007309100590778193, "NumberOfParameters_CK": 0.004840467424985412, "NumberOfLogStatements": 0.0, "BooleanExpressionComplexity": 0.00902049441669758, "NestedTryDepth": 3.32345209340623e-07, "NestedForDepth": 0.0, "NumberOfLoops": 0.0013372542888939359, "NCOMP": 0.019451269040859975, "Returns": 0.016514309280893723, "NumberOfVariables": 0.010264609505989309, "ClassFanOutComplexity": 0.0014660284762604728, "NumberOfTryCatch": 9.92090620030482e-05, "NBD": 0.014242243672548208, "NumberOfInnerClasses": 0.0, "NumberOfProtectedMethod": 7.346161626876247e-05, "Di": 0.01801521414755405, "ThrowsCount": 0.05231193832447159, "NumberOfAnonymousClasses": 0.0, "NumberOfMathOperations": 0.0017725377782554321, "NumberOfUniqueWords": 0.20059558887321638, "NOP": 0.0054733720575228005, "NPathComplexity": 0.02177035919136405, "CBO": 0.07075573479855735, "RFC": 0.03705409215590087, "NumberOfPrivateMethod": 0.00012567340034175218, "NCSSForThisClass": 0.001050622657644706, "WMC_CK": 0.01722567066143811, "NumberOfComparisons": 0.013447035605611281, "Ci": 0.019757179431429756, "IsConstructor": 0.00010169006051289329, "AnonymousInnerClassLength": 5.660889736631514e-06, "Si": 0.003010180043085747, "MaxNumberOfNestedBlocks": 0.0036984642984478453, "NumberOfParenthesizedExps": 0.0017123971900177442, "NumberOfLambdas": 0.0, "NumberOfModifiers": 0.049396459781357906, "NestedIfElseDepth": 0.04703355652164403, "VG": 0.01995158166712407, "CyclomaticComplexity": 0.019135743584334754, "MethodLength": 0.06815838868512406, "NumberOfNumbers": 0.010342606089404216, "NumberOfAssignments": 0.032830254523926156, "ExecutableStatementCount": 0.04448926650144937, "NumberOfPublicMethods_Checkstyle": 0.001172553543632391, "NCSSForThisMethod": 0.04486906137017145, "LOCMethod_CK": 0.0424478077119917, "MCLC": 0.022632472725783098, "NumberOfStringLiterals": 0.0027690576027561285, "ClassDataAbstractionCoupling": 0.0004351023404753504, "Fin": 0.0025878788908775046, "NumberOfPackageMethod": 0.0003036898726171459, "Fout": 0.002893235005454781}