{"NumberOfAncestors": 0.0, "NumberPublicMethods": 0.1537146132180001, "NumberOfInheritedMethods": 0.0, "NumberOfSubclasses": 0.02115769535349328, "NumberUserDefinedAttributes": 0.009733107080796194, "NumberOfMethods_Mood": 0.20429833407854792, "NumberOfPolymorphicMethods": 0.16092608394743238, "Cohesion": 0.13908091046226073, "NumberOfAttributes": 0.09923381033076041, "NumberOfPrivateAttributes": 0.10826129337761244, "NumberOfPublicAttributes": 0.039768849148934575, "NumberOfCoupledClasses": 0.025558574742253565, "NumberOfProtectedAttributes": 0.03826672825990852}