{"accuracy_score": 0.6702586206896551, "precision_score": 0.01935483870967742, "recall_score": 0.75, "f1_score": 0.03773584905660377, "roc_auc_score": 0.652445652173913, "pr_auc_score": 0.013037030966880959}