{"NumberOfMathOperations_25%": 0.002003304902098383, "issues_priorityMajor_mean": 0.022871672176319243, "NMA": 0.029123516403894364, "NumberOfMathOperations_75%": 0.005120893762276704, "blame_merge_priorityMajor_min": 0.0, "SIX": 0.0, "Ai": 0.0, "NF": 0.015118926889344216, "Maximum Depth_50%": 0.003951890790847763, "MaxNumberOfNestedBlocks_min": 0.005204901297678216, "PMi": 0.0, "blame_merge_priorityMinor_mean": 0.0, "issues_priorityMajor_std": 0.021750547356013634, "HMd": 0.033452846918295205, "Maximum Complexity*": 0.021630786327552654, "NMIR": 0.0, "Ad": 0.016735612929809265, "blame_merge_priorityMinor_count": 0.0, "MaxNumberOfNestedBlocks_75%": 0.009388459717563696, "blamemerge_priorityMinor_min": 0.0014450495911835298, "blame_merge_priorityMajor_mean": 0.0, "Mi": 0.0, "NumberOfModifiers_min": 0.004503612005639598, "Average Statements per Method": 0.03215410244052662, "Maximum Depth_min": 0.0040223615906014405, "issues_priorityMinor_count": 0.03148954009421976, "Average Complexity*": 0.034796146417636516, "NumberOfModifiers_count": 0.014873888100634492, "NumberOfModifiers_75%": 0.006452460281711693, "blame_merge_priorityMajor_std": 0.0, "MaxNumberOfNestedBlocks_mean": 0.017915737224998653, "NMI": 0.0, "blamemerge_priorityMajor_count": 0.04987173323769452, "blamemerge_priorityMajor_min": 0.0020434659858212536, "blame_merge_priorityMajor_max": 0.0, "NOPa": 0.0, "Maximum Depth_count": 0.007467667160238881, "blame_merge_priorityMinor_max": 0.0, "Ait": 0.0, "blamemerge_priorityMajor_max": 0.000725313973752581, "blamemerge_priorityMajor_std": 0.022946812948186315, "MaxNumberOfNestedBlocks_max": 0.009834829760370586, "issues_priorityMinor_mean": 0.02874664735229884, "Mo": 0.0, "NumberOfModifiers_50%": 0.005450168308950138, "Maximum Depth_std": 0.0028415891473040113, "NumberOfMathOperations_mean": 0.010257670664016522, "Ao": 0.0, "Maximum Depth_75%": 0.003733018247731846, "blamemerge_priorityMajor_mean": 0.022158993371165774, "Mit": 0.0, "MaxNumberOfNestedBlocks_std": 0.01669083192017332, "Average Block Depth": 0.024777195696512763, "blamemerge_priorityMinor_count": 0.04809016166783096, "MaxNumberOfNestedBlocks_50%": 0.006794602146821929, "Maximum Block Depth": 0.018500155235292005, "Maximum Depth_max": 0.005000416188006035, "Av": 0.0065444512941773055, "NumberOfModifiers_25%": 0.005885160207205728, "issues_priorityMinor_min": 0.0018094965876590057, "blame_merge_priorityMinor_min": 0.0, "issues_priorityMajor_min": 0.0017495112633893254, "issues_priorityMajor_max": 0.0006258243616975251, "blamemerge_priorityMinor_mean": 0.019456425142294623, "PMd": 0.030474218570833815, "blame_merge_priorityMinor_std": 0.0, "NumberOfMathOperations_max": 0.007486711854849654, "issues_priorityMajor_count": 0.0311657393304797, "issues_priorityMinor_std": 0.0250394870145823, "NumberOfMethods_Mood": 0.027719632263942834, "blame_merge_priorityMajor_count": 0.0, "NumberOfModifiers_std": 0.009054530104237268, "NumberOfMathOperations_min": 0.0014090481563235804, "HMi": 0.0, "PMR": 0.022061311463202834, "issues_priorityMinor_max": 0.0038648358476632023, "MaxNumberOfNestedBlocks_count": 0.016248235095425872, "Md": 0.027692742335242104, "MaxNumberOfNestedBlocks_25%": 0.006986313861284099, "Maximum Depth_mean": 0.006205991162940696, "NumberOfMathOperations_50%": 0.004237221188848728, "NumberOfModifiers_max": 0.007236255557423042, "Ma": 0.024927168361305502, "NumberOfModifiers_mean": 0.012002059024377237, "blamemerge_priorityMinor_std": 0.01786976415230808, "NM": 0.03167385215732995, "blamemerge_priorityMinor_max": 0.0024321678448678765, "Maximum Depth_25%": 0.0027231289965320934, "NumberOfMathOperations_count": 0.016156760229933276, "NumberOfMathOperations_std": 0.009324426338628702}