{"accuracy_score": 0.9649193548387097, "precision_score": 0.16666666666666666, "recall_score": 0.056338028169014086, "f1_score": 0.08421052631578947, "roc_auc_score": 0.6704289664930221, "pr_auc_score": 0.06589595977841742}