{"WMC_CK_std": 0.09178725273736088, "WMC_CK_50%": 0.03720847414153742, "NMI": 0.0, "NORM": 0.0, "DIT": 0.012686102827069893, "WMC_CK_min": 0.021013672857149106, "WMC_CK_75%": 0.06732928010432022, "WMC_CK_count": 0.10869109338706776, "WMC": 0.3043821404510876, "WMC_CK_max": 0.06317507511257703, "NOCh": 0.0, "NPM": 0.17651157635184117, "WMC_CK_mean": 0.08952776928441838, "WMC_CK_25%": 0.027687562745570517}