{"accuracy_score": 0.9219178082191781, "precision_score": 0.8461538461538461, "recall_score": 0.06111111111111111, "f1_score": 0.11398963730569947, "roc_auc_score": 0.5186719181868436, "pr_auc_score": 0.201831306539134}