{"AHF": 0.17948209979587088, "MIF": 0.0, "MHF": 0.36306643080261447, "AIF": 0.0, "Aa": 0.45745146940151465}