{"accuracy_score": 0.9634873323397913, "precision_score": 0.0625, "recall_score": 0.02857142857142857, "f1_score": 0.0392156862745098, "roc_auc_score": 0.4737020439392283, "pr_auc_score": 0.04419615482291138}