;AHF;MIF;MHF;AIF;Bugged;Aa
count;1259.0;1259.0;1259.0;1259.0;1259;1259.0
unique;;;;;2;
top;;;;;False;
freq;;;;;1228;
mean;0.08945474120492455;0.0;0.3444538539523431;0.0;;2.2200158856235106
std;0.24970657582952646;0.0;0.4262572529358861;0.0;;4.779897591522126
min;0.0;0.0;0.0;0.0;;0.0
25%;0.0;0.0;0.0;0.0;;0.0
50%;0.0;0.0;0.0;0.0;;0.0
75%;0.0;0.0;0.8167832165;0.0;;3.0
max;1.0;0.0;1.0;0.0;;52.0
