{"NumberOfPrivateAttributes": 0.1255384668413603, "NumberOfInheritedMethods": 0.0, "NumberUserDefinedAttributes": 0.0011161487047812704, "NumberOfProtectedAttributes": 0.0351089052576325, "NumberOfMethods_Mood": 0.17842512098809765, "NumberPublicMethods": 0.1512885249673888, "NumberOfAncestors": 0.0, "NumberOfAttributes": 0.12956251891559836, "NumberOfPolymorphicMethods": 0.18652413045893126, "Cohesion": 0.13912664361072838, "NumberOfCoupledClasses": 0.000273173532398319, "NumberOfSubclasses": 0.0, "NumberOfPublicAttributes": 0.05303636672308319}