{"accuracy_score": 0.9246575342465754, "precision_score": 0.5, "recall_score": 0.3181818181818182, "f1_score": 0.3888888888888889, "roc_auc_score": 0.6751683501683501, "pr_auc_score": 0.4060288549609564}