{"NumberOfLogStatements": 0.03600049614149571, "NBD": 0.009522419787225369, "MethodLength": 0.08336938239735563, "NumberOfTryCatch": 0.0019175326094919795, "NOP": 0.002175923268003786, "NVAR": 0.006539824418519655, "NumberOfParameters_CK": 0.005208581638022993, "NumberOfAnonymousClasses": 7.88966834078724e-06, "NumberOfStringLiterals": 0.059300358817529014, "CBO": 0.06615902934431737, "Si": 0.002565017295564136, "NumberOfNumbers": 0.03283988766262883, "IsConstructor": 0.0014356606868790975, "NumberOfVariables": 0.0636923136619751, "NumberOfAssignments": 0.05075555863391478, "NumberOfMathOperations": 0.025656579696457113, "MCLC": 0.007296561906838276, "Di": 0.005345768222919414, "Fout": 0.002484988697857675, "NCOMP": 0.0058499079777257984, "MaxNumberOfNestedBlocks": 0.017015719088028347, "LOCMethod_CK": 0.08187088160884957, "FileLength": 0.07490994294767475, "Maximum Depth": 0.021857952370495124, "NumberOfLoops": 0.007563893686718166, "IOVars": 0.006593375747798832, "Fin": 0.0011089568170650872, "RFC": 0.07114132304770993, "VG": 0.010018338497658619, "NumberOfLambdas": 0.0, "AnonymousInnerClassLength": 3.427582358671663e-05, "WMC_CK": 0.020956519043304596, "NumberOfInnerClasses": 0.0, "NumberOfUniqueWords": 0.07593856260162232, "NumberOfParenthesizedExps": 0.03490154048148664, "NumberOfComparisons": 0.02214772144396115, "NumberOfModifiers": 0.07356201552636772, "Returns": 0.005050042344716696, "Ci": 0.007205256389893284}