{"accuracy_score": 0.9886490669877032, "precision_score": 0.0, "recall_score": 0.0, "f1_score": 0.0, "roc_auc_score": 0.6872129136653096, "pr_auc_score": 0.010224599371215639}