{"NumberOfModifiers": 0.44480314723812825, "Maximum Depth": 0.2885381788277878, "MaxNumberOfNestedBlocks": 0.2641847178934019, "NumberOfMathOperations": 0.002473956040682059}