{"accuracy_score": 0.8894967177242888, "precision_score": 0.0, "recall_score": 0.0, "f1_score": 0.0, "roc_auc_score": 0.5805405405405406, "pr_auc_score": 0.07345423118172735}