;NumberOfModifiers;Maximum Depth;MaxNumberOfNestedBlocks;NumberOfMathOperations;BuggedMethods
count;360.0;360.0;360.0;360.0;360
unique;;;;;2
top;;;;;False
freq;;;;;356
mean;1.5055555555555555;1.1611111111111112;0.12777777777777777;0.19722222222222222;
std;2.4000864010033114;1.0484841897973614;0.466487563455402;0.9247407559960046;
min;0.0;0.0;0.0;0.0;
25%;0.0;0.0;0.0;0.0;
50%;1.0;2.0;0.0;0.0;
75%;1.0;2.0;0.0;0.0;
max;10.0;5.0;3.0;12.0;
