{"AnonymousInnerClassLength": 0.0016449285217165642, "MethodLength": 0.642354463083657, "FileLength": 0.3560006083946264}