{"accuracy_score": 0.9957864446842403, "precision_score": 0.0, "recall_score": 0.0, "f1_score": 0.0, "roc_auc_score": 0.6613541387965193, "pr_auc_score": 0.0126265681711978}