;BuggedMethods;AnonymousInnerClassLength;MethodLength;FileLength
count;19313;19313.0;19313.0;19313.0
unique;2;;;
top;False;;;
freq;19254;;;
mean;;0.12152436182881997;3.9996375498368972;8.92725107440584
std;;1.7631295599628456;7.868603639295523;53.689743776376574
min;;0.0;0.0;0.0
25%;;0.0;0.0;0.0
50%;;0.0;3.0;0.0
75%;;0.0;3.0;0.0
max;;72.0;176.0;2273.0
