{"accuracy_score": 0.9421357180431352, "precision_score": 0.0, "recall_score": 0.0, "f1_score": 0.0, "roc_auc_score": 0.6356555504796711, "pr_auc_score": 0.13065171727309496}