{"ThrowsCount": 0.06546056913796175, "CyclomaticComplexity": 0.04978513913401746, "NPathComplexity": 0.06882533543591686, "NumberOfPublicMethods_Checkstyle": 0.01856601969751465, "NestedForDepth": 0.0005875784756408148, "NestedIfElseDepth": 0.011153415534730489, "NumberOfProtectedMethod": 0.001176957691081882, "NCSSForThisMethod": 0.14593095189568897, "NCSSForThisFile": 0.02448613918008579, "NumberOfPrivateMethod": 0.001776212376014482, "FileLength": 0.02491257536491697, "NestedTryDepth": 0.0004970083060206262, "NumberOfMethods_Checkstyle": 0.017897597190619403, "MethodLength": 0.29479498833098144, "AnonymousInnerClassLength": 0.02282963974705619, "ClassDataAbstractionCoupling": 0.02496428166791724, "BooleanExpressionComplexity": 0.007256331714014358, "NumberOfPackageMethod": 0.00011693875283381463, "ClassFanOutComplexity": 0.03312388585817807, "ExecutableStatementCount": 0.14182444903468563, "NCSSForThisClass": 0.04403398547412303}