{"accuracy_score": 0.9769174845510723, "precision_score": 0.0, "recall_score": 0.0, "f1_score": 0.0, "roc_auc_score": 0.5729114373572448, "pr_auc_score": 0.023519101496653545}