{"accuracy_score": 0.9696438995913602, "precision_score": 0.16326530612244897, "recall_score": 0.42105263157894735, "f1_score": 0.2352941176470588, "roc_auc_score": 0.8906822842229541, "pr_auc_score": 0.08682450536865813}