{"NestedIfElseDepth": 0.013228390722168531, "NCSSForThisClass": 0.019257642175079907, "ExecutableStatementCount": 0.15624579860650767, "NumberOfPrivateMethod": 0.008695703455637872, "NCSSForThisMethod": 0.14731895891363928, "NPathComplexity": 0.0613293880552198, "NCSSForThisFile": 0.017892240651823977, "ClassDataAbstractionCoupling": 0.012329935174557017, "FileLength": 0.018518714002515535, "NumberOfPublicMethods_Checkstyle": 0.011849889487415917, "ThrowsCount": 0.03578407682902467, "NestedTryDepth": 0.0017803315893826607, "NumberOfPackageMethod": 2.741949147917735e-06, "AnonymousInnerClassLength": 0.03805271902855399, "NumberOfProtectedMethod": 0.008205706174149533, "ClassFanOutComplexity": 0.02175433906724222, "CyclomaticComplexity": 0.049991064348036844, "BooleanExpressionComplexity": 0.010965269046292041, "CyclomaticComplexity_Designite": 0.06660809259069746, "MethodLength": 0.28569647791911656, "NumberOfMethods_Checkstyle": 0.013966442781388517, "NestedForDepth": 0.0005260774324022931}