{"accuracy_score": 0.9572851595475266, "precision_score": 0.04878048780487805, "recall_score": 0.009259259259259259, "f1_score": 0.015564202334630349, "roc_auc_score": 0.7514825036180388, "pr_auc_score": 0.06428134614274601}