{"NOD": 0.0, "NOL": 0.00036890866570842506, "NSF": 0.07429917039846803, "NPF": 0.0384337139287385, "TLOC": 0.17097394097711244, "ClTCi": 0.16763753321299243, "RTLOC": 0.22056731095925475, "NOA": 0.0, "PMd": 0.09498695724598184, "NSM": 0.07008086437223497, "ClRCi": 0.16265160023950873}