{"accuracy_score": 0.9619970193740686, "precision_score": 0.05555555555555555, "recall_score": 0.02857142857142857, "f1_score": 0.03773584905660377, "roc_auc_score": 0.41795824680292926, "pr_auc_score": 0.021592361661771024}