{"accuracy_score": 0.8940639269406393, "precision_score": 0.21739130434782608, "recall_score": 0.1111111111111111, "f1_score": 0.14705882352941177, "roc_auc_score": 0.6155362078496407, "pr_auc_score": 0.17590042496010289}