{"ThrowsCount": 0.016518493678653493, "NOP": 0.005949839156830682, "NumberOfComparisons": 0.006427575200987747, "CyclomaticComplexity": 0.015257910787944138, "NPathComplexity": 0.018572662748486853, "NumberOfAnonymousClasses": 7.038108709121669e-05, "NumberOfModifiers": 0.017336487538252513, "NumberOfLogStatements": 0.002737297911047232, "NumberOfPublicMethods_Checkstyle": 0.011835266988098933, "Fout": 0.011847201944686664, "NestedForDepth": 0.00012022927646155493, "Fin": 0.0014249424599623959, "VG": 0.016283717221720572, "NumberOfProtectedMethod": 0.0008938164506969438, "NCSSForThisMethod": 0.043467430909278064, "NumberOfUniqueWords": 0.09883892921863605, "IsConstructor": 0.004782985862603309, "NVAR": 0.010331580515865494, "NCSSForThisFile": 0.011624138008989818, "NumberOfPrivateMethod": 0.0009664758509218506, "NumberOfAssignments": 0.032917589958526255, "NumberOfNumbers": 0.03675644506787249, "FileLength": 0.009808959198827537, "NumberOfTryCatch": 0.00037742473122615386, "NBD": 0.01694612263382976, "NestedIfElseDepth": 0.0012079310214896425, "NumberOfMathOperations": 0.0023008353658175574, "IOVars": 0.013086838390006843, "NestedTryDepth": 0.00011563098903438833, "LOCMethod_CK": 0.04633652258576645, "NumberOfMethods_Checkstyle": 0.013209288405744193, "MethodLength": 0.07477866128355341, "AnonymousInnerClassLength": 0.005791539170527983, "NumberOfLambdas": 0.0, "MCLC": 0.01351519343758812, "Si": 0.011342484908413506, "NumberOfInnerClasses": 0.0, "NumberOfParameters_CK": 0.009579721869021814, "ClassDataAbstractionCoupling": 0.01190962316565439, "RFC": 0.08033985382949604, "NumberOfLoops": 0.005357984595757835, "BooleanExpressionComplexity": 0.002051121377798531, "NumberOfPackageMethod": 3.267049794122639e-05, "Di": 0.01615967145311173, "CBO": 0.09002014785400766, "Returns": 0.011495495777947526, "ClassFanOutComplexity": 0.017988517873928387, "WMC_CK": 0.01702849618712902, "ExecutableStatementCount": 0.040164197140520934, "NumberOfParenthesizedExps": 0.0011898428875538782, "NCOMP": 0.009412698343673549, "NumberOfStringLiterals": 0.04167597997480142, "MaxNumberOfNestedBlocks": 0.006307451345213557, "NumberOfVariables": 0.0283055481116161, "Ci": 0.01758917462911629, "NCSSForThisClass": 0.0196129731202703}