{"accuracy_score": 0.9765539803707742, "precision_score": 0.0, "recall_score": 0.0, "f1_score": 0.0, "roc_auc_score": 0.5980968676604709, "pr_auc_score": 0.025881075617201148}