{"NumberOfModifiers": 0.42843703953587264, "NumberOfMathOperations": 0.22116763823084434, "MaxNumberOfNestedBlocks": 0.1720666095452157, "Maximum Depth": 0.17832871268806724}