{"accuracy_score": 0.9884169884169884, "precision_score": 0.0, "recall_score": 0.0, "f1_score": 0.0, "roc_auc_score": 0.4243504525514451, "pr_auc_score": 0.009606931880166246}