;NumberOfModifiers;NumberOfMathOperations;BuggedMethods;MaxNumberOfNestedBlocks;Maximum Depth
count;4851.0;4851.0;4851;4851.0;4851.0
unique;;;2;;
top;;;False;;
freq;;;4752;;
mean;1.5040197897340755;0.07421150278293136;;0.1401772830344259;0.9882498453927026
std;3.402142187919955;0.48168173155630617;;0.48240793097047496;1.1308540920757235
min;0.0;0.0;;0.0;0.0
25%;0.0;0.0;;0.0;0.0
50%;1.0;0.0;;0.0;0.0
75%;1.0;0.0;;0.0;2.0
max;42.0;14.0;;6.0;7.0
