{"accuracy_score": 0.9669354838709677, "precision_score": 0.21052631578947367, "recall_score": 0.056338028169014086, "f1_score": 0.08888888888888889, "roc_auc_score": 0.7353586024240086, "pr_auc_score": 0.08024172112064296}