{"NCSSForThisFile": 0.03145145025635456, "MethodLength": 0.33119935666123124, "NestedTryDepth": 2.469310971140439e-05, "NCSSForThisClass": 0.017293273465882796, "AnonymousInnerClassLength": 0.0006472701073664263, "NumberOfMethods_Checkstyle": 0.00989465701730679, "ExecutableStatementCount": 0.14600279560656468, "NestedForDepth": 0.0006878780534012516, "FileLength": 0.033276923157352915, "ClassFanOutComplexity": 0.02421596266048052, "BooleanExpressionComplexity": 0.009659694256951113, "ClassDataAbstractionCoupling": 0.005402280019596559, "NumberOfProtectedMethod": 0.0010746277275691923, "NPathComplexity": 0.09704202328115714, "ThrowsCount": 0.03964106214961779, "CyclomaticComplexity": 0.062718526710225, "NumberOfPrivateMethod": 0.0036570677355309304, "NCSSForThisMethod": 0.14627253641289162, "NestedIfElseDepth": 0.03152192760872279, "NumberOfPublicMethods_Checkstyle": 0.007496497880373929, "NumberOfPackageMethod": 0.0008194961217114967}