{"accuracy_score": 0.9761530398322851, "precision_score": 0.0, "recall_score": 0.0, "f1_score": 0.0, "roc_auc_score": 0.7133614391363989, "pr_auc_score": 0.033699230128934075}