{"accuracy_score": 0.9404878048780487, "precision_score": 0.0, "recall_score": 0.0, "f1_score": 0.0, "roc_auc_score": 0.6858467619337185, "pr_auc_score": 0.01853223212921052}