{"MethodLength_mean": 0.03912365813308127, "AnonymousInnerClassLength_75%": 0.0027448142666669307, "Effort": 0.050613298391577986, "AnonymousInnerClassLength_std": 0.001716149352546099, "TotalNumberOfOperators": 0.05870421175962524, "AnonymousInnerClassLength_count": 0.028340415356550817, "AnonymousInnerClassLength_min": 0.0, "FileLength_std": 0.03698976342524703, "TotalNumberOfOperands": 0.057296508082909245, "Volume": 0.0626801317471685, "MethodLength_25%": 0.025455142872800793, "Vocabulary": 0.06763616836910749, "MethodLength_max": 0.037235469080219574, "FileLength_50%": 0.007544433092143121, "NumberOfDistinctOperands": 0.0685214249767628, "FileLength_25%": 0.008424128656851063, "FileLength_75%": 0.01664064050716296, "AnonymousInnerClassLength_50%": 0.0016578955754574787, "NumberOfDistinctOperators": 0.039905902884106545, "Difficulty": 0.05458913097627605, "Length": 0.0603985080358321, "FileLength_min": 0.00788500805029159, "MethodLength_50%": 0.02878434661126598, "MethodLength_min": 0.01714804090257382, "MethodLength_count": 0.02958645322148058, "MethodLength_75%": 0.03034104866182462, "MethodLength_std": 0.03810757102613807, "FileLength_count": 0.030262748961257368, "AnonymousInnerClassLength_mean": 0.0031228123354116524, "AnonymousInnerClassLength_max": 0.0017144227974593975, "FileLength_max": 0.04277292976010559, "AnonymousInnerClassLength_25%": 0.001310468956732429, "FileLength_mean": 0.04274635317336585}