{"accuracy_score": 0.8529411764705882, "precision_score": 0.25, "recall_score": 0.4, "f1_score": 0.3076923076923077, "roc_auc_score": 0.7918149466192173, "pr_auc_score": 0.36268081390101503}