{"accuracy_score": 0.9562721593786933, "precision_score": 0.0425531914893617, "recall_score": 0.009259259259259259, "f1_score": 0.015209125475285171, "roc_auc_score": 0.7509681904613567, "pr_auc_score": 0.05623352098112263}