{"MIF": 0.0, "MHF": 0.37805925128853146, "Aa": 0.5167030051937942, "AIF": 0.0, "AHF": 0.10523774351767436}