{"blamemerge_blamegetDifficulty_count": 0.04689888632612997, "TotalNumberOfOperands": 0.012897881905548908, "AnonymousInnerClassLength_50%": 0.0, "blame_merge_blame_getEffort_max": 0.0, "blame_merge_blame_getLength_count": 0.0, "MethodLength_mean": 0.02369811651503598, "Effort": 0.02109790673278989, "blame_merge_blame_getVocabulary_mean": 0.0, "blame_merge_blame_getEffort_count": 0.0, "blame_merge_blame_getVocabulary_max": 0.0, "MethodLength_min": 0.008489329334925352, "blame_merge_blame_getLength_mean": 0.0, "blame_merge_blame_getDifficulty_min": 0.0, "blamemerge_blamegetVocabulary_max": 0.0069971819467812574, "blame_merge_blame_getDifficulty_std": 0.0, "Difficulty": 0.014083726047423735, "blame_merge_blame_getVolume_count": 0.0, "MethodLength_std": 0.010241338822031827, "blame_merge_blame_getVolume_std": 0.0, "blamemerge_blamegetVolume_mean": 0.021276530378304997, "Vocabulary": 0.026294386611263255, "blamemerge_blamegetVocabulary_std": 0.02315400099935784, "blame_merge_blame_getLength_min": 0.0, "blame_merge_blame_getEffort_std": 0.0, "AnonymousInnerClassLength_mean": 0.0, "AnonymousInnerClassLength_min": 0.0, "blame_merge_blame_getVolume_mean": 0.0, "blame_merge_blame_getDifficulty_count": 0.0, "blamemerge_blamegetLength_mean": 0.027641137970627266, "MethodLength_max": 0.01082945368401393, "blamemerge_blamegetEffort_count": 0.05144105379289663, "blamemerge_blamegetDifficulty_mean": 0.022163296053662043, "blame_merge_blame_getVocabulary_std": 0.0, "blamemerge_blamegetVolume_std": 0.030964830472193162, "AnonymousInnerClassLength_75%": 0.0, "Length": 0.017070165154290586, "blame_merge_blame_getLength_std": 0.0, "blamemerge_blamegetVocabulary_count": 0.05400210772210512, "FileLength_min": 0.0006016385048643111, "MethodLength_25%": 0.01679392567964731, "blamemerge_blamegetDifficulty_max": 0.03447754163046614, "blamemerge_blamegetDifficulty_std": 0.025888748252096846, "blamemerge_blamegetLength_std": 0.0161203719257448, "blamemerge_blamegetEffort_mean": 0.018644808656722956, "blamemerge_blamegetEffort_std": 0.023246663460928334, "blamemerge_blamegetVolume_count": 0.05964106112685047, "NumberOfDistinctOperands": 0.024451027120674575, "blamemerge_blamegetLength_count": 0.06298382601252589, "MethodLength_75%": 0.015871530247212405, "blame_merge_blame_getEffort_min": 0.0, "FileLength_50%": 0.0033591715087156857, "blame_merge_blame_getVolume_min": 0.0, "FileLength_std": 0.00786338815875887, "AnonymousInnerClassLength_count": 0.011594309224157837, "TotalNumberOfOperators": 0.017636864097795798, "NumberOfDistinctOperators": 0.02590066791499293, "blame_merge_blame_getVocabulary_min": 0.0, "FileLength_mean": 0.017177946851967635, "Volume": 0.0154757630894641, "FileLength_max": 0.01941949128713966, "AnonymousInnerClassLength_max": 0.0, "MethodLength_count": 0.01841667654986156, "blame_merge_blame_getDifficulty_max": 0.0, "blame_merge_blame_getLength_max": 0.0, "blame_merge_blame_getEffort_mean": 0.0, "MethodLength_50%": 0.011973100453634788, "FileLength_75%": 0.0014694875882202993, "blamemerge_blamegetVocabulary_mean": 0.027498032552794642, "blamemerge_blamegetEffort_max": 0.029585794571709487, "blamemerge_blamegetVolume_max": 0.015348186274280988, "blame_merge_blame_getDifficulty_mean": 0.0, "blame_merge_blame_getVocabulary_count": 0.0, "blame_merge_blame_getVolume_max": 0.0, "blamemerge_blamegetLength_max": 0.020031845932248396, "AnonymousInnerClassLength_std": 0.0, "FileLength_count": 0.02765713069554249, "FileLength_25%": 0.0016296701615990622, "AnonymousInnerClassLength_25%": 0.0}