{"Aa": 0.40569479096065253, "MIF": 0.0, "AHF": 0.3266538461519701, "AIF": 0.0, "MHF": 0.26765136288737734}