{"accuracy_score": 0.934931506849315, "precision_score": 0.6666666666666666, "recall_score": 0.2727272727272727, "f1_score": 0.3870967741935484, "roc_auc_score": 0.5911616161616161, "pr_auc_score": 0.36351985688440347}