{"NumberOfParameters_CK_min": 0.0014644541619630272, "NumberOfNumbers_25%": 0.0001984709407689394, "NumberOfTryCatch_75%": 0.0, "NumberOfStringLiterals_mean": 0.01796909882729691, "RFC_25%": 0.005536661968944249, "NumberOfLambdas_25%": 0.0, "NumberOfAnonymousClasses_min": 0.0, "NumberOfParenthesizedExps_25%": 0.0, "NumberOfVariables_max": 0.005803382154617423, "NumberOfLoops_mean": 0.005168388349791107, "NumberOfParameters_CK_std": 0.0022833508481425444, "NumberOfComparisons_std": 0.016399807641238013, "NumberOfLogStatements_25%": 0.0, "NumberOfAssignments_50%": 0.010377239443833697, "NumberOfUniqueWords_min": 0.011707751601988229, "NumberOfNumbers_mean": 0.004923207034169792, "NumberOfParenthesizedExps_std": 0.003011171179840053, "WMC_CK_25%": 0.002727659774459047, "NumberOfTryCatch_std": 0.0002058912345238421, "LOCMethod_CK_50%": 0.012339250336820309, "NumberOfLoops_min": 0.0003128371020208033, "LOCMethod_CK_75%": 0.014570419936349057, "NumberOfStringLiterals_50%": 0.01276432848911093, "Returns_25%": 0.009193125467496888, "WMC_CK_mean": 0.009303078470046224, "NumberOfModifiers_max": 0.017031596246988096, "MaxNumberOfNestedBlocks_mean": 0.004522783043010266, "CBO_50%": 0.005461932511002835, "NumberOfVariables_75%": 0.005237629914744635, "NumberOfLambdas_std": 0.0, "MaxNumberOfNestedBlocks_25%": 0.00042048150240527217, "NumberOfParameters_CK_25%": 0.0033088000815412136, "RFC_count": 0.002920517870665942, "WMC_CK_max": 0.013414520995564559, "NumberOfVariables_count": 0.003806316728733546, "NumberOfAssignments_min": 0.010437534772479677, "Returns_mean": 0.013926973153982926, "NumberOfInnerClasses_max": 0.0, "NumberOfInnerClasses_25%": 0.0, "NumberOfParameters_CK_75%": 0.006126431669752217, "NumberOfAnonymousClasses_75%": 0.0, "NumberOfInnerClasses_75%": 0.0, "NumberOfComparisons_min": 0.0012951070425540991, "NumberOfMathOperations_count": 0.003916514037209878, "LOCMethod_CK_count": 0.0037119632642843015, "NumberOfAnonymousClasses_max": 0.0, "RFC_min": 0.0027643397284579443, "NumberOfParameters_CK_mean": 0.00756524389605727, "NumberOfNumbers_std": 0.002939972760135361, "NumberOfUniqueWords_25%": 0.022389163255860177, "NumberOfLogStatements_max": 0.0, "NumberOfMathOperations_min": 0.0003842765682444963, "Returns_min": 0.013019746146501981, "NumberOfVariables_std": 0.005225028646626041, "NumberOfNumbers_max": 0.00416979671499139, "MaxNumberOfNestedBlocks_max": 0.0035428471005465654, "LOCMethod_CK_min": 0.012420083113473795, "Returns_50%": 0.0058257237842756346, "NumberOfAssignments_75%": 0.011146407009847306, "NumberOfAnonymousClasses_std": 0.0, "LOCMethod_CK_std": 0.006186022067216878, "WMC_CK_75%": 0.0035201409087997214, "MaxNumberOfNestedBlocks_count": 0.004585661864274192, "NumberOfInnerClasses_min": 0.0, "CBO_mean": 0.011745276977041728, "NumberOfVariables_25%": 0.0002577151945576604, "NumberOfLogStatements_mean": 0.0, "NumberOfNumbers_count": 0.003514737168139734, "NumberOfLogStatements_std": 0.0, "NumberOfUniqueWords_75%": 0.023274390538718766, "CBO_std": 0.006157363464019711, "NumberOfMathOperations_std": 0.005134486126360666, "LOCMethod_CK_mean": 0.0204195367565517, "NumberOfLogStatements_75%": 0.0, "NumberOfMathOperations_75%": 0.004566342098473901, "RFC_75%": 0.005414730010335124, "NumberOfLambdas_count": 0.0037629194334774106, "IsConstructor_unique": 0.0017927466855937211, "NumberOfComparisons_75%": 0.00036999084542533, "LOCMethod_CK_max": 0.018330578138798976, "NumberOfComparisons_25%": 0.0016946413757744228, "NumberOfTryCatch_50%": 0.0, "NumberOfTryCatch_mean": 0.00033851486757298453, "CBO_min": 0.006720359631717967, "CBO_max": 0.013804954174010581, "IsConstructor_freq": 0.004280796701106094, "NumberOfComparisons_50%": 0.0011844187170366946, "NumberOfParameters_CK_50%": 0.004417777887261816, "NumberOfInnerClasses_mean": 0.0, "NumberOfTryCatch_max": 0.0, "NumberOfLoops_75%": 0.00034355882097326034, "WMC_CK_50%": 0.001050157041354168, "NumberOfComparisons_mean": 0.008996736334782268, "CBO_25%": 0.007837773917581392, "CBO_75%": 0.011191198819176022, "NumberOfModifiers_mean": 0.016359420145167898, "MaxNumberOfNestedBlocks_50%": 8.029172799009612e-05, "NumberOfModifiers_std": 0.007923685789853785, "NumberOfAssignments_25%": 0.00962192371623526, "RFC_max": 0.007739363503055988, "NumberOfNumbers_min": 0.0013860651167904952, "NumberOfParenthesizedExps_count": 0.0033679766643589662, "NumberOfLambdas_75%": 0.0, "NumberOfUniqueWords_mean": 0.020810367870871805, "NumberOfModifiers_25%": 0.008753796942296051, "NumberOfStringLiterals_min": 0.010630591743699073, "Returns_std": 0.0014375132961280256, "NumberOfComparisons_count": 0.00574563780977768, "NumberOfLoops_std": 0.0033882338574438785, "NumberOfModifiers_count": 0.003596998936688589, "NumberOfLoops_25%": 0.0, "NumberOfUniqueWords_std": 0.009963338589663076, "NumberOfModifiers_75%": 0.014378010772683239, "RFC_mean": 0.013355575423237539, "NumberOfAssignments_count": 0.003614246480982858, "NumberOfAssignments_mean": 0.015201586370716311, "NumberOfTryCatch_min": 0.0, "NumberOfLogStatements_50%": 0.0, "NumberOfMathOperations_max": 0.003031542532675236, "NumberOfParenthesizedExps_75%": 0.0001848056205197217, "NumberOfLoops_count": 0.0034279326227182523, "NumberOfLogStatements_count": 0.0047842567707515994, "NumberOfVariables_50%": 0.006382253483079614, "NumberOfAssignments_std": 0.0039886946765880305, "NumberOfLambdas_max": 0.0, "Returns_75%": 0.006108240135439517, "NumberOfStringLiterals_count": 0.005440673708470726, "NumberOfParameters_CK_max": 0.0047016153920879265, "RFC_std": 0.007275087904391575, "WMC_CK_std": 0.011873261601254544, "NumberOfComparisons_max": 0.01943996572563805, "NumberOfInnerClasses_count": 0.0034899717242942115, "NumberOfParameters_CK_count": 0.004315729375413082, "NumberOfStringLiterals_25%": 0.013133360408468771, "NumberOfTryCatch_25%": 0.0, "NumberOfUniqueWords_max": 0.02478520689118379, "NumberOfParenthesizedExps_max": 0.0018336070010285474, "NumberOfLambdas_mean": 0.0, "NumberOfParenthesizedExps_mean": 0.0015410973027774504, "Returns_max": 0.006848897947906943, "NumberOfStringLiterals_std": 0.006984876233172756, "NumberOfParenthesizedExps_50%": 0.00023680930278894403, "NumberOfAnonymousClasses_50%": 0.0, "NumberOfStringLiterals_max": 0.019130687722329225, "NumberOfVariables_mean": 0.006135370245617772, "IsConstructor_count": 0.0043033939293935265, "MaxNumberOfNestedBlocks_std": 0.006961213699500963, "NumberOfTryCatch_count": 0.004452260431437057, "NumberOfInnerClasses_std": 0.0, "Returns_count": 0.004342787837453317, "NumberOfAnonymousClasses_count": 0.005605333828051704, "NumberOfStringLiterals_75%": 0.015891450247063767, "NumberOfMathOperations_mean": 0.005777895658881656, "NumberOfAssignments_max": 0.013766643599321482, "RFC_50%": 0.0025409104786701065, "WMC_CK_min": 0.00168344000139557, "NumberOfModifiers_min": 0.01097045582220229, "NumberOfModifiers_50%": 0.011794103684920575, "NumberOfMathOperations_25%": 0.0010354414347582884, "NumberOfMathOperations_50%": 0.0048936464782895405, "NumberOfParenthesizedExps_min": 0.0, "NumberOfLoops_max": 0.003739036785674407, "IsConstructor_top": 0.00762657585414508, "NumberOfNumbers_50%": 0.001177743999379939, "NumberOfUniqueWords_count": 0.006100105089496387, "MaxNumberOfNestedBlocks_75%": 0.003134371348541452, "NumberOfInnerClasses_50%": 0.0, "NumberOfLambdas_50%": 0.0, "NumberOfLoops_50%": 0.00024060868515664218, "NumberOfLogStatements_min": 0.0, "NumberOfAnonymousClasses_mean": 0.0, "NumberOfLambdas_min": 0.0, "MaxNumberOfNestedBlocks_min": 7.97773891732509e-05, "NumberOfVariables_min": 0.000332436145575385, "WMC_CK_count": 0.00347021156073208, "NumberOfNumbers_75%": 0.0020801063904904316, "NumberOfUniqueWords_50%": 0.023354271179705833, "LOCMethod_CK_25%": 0.01590544649986065, "NumberOfAnonymousClasses_25%": 0.0, "CBO_count": 0.0022269297650002904}