{"accuracy_score": 0.9276315789473685, "precision_score": 0.75, "recall_score": 0.23076923076923078, "f1_score": 0.3529411764705882, "roc_auc_score": 0.6427780852241284, "pr_auc_score": 0.33628730385089334}