{"accuracy_score": 0.8621041879468846, "precision_score": 0.6195652173913043, "recall_score": 0.3630573248407643, "f1_score": 0.4578313253012048, "roc_auc_score": 0.7112449052334682, "pr_auc_score": 0.47776438844516766}