{"accuracy_score": 0.9920027517413363, "precision_score": 0.0, "recall_score": 0.0, "f1_score": 0.0, "roc_auc_score": 0.6580983513041923, "pr_auc_score": 0.010032478057100199}