;BuggedMethods;WMC_CK
count;11541;11541.0
unique;2;
top;False;
freq;11467;
mean;;1.025041157611992
std;;1.7501612479673103
min;;0.0
25%;;0.0
50%;;1.0
75%;;1.0
max;;55.0
