{"ExecutableStatementCount": 0.06097316743450167, "NCSSForThisFile": 0.006712687847345075, "NumberOfVariables": 0.02971516513689796, "NumberOfPublicMethods_Checkstyle": 0.007858287038279206, "CBO": 0.02593964459805464, "NumberOfUniqueWords": 0.11547476383274752, "NumberOfProtectedMethod": 0.007215912929387365, "ClassFanOutComplexity": 0.009475743790008356, "IsConstructor": 0.01199801520474044, "NestedTryDepth": 0.0, "Returns": 0.02658922385035939, "NumberOfPackageMethod": 8.263966226311485e-05, "NCSSForThisClass": 0.009669854706217226, "NumberOfNumbers": 0.040830266556352086, "NumberOfModifiers": 0.023392761120098898, "ThrowsCount": 0.006890249945399747, "NumberOfLoops": 0.004363086680201456, "NumberOfPrivateMethod": 0.0013805108327634324, "Maximum Depth": 0.015206352164425787, "WMC_CK": 0.022073695375534864, "NumberOfParameters_CK": 0.008954267888336684, "NestedIfElseDepth": 0.006230956893255165, "NCSSForThisMethod": 0.060291418139182325, "NPathComplexity": 0.04838469119892728, "LOCMethod_CK": 0.06383032186750304, "MethodLength": 0.08807413928198066, "NumberOfAnonymousClasses": 0.0, "NumberOfLambdas": 0.0, "BooleanExpressionComplexity": 0.03409960230181807, "NumberOfMathOperations": 0.026098553892117356, "NumberOfLogStatements": 0.00014592591717703892, "NumberOfStringLiterals": 0.03810338946243073, "AnonymousInnerClassLength": 0.0, "NumberOfParenthesizedExps": 0.04797818359694188, "CyclomaticComplexity": 0.03514403602920504, "ClassDataAbstractionCoupling": 0.008770635525337309, "NumberOfTryCatch": 7.3059918253658084e-06, "FileLength": 0.0077230645162769725, "NestedForDepth": 6.073848082137907e-05, "MaxNumberOfNestedBlocks": 0.009568727413971778, "RFC": 0.036102438704516036, "NumberOfAssignments": 0.029783876462705076, "NumberOfMethods_Checkstyle": 0.010657843578632498, "NumberOfInnerClasses": 0.0, "NumberOfComparisons": 0.014147854151460205}