{"accuracy_score": 0.987460815047022, "precision_score": 0.08333333333333333, "recall_score": 0.16666666666666666, "f1_score": 0.1111111111111111, "roc_auc_score": 0.7534120734908135, "pr_auc_score": 0.03957341495674331}