{"accuracy_score": 0.9642324888226528, "precision_score": 0.0, "recall_score": 0.0, "f1_score": 0.0, "roc_auc_score": 0.7439173680183626, "pr_auc_score": 0.08524785743002405}