{"Si_count": 0.0055500517857549735, "blamemerge_blamegetDifficulty_count": 0.04363360592323462, "blame_merge_blame_getDistinctOperatorsCnt_min": 0.0, "Difficulty": 0.04457914131012311, "MCLC_50%": 0.002459100381517592, "IOVars_25%": 0.003240639955550559, "blamemerge_blamegetDifficulty_std": 0.04023605250846858, "MCLC_max": 0.003398000742794112, "NumberOfDistinctOperators": 0.045055260012483854, "NVAR_75%": 0.0032472339578331075, "blame_merge_blame_getDifficulty_std": 0.0, "Ci_std": 0.004103051321649915, "blamemerge_blamegetDistinctOperatorsCnt_count": 0.04495786228176645, "Ci_50%": 0.0021841656749105936, "IOVars_min": 0.001309261129589187, "NOP_75%": 0.002852031662630489, "Fin_max": 0.0020629772666174344, "blame_merge_blame_getDistinctOperandsCnt_min": 0.0, "Fout_min": 0.0, "blamemerge_blamegetDistinctOperatorsCnt_std": 0.039234078241437445, "Di_75%": 0.003012690326543175, "ClTCi": 0.010881419633180303, "Fin_25%": 0.001329727750293522, "NCOMP_std": 0.0046655095093306835, "NCOMP_mean": 0.004998664798064987, "Fout_50%": 0.0002312835731390732, "blamemerge_blamegetDistinctOperatorsCnt_mean": 0.04029540535428165, "VG_75%": 0.004185565926328957, "NBD_min": 0.00141602827223286, "Fin_count": 0.004745637641386712, "Si_75%": 0.0013057275477083685, "NBD_75%": 0.004595894915054083, "NVAR_max": 0.0017914174368279902, "NOP_count": 0.004936659605226377, "Fout_std": 0.00227591634483735, "MCLC_min": 0.000521464804671137, "Di_max": 0.002648521598702248, "blamemerge_blamegetDistinctOperandsCnt_std": 0.0493093918508077, "blame_merge_blame_getDistinctOperatorsCnt_count": 0.0, "IOVars_mean": 0.0050641703664201145, "MCLC_75%": 0.003495855859475212, "VG_count": 0.004746702109067178, "Di_25%": 0.0033959149837251004, "VG_max": 0.003248189960353824, "blame_merge_blame_getDifficulty_count": 0.0, "NOPa": 0.0, "NCOMP_min": 0.00035509532229482146, "Si_50%": 0.0002052963666983156, "Di_mean": 0.004559112851287032, "blame_merge_blame_getDistinctOperatorsCnt_mean": 0.0, "NCOMP_count": 0.004560651139163364, "blame_merge_blame_getDistinctOperandsCnt_max": 0.0, "Si_mean": 0.0024237435830810235, "NVAR_std": 0.0030922396659057343, "NBD_25%": 0.0029334888214129907, "blame_merge_blame_getDistinctOperandsCnt_count": 0.0, "Si_max": 0.0011237311106791585, "Si_min": 0.0, "VG_min": 0.0013489928818536884, "Fin_min": 0.0, "MCLC_25%": 0.002017965812835327, "NVAR_min": 0.00020556563540801012, "blame_merge_blame_getDistinctOperandsCnt_std": 0.0, "IOVars_75%": 0.0023873999576957375, "Fin_75%": 0.0017410639593279983, "MCLC_count": 0.0053623299204260426, "Fout_75%": 0.0009137265696232973, "blame_merge_blame_getDifficulty_min": 0.0, "VG_std": 0.004733401318972988, "NVAR_mean": 0.0038756858722956903, "MCLC_mean": 0.0045914977563888335, "NVAR_50%": 0.0010982670130065173, "Ci_75%": 0.0026755661501099088, "NBD_mean": 0.005479512517627052, "IOVars_50%": 0.0016529198363096256, "Si_25%": 0.00028042439991285417, "blamemerge_blamegetDistinctOperandsCnt_mean": 0.06468301908901165, "blamemerge_blamegetDistinctOperandsCnt_count": 0.043770233653760766, "NVAR_count": 0.005164328292548061, "Di_50%": 0.002165508671565699, "NOP_mean": 0.005670749830628727, "NOP_max": 0.0029621590970646183, "Di_count": 0.004874897320269196, "NOP_std": 0.004518020352828278, "Si_std": 0.002107057041946165, "Ci_max": 0.0024001285210771793, "NOP_min": 0.0012953488117825194, "Fin_std": 0.0036382118092580153, "Fin_mean": 0.0032639530942464834, "NOP_50%": 0.0018370633081572925, "Ci_25%": 0.0036817702456203773, "NCOMP_75%": 0.0028908710834380964, "blame_merge_blame_getDifficulty_mean": 0.0, "blamemerge_blamegetDistinctOperatorsCnt_max": 0.026905546253489537, "blamemerge_blamegetDistinctOperandsCnt_max": 0.03485140751630985, "NOP_25%": 0.0022238447830195923, "Ci_count": 0.004630491289022774, "NCOMP_max": 0.004355156470818079, "Fout_mean": 0.002336671929439134, "IOVars_count": 0.0041094592528393955, "NCOMP_50%": 0.0022310170349437775, "Fout_25%": 0.00032800100545414253, "blamemerge_blamegetDifficulty_max": 0.05274305251890445, "NVAR_25%": 0.0008826053366810212, "NBD_max": 0.0030347391068442256, "blame_merge_blame_getDistinctOperandsCnt_mean": 0.0, "VG_50%": 0.002710684017042463, "VG_mean": 0.005365383375784932, "Di_min": 0.0021916725245521695, "Fout_count": 0.00466281934892208, "ClRCi": 0.013502290983710101, "VG_25%": 0.0023317552992082537, "blame_merge_blame_getDistinctOperatorsCnt_std": 0.0, "NCOMP_25%": 0.0012169736489017016, "NBD_count": 0.004194983383299607, "blame_merge_blame_getDifficulty_max": 0.0, "blame_merge_blame_getDistinctOperatorsCnt_max": 0.0, "Fin_50%": 0.0007553139973992218, "Di_std": 0.003679811720856317, "IOVars_max": 0.002045898612370896, "MCLC_std": 0.0037282248717742327, "NBD_50%": 0.0032009843523485917, "NumberOfDistinctOperands": 0.08897518363813171, "Fout_max": 0.0008555537803141615, "blamemerge_blamegetDifficulty_mean": 0.04361860040263461, "Ci_mean": 0.005225016150737523, "IOVars_std": 0.003178213619656698, "NBD_std": 0.004774496950760444, "Ci_min": 0.001412873814288568}