{"accuracy_score": 0.9690601284296556, "precision_score": 0.14583333333333334, "recall_score": 0.3684210526315789, "f1_score": 0.20895522388059704, "roc_auc_score": 0.8897657366556888, "pr_auc_score": 0.08483985221697851}