{"VG": 0.016507188148705075, "NumberOfComparisons": 0.010814276578486614, "NPathComplexity": 0.0241324316306337, "NumberOfAnonymousClasses": 0.010432604422505815, "BooleanExpressionComplexity": 0.043806351907205894, "NumberOfNumbers": 0.02010209900268517, "NumberOfUniqueWords": 0.16756197904511808, "NestedIfElseDepth": 0.006345813787871762, "IOVars": 0.00848400523490374, "NumberOfProtectedMethod": 0.00011051017663146317, "ExecutableStatementCount": 0.037133129952672886, "ThrowsCount": 0.0009405443153297558, "NCSSForThisFile": 0.00723859722190776, "NumberOfParameters_CK": 0.013510791195812534, "NCSSForThisMethod": 0.0404534038886915, "NumberOfLogStatements": 0.0075441249581266225, "IsConstructor": 0.0026711003471382657, "AnonymousInnerClassLength": 0.009102193348220506, "CyclomaticComplexity": 0.013821410912625414, "NCOMP": 0.015482800304409445, "NumberOfAssignments": 0.024288705905204072, "NumberOfModifiers": 0.028774321268530596, "Fout": 0.00648777882344138, "NCSSForThisClass": 0.008657924830496936, "Returns": 0.026874916850384064, "NumberOfLoops": 0.002184341819775131, "ClassDataAbstractionCoupling": 0.005128693219326243, "NumberOfTryCatch": 2.65950368244904e-07, "NestedForDepth": 0.00011026797731808832, "WMC_CK": 0.015309042192669486, "Si": 0.0055477661375487415, "RFC": 0.06830441638460574, "Ci": 0.01567793254673662, "NVAR": 0.010035938392474558, "FileLength": 0.011197401225675358, "Di": 0.011676237005037218, "NBD": 0.01703212175166985, "ClassFanOutComplexity": 0.0045261442283295785, "LOCMethod_CK": 0.03869723192326031, "NumberOfMathOperations": 0.01356024120078386, "NOP": 0.00572352618136611, "MCLC": 0.015553325142583398, "Maximum Depth": 0.016286890210393142, "NumberOfVariables": 0.023261985511080656, "NestedTryDepth": 7.005087165542607e-08, "NumberOfParenthesizedExps": 0.0026878781240987594, "NumberOfStringLiterals": 0.03097549959157228, "NumberOfMethods_Checkstyle": 0.009532147868769039, "NumberOfPrivateMethod": 0.004505974983306778, "MaxNumberOfNestedBlocks": 0.009542935817578153, "NumberOfInnerClasses": 0.0, "NumberOfLambdas": 0.0, "CBO": 0.05445667855196741, "NumberOfPackageMethod": 3.903603453732067e-05, "NumberOfPublicMethods_Checkstyle": 0.007258846192231989, "Fin": 0.00533235222584831, "MethodLength": 0.044575807500476905}