{"NumberOfSubclasses": 0.002191936337078111, "NumberOfInheritedMethods": 0.0, "NumberOfMethods_Mood": 0.2034704669333922, "NumberOfPolymorphicMethods": 0.09787220067468981, "NumberOfProtectedAttributes": 0.015905284366782672, "NumberOfAttributes": 0.07343619085019638, "NumberOfPrivateAttributes": 0.07324709583578005, "NumberOfPublicAttributes": 0.044089225113295535, "NumberPublicMethods": 0.19587196274359947, "Cohesion": 0.11399987235253561, "NumberOfCoupledClasses": 0.12954144285418193, "NumberUserDefinedAttributes": 0.05037432193846813, "NumberOfAncestors": 0.0}