{"accuracy_score": 0.8529111338100103, "precision_score": 0.5670103092783505, "recall_score": 0.3503184713375796, "f1_score": 0.4330708661417323, "roc_auc_score": 0.6280587970926899, "pr_auc_score": 0.3622697306072247}