{"NestedTryDepth": 2.072026592174477e-05, "NestedForDepth": 0.0032899177331766325, "NumberOfPrivateMethod": 0.019508925336948143, "NumberOfMethods_Checkstyle": 0.024802117057582878, "NPathComplexity": 0.0598531609561208, "CyclomaticComplexity": 0.0439945749175981, "AnonymousInnerClassLength": 0.02455762986983743, "NCSSForThisFile": 0.033570842332684654, "ExecutableStatementCount": 0.14140380799049168, "NestedIfElseDepth": 0.06930477138759358, "NumberOfPackageMethod": 0.0005552801629311116, "FileLength": 0.04004590573381179, "NumberOfPublicMethods_Checkstyle": 0.025049011449745206, "NCSSForThisClass": 0.04125738414136592, "ThrowsCount": 0.03352593841235153, "ClassFanOutComplexity": 0.025482361312866606, "MethodLength": 0.2319453845275369, "NumberOfProtectedMethod": 0.00042393602507016364, "NCSSForThisMethod": 0.1542619399725783, "BooleanExpressionComplexity": 0.008160834962975382, "ClassDataAbstractionCoupling": 0.018985555450811428}