{"accuracy_score": 0.9949103247697528, "precision_score": 0.0, "recall_score": 0.0, "f1_score": 0.0, "roc_auc_score": 0.5537749634680955, "pr_auc_score": 0.00608794596342185}