{"NBD_mean": 0.007626755250250222, "Fout_mean": 0.0016442129329983697, "blame_merge_blame_getDifficulty_mean": 0.0, "Difficulty": 0.059452676052620855, "NVAR_50%": 0.0016267921533691086, "NBD_count": 0.0060471599539896614, "blame_merge_blame_getDistinctOperatorsCnt_std": 0.0, "IOVars_count": 0.006366349918748163, "NBD_50%": 0.003489889773710089, "blame_merge_blame_getDistinctOperatorsCnt_max": 0.0, "blame_merge_blame_getDistinctOperatorsCnt_min": 0.0, "NOP_count": 0.006737084645746281, "Si_count": 0.006474045859626972, "ClTCi": 0.026396206967952897, "Fin_min": 0.0, "IOVars_max": 0.004893884653347565, "blamemerge_blamegetDistinctOperandsCnt_max": 0.05073924572137702, "NBD_max": 0.004859043479818829, "MCLC_min": 0.001044668294185611, "blame_merge_blame_getDifficulty_min": 0.0, "Fout_min": 9.03341945863335e-06, "Fout_50%": 5.038453663221768e-05, "Ci_50%": 0.0032393941526346, "NVAR_75%": 0.0036621365178622443, "blamemerge_blamegetDifficulty_max": 0.03692658666007637, "NVAR_mean": 0.0048912526291419334, "Fin_std": 0.002430507770855824, "NBD_min": 0.0021168985803198836, "Ci_25%": 0.003272815306960511, "blame_merge_blame_getDistinctOperatorsCnt_mean": 0.0, "NCOMP_50%": 0.0030715002059976005, "Si_min": 1.6390430927752695e-06, "Fout_75%": 0.000800030188528988, "NCOMP_25%": 0.0024733271516018374, "NOP_min": 0.0018483177429310948, "IOVars_mean": 0.006242502132950677, "blamemerge_blamegetDistinctOperandsCnt_count": 0.03864162242884236, "Si_50%": 7.058652821425485e-05, "VG_min": 0.0012766485275909434, "Si_mean": 0.001683429098343644, "NOP_25%": 0.0030963425170953064, "NBD_75%": 0.005312584716389982, "Fin_50%": 3.264536790816878e-05, "NOP_50%": 0.0028314515538159454, "MCLC_count": 0.005462019469984581, "Di_std": 0.011456963709990031, "VG_mean": 0.008808357025056614, "NCOMP_max": 0.006084168082496443, "NOP_75%": 0.0042592665603283135, "Ci_max": 0.005755522937790203, "Di_max": 0.004616145095731167, "Ci_std": 0.009537413110919228, "Di_count": 0.006064529755107644, "Fout_25%": 7.953174332075168e-05, "IOVars_50%": 0.002556973165307193, "Ci_count": 0.007402151231314568, "IOVars_25%": 0.003928339543614543, "NumberOfDistinctOperands": 0.08269675781003465, "blame_merge_blame_getDistinctOperandsCnt_max": 0.0, "IOVars_std": 0.009366451904469891, "blame_merge_blame_getDistinctOperandsCnt_min": 0.0, "blamemerge_blamegetDistinctOperatorsCnt_std": 0.021146301622002053, "Fout_count": 0.006857613078663575, "blame_merge_blame_getDifficulty_std": 0.0, "Fin_25%": 4.6499561925179774e-06, "VG_std": 0.007876868084807314, "Si_max": 0.001014634533595409, "NumberOfDistinctOperators": 0.04337612291722941, "NOPa": 0.0, "NVAR_min": 0.0007281616341395286, "VG_75%": 0.006067243272207701, "MCLC_50%": 0.0032918559908061305, "blame_merge_blame_getDistinctOperandsCnt_count": 0.0, "NVAR_std": 0.004997488111868627, "NOP_mean": 0.006412887020094534, "NBD_std": 0.005963588478584106, "IOVars_min": 0.0028836445736146483, "Si_25%": 8.538571544304743e-05, "NOP_max": 0.003990146711972631, "blamemerge_blamegetDistinctOperatorsCnt_mean": 0.029084042273337246, "NCOMP_75%": 0.0053688654790335095, "MCLC_max": 0.0069502010022490885, "MCLC_std": 0.007045558731783598, "Si_std": 0.0019185867455296446, "blame_merge_blame_getDifficulty_max": 0.0, "Ci_min": 0.002817497633826602, "NBD_25%": 0.0031460952668447696, "Di_25%": 0.0038661264924959374, "Fin_mean": 0.0016596416832248705, "Fin_max": 0.001756992569463504, "Di_75%": 0.00518003957071327, "blamemerge_blamegetDifficulty_count": 0.03883982739703569, "blamemerge_blamegetDistinctOperatorsCnt_max": 0.017847757271549355, "Fin_count": 0.005446629245162207, "MCLC_mean": 0.006581592194545802, "blamemerge_blamegetDistinctOperandsCnt_std": 0.029025248165943214, "Si_75%": 0.0007286104541036272, "Di_50%": 0.00290822121135981, "ClRCi": 0.014443830954096692, "blame_merge_blame_getDistinctOperandsCnt_std": 0.0, "NOP_std": 0.008964600259899707, "blamemerge_blamegetDistinctOperatorsCnt_count": 0.03638342601304584, "Fin_75%": 0.0006051769848362715, "VG_count": 0.006030037602760372, "NVAR_25%": 0.0015333579061605333, "NCOMP_count": 0.006339459573542115, "NVAR_max": 0.004114367309543312, "Ci_mean": 0.006535417616382754, "VG_25%": 0.0031761711664071582, "blame_merge_blame_getDistinctOperandsCnt_mean": 0.0, "NCOMP_mean": 0.007744369338641212, "blamemerge_blamegetDifficulty_std": 0.02339491311432224, "MCLC_75%": 0.004647390172277926, "Di_min": 0.0032819291134098087, "blamemerge_blamegetDistinctOperandsCnt_mean": 0.029170593534381298, "blame_merge_blame_getDifficulty_count": 0.0, "NCOMP_min": 0.0008555109400885198, "VG_50%": 0.003468871004646087, "NVAR_count": 0.006737383801051755, "NCOMP_std": 0.009407470104567254, "blame_merge_blame_getDistinctOperatorsCnt_count": 0.0, "Di_mean": 0.006060643095519228, "VG_max": 0.007596469064440086, "IOVars_75%": 0.0051989311798855496, "blamemerge_blamegetDifficulty_mean": 0.02905366123068415, "Fout_std": 0.0017912263002348246, "Fout_max": 0.0009815241847937653, "MCLC_25%": 0.0025295258537306395, "Ci_75%": 0.005631373910774718}