{"accuracy_score": 0.6685796269727403, "precision_score": 0.225531914893617, "recall_score": 0.5196078431372549, "f1_score": 0.314540059347181, "roc_auc_score": 0.6011863568956994, "pr_auc_score": 0.28304422923270295}