{"FileLength": 0.008831411827878131, "NumberOfPublicMethods_Checkstyle": 0.006097508303668583, "ThrowsCount": 0.006325519620669404, "CyclomaticComplexity": 0.2672277499113395, "NCSSForThisFile": 0.006207948901362284, "NumberOfMethods_Checkstyle": 0.010505618830918871, "NestedForDepth": 1.9251059141361526e-05, "NCSSForThisMethod": 0.14496462406633384, "BooleanExpressionComplexity": 0.040286340257146946, "NCSSForThisClass": 0.016210257413377106, "MethodLength": 0.11757581956144611, "AnonymousInnerClassLength": 2.397570058532645e-05, "NPathComplexity": 0.16479676682046301, "ClassFanOutComplexity": 0.008183039094252376, "NestedTryDepth": 0.0, "NumberOfProtectedMethod": 2.8612560164980917e-08, "NumberOfPrivateMethod": 0.00833591070046219, "ExecutableStatementCount": 0.15077476227104603, "ClassDataAbstractionCoupling": 0.005732618535892943, "NestedIfElseDepth": 0.03789567615425981, "NumberOfPackageMethod": 5.172357195818711e-06}