{"accuracy_score": 0.97708082026538, "precision_score": 0.0, "recall_score": 0.0, "f1_score": 0.0, "roc_auc_score": 0.604101689408707, "pr_auc_score": 0.06934276073319515}