{"NCSSForThisFile_std": 0.008793687018355952, "NestedForDepth_max": 0.0026614028346588583, "MethodLength_50%": 0.014280009030730009, "BooleanExpressionComplexity_count": 0.007315376147732507, "NCSSForThisMethod_50%": 0.01388219195367907, "CyclomaticComplexity_50%": 0.007964917060891068, "NCSSForThisMethod_25%": 0.014140001712130267, "CyclomaticComplexity_std": 0.0069169154990195054, "NestedTryDepth_mean": 0.00021324193241097276, "FileLength_min": 0.0016107381719167797, "NumberOfPackageMethod_mean": 0.0009297305065291456, "BooleanExpressionComplexity_std": 0.004376229465243245, "FileLength_50%": 0.002452683685351641, "NPathComplexity_mean": 0.012173571006247849, "NCSSForThisMethod_75%": 0.015790811490749398, "NCSSForThisFile_mean": 0.009823102561118489, "NCSSForThisClass_25%": 0.001870922735269377, "NumberOfMethods_Checkstyle_count": 0.007531394074439352, "FileLength_count": 0.007753788621985301, "NCSSForThisClass_std": 0.007934361591560819, "FileLength_25%": 0.0022712973938589305, "AnonymousInnerClassLength_50%": 0.0, "NestedForDepth_min": 7.529190379735722e-05, "NestedTryDepth_std": 0.0002590484858404929, "NumberOfProtectedMethod_min": 2.4286412573486257e-05, "NumberOfPackageMethod_count": 0.007763277744820647, "NumberOfPackageMethod_min": 0.0, "ThrowsCount_50%": 0.0030587194434823816, "NumberOfPrivateMethod_50%": 1.2359627761020333e-06, "NestedTryDepth_max": 0.0004704917967250288, "NestedIfElseDepth_25%": 0.0005611181519596573, "NumberOfPublicMethods_Checkstyle_max": 0.009553669951197096, "NumberOfPrivateMethod_min": 4.3228849758172906e-07, "NPathComplexity_max": 0.009793986003482781, "MethodLength_count": 0.009633315044350034, "NCSSForThisClass_min": 0.0015489899379671401, "MethodLength_max": 0.013259510805225127, "NumberOfProtectedMethod_mean": 0.001899099751319256, "ClassDataAbstractionCoupling_25%": 0.0006301452107318861, "BooleanExpressionComplexity_75%": 0.002363536127127451, "NumberOfMethods_Checkstyle_mean": 0.0036386595944225765, "NumberOfPackageMethod_25%": 0.0, "FileLength_75%": 0.005730694452109228, "ThrowsCount_75%": 0.001798050646425118, "ClassDataAbstractionCoupling_75%": 0.0036444400825539035, "ThrowsCount_count": 0.006998066171620312, "ClassDataAbstractionCoupling_mean": 0.011493706590483429, "NCSSForThisClass_50%": 0.0018734556563332339, "NCSSForThisClass_count": 0.008108468210032813, "NumberOfPrivateMethod_mean": 0.009027576677294244, "NCSSForThisClass_75%": 0.00424543849508413, "NumberOfPrivateMethod_25%": 0.0, "MethodLength_std": 0.006711237451211998, "ThrowsCount_max": 0.0016794528559095426, "ClassFanOutComplexity_min": 0.0036491659088960567, "ExecutableStatementCount_count": 0.007893704292200104, "NPathComplexity_50%": 0.009237142462531274, "CyclomaticComplexity_min": 0.005525219252854942, "NumberOfPrivateMethod_count": 0.006834474957052584, "NestedForDepth_std": 0.005376473848782482, "NestedIfElseDepth_min": 0.00031186682984995763, "NestedTryDepth_75%": 9.381342519924191e-05, "NumberOfMethods_Checkstyle_min": 0.0004179759168014493, "AnonymousInnerClassLength_max": 0.011625929728552538, "NCSSForThisMethod_std": 0.008504981463252556, "NCSSForThisClass_max": 0.011228203003352057, "NestedIfElseDepth_max": 0.005581708458208761, "NCSSForThisFile_25%": 0.0020189729701782398, "FileLength_max": 0.01661519634672826, "AnonymousInnerClassLength_std": 0.008352097164714875, "NCSSForThisMethod_max": 0.014615308858641065, "MethodLength_75%": 0.01568094073564598, "NestedIfElseDepth_std": 0.0039943117167773445, "NumberOfPrivateMethod_75%": 0.0007206701706384239, "NCSSForThisFile_50%": 0.0022344380844192798, "ClassFanOutComplexity_mean": 0.013726634755755278, "NCSSForThisClass_mean": 0.009259268406052543, "ClassFanOutComplexity_std": 0.010463371929359944, "NestedIfElseDepth_count": 0.008196432587594994, "NestedForDepth_mean": 0.004774410511021146, "ExecutableStatementCount_75%": 0.01299902460295903, "NumberOfMethods_Checkstyle_50%": 0.0014697333934644106, "NumberOfPublicMethods_Checkstyle_std": 0.009382767530618813, "AnonymousInnerClassLength_min": 0.0, "NestedIfElseDepth_mean": 0.003351245281110145, "NestedTryDepth_50%": 0.0001522237716510119, "NumberOfPrivateMethod_std": 0.010531775556011825, "ExecutableStatementCount_max": 0.014352227753203618, "NumberOfProtectedMethod_50%": 1.5328510905477212e-06, "CyclomaticComplexity_max": 0.010636930431892084, "NCSSForThisMethod_mean": 0.01710188973249748, "BooleanExpressionComplexity_25%": 0.003656133127317388, "ClassDataAbstractionCoupling_max": 0.008227712774501707, "AnonymousInnerClassLength_mean": 0.006454773633976935, "NumberOfMethods_Checkstyle_max": 0.012426183141791657, "ExecutableStatementCount_25%": 0.011531564957692156, "ThrowsCount_25%": 0.003265556942601985, "NCSSForThisFile_min": 0.0010729018977347652, "NestedIfElseDepth_50%": 0.0010133691176873886, "AnonymousInnerClassLength_25%": 2.8687701805884855e-05, "ClassFanOutComplexity_25%": 0.0038752882465158843, "NestedTryDepth_min": 0.00019771633371336926, "NestedIfElseDepth_75%": 0.0013226854816964, "NumberOfProtectedMethod_75%": 2.895298185999081e-05, "ClassDataAbstractionCoupling_50%": 0.001347420479957925, "NumberOfPublicMethods_Checkstyle_75%": 0.0033570204877643272, "NumberOfPublicMethods_Checkstyle_25%": 0.0004421958036650872, "ExecutableStatementCount_std": 0.009734060160765654, "FileLength_std": 0.008097797418072815, "ClassFanOutComplexity_max": 0.011041706580050124, "NumberOfPublicMethods_Checkstyle_50%": 0.0014507299609271731, "NestedForDepth_count": 0.007502790653583097, "NPathComplexity_std": 0.008979779128390467, "BooleanExpressionComplexity_mean": 0.0073427810950266745, "NumberOfMethods_Checkstyle_75%": 0.0027334755162233115, "NestedTryDepth_count": 0.00734204349244506, "NCSSForThisMethod_min": 0.014561663523790042, "ThrowsCount_min": 0.0028789104830441318, "AnonymousInnerClassLength_75%": 0.000435786058433596, "ClassDataAbstractionCoupling_count": 0.008013498486372167, "BooleanExpressionComplexity_min": 0.0019980813804102338, "NumberOfPackageMethod_std": 0.0006167505054205529, "MethodLength_mean": 0.017008533394404186, "ThrowsCount_mean": 0.0064650558870552, "NCSSForThisMethod_count": 0.0076331531087405315, "NPathComplexity_25%": 0.00985598966941343, "NestedForDepth_75%": 0.002517756681170279, "NumberOfPublicMethods_Checkstyle_min": 0.00025493019898704304, "NumberOfPrivateMethod_max": 0.007316199739304359, "BooleanExpressionComplexity_50%": 0.002323246623779502, "NumberOfProtectedMethod_std": 0.005782346255067327, "NPathComplexity_75%": 0.010728595460347474, "NPathComplexity_count": 0.008203118206916668, "ClassFanOutComplexity_50%": 0.0039779725003929465, "MethodLength_min": 0.014900736265914441, "FileLength_mean": 0.01162526567199875, "NumberOfProtectedMethod_max": 0.0071397999777893534, "ThrowsCount_std": 0.003720174222655296, "CyclomaticComplexity_mean": 0.011805902264387089, "NCSSForThisFile_max": 0.01016759671940616, "NumberOfProtectedMethod_25%": 3.4160532031934263e-06, "NCSSForThisFile_75%": 0.003161380943145554, "ClassDataAbstractionCoupling_std": 0.009459256317985734, "ClassFanOutComplexity_75%": 0.004372517203578575, "NumberOfProtectedMethod_count": 0.007402716816385519, "NestedForDepth_50%": 0.000698541975368738, "NumberOfMethods_Checkstyle_std": 0.010595979133443737, "NestedTryDepth_25%": 0.00016628821280541067, "NCSSForThisFile_count": 0.007331992319922694, "NestedForDepth_25%": 0.00010240915737206024, "NumberOfPackageMethod_50%": 0.0, "MethodLength_25%": 0.017373390507462783, "ExecutableStatementCount_mean": 0.013370426988857195, "BooleanExpressionComplexity_max": 0.004260226922978677, "AnonymousInnerClassLength_count": 0.007891872457400233, "NumberOfPackageMethod_75%": 0.0, "CyclomaticComplexity_75%": 0.009230639540451294, "ExecutableStatementCount_min": 0.009362583073808804, "NumberOfPackageMethod_max": 0.000780432958431375, "CyclomaticComplexity_count": 0.00786825423979242, "CyclomaticComplexity_25%": 0.0065692498798906075, "NumberOfPublicMethods_Checkstyle_count": 0.00866317059571521,