{"accuracy_score": 0.9679582712369598, "precision_score": 0.0, "recall_score": 0.0, "f1_score": 0.0, "roc_auc_score": 0.6131599081866871, "pr_auc_score": 0.03549524314331738}