{"NumberOfAttributes": 0.16612600700914637, "NumberOfPrivateAttributes": 0.1301325580255379, "NumberUserDefinedAttributes": 0.05927706808730199, "NumberOfAncestors": 0.0, "NumberOfProtectedAttributes": 0.024488969715108954, "NumberOfMethods_Mood": 0.10881648138191403, "NumberOfCoupledClasses": 0.07087232713733194, "Cohesion": 0.10766059957344515, "NumberOfSubclasses": 0.0, "NumberOfPublicAttributes": 0.09766887804337342, "NumberOfInheritedMethods": 0.0, "NumberPublicMethods": 0.11501776081047088, "NumberOfPolymorphicMethods": 0.11993935021636937}