{"accuracy_score": 0.8940397350993378, "precision_score": 0.23809523809523808, "recall_score": 1.0, "f1_score": 0.3846153846153846, "roc_auc_score": 0.9184931506849315, "pr_auc_score": 0.15740060936655365}