{"IsConstructor": 0.0007691389929642314, "Si": 0.00039286269392842314, "MCLC": 0.01168593084209009, "NOP": 0.002151920476570706, "MaxNumberOfNestedBlocks": 0.04001710996336949, "NumberOfParenthesizedExps": 0.00979067167912043, "AnonymousInnerClassLength": 0.020258166150554088, "VG": 0.01232165580567986, "Returns": 0.022135386991313923, "NumberOfMathOperations": 0.0296940959975141, "Fin": 0.001037988915520691, "Di": 0.0106395811910376, "NumberOfInnerClasses": 0.0, "NBD": 0.014985658657223984, "NumberOfComparisons": 0.006181326131916179, "NVAR": 0.011250956127029954, "FileLength": 0.044847791322081706, "NumberOfParameters_CK": 0.012238920111098846, "NumberOfLoops": 0.008880724820954507, "NumberOfTryCatch": 0.0001320221966223648, "NumberOfLogStatements": 0.004061370535555258, "NumberOfAssignments": 0.04657851982163951, "Ci": 0.009743156249670351, "NumberOfAnonymousClasses": 0.00030407955130011506, "NumberOfVariables": 0.03506627090159808, "NumberOfStringLiterals": 0.09648477776224017, "LOCMethod_CK": 0.08311984185300282, "NumberOfLambdas": 0.0, "NumberOfModifiers": 0.015252843604139168, "IOVars": 0.008878733547818972, "NCOMP": 0.009214723290524496, "Maximum Depth": 0.023117021634886773, "WMC_CK": 0.02235790621956485, "Fout": 0.00023736331390644994, "CBO": 0.06491858747449612, "RFC": 0.06929926186463913, "MethodLength": 0.09535205645452584, "NumberOfUniqueWords": 0.10180250385909652, "NumberOfNumbers": 0.0547990729948039}