{"Ait": 0.0, "Ai": 0.0, "Average Statements per Method": 0.02132829455449593, "Average Complexity*": 0.03502640038961625, "blame_merge_priorityMajor_max": 0.0, "NF": 0.013518397956043019, "NumberOfMathOperations_min": 0.0, "Maximum Depth_min": 0.002044375830506406, "PMR": 0.010458485650224896, "NumberOfMathOperations_std": 0.012235664743697042, "blamemerge_priorityMajor_std": 0.00847736487702975, "Ao": 0.0, "blamemerge_priorityMinor_min": 0.0, "NumberOfMathOperations_mean": 0.012811965061871803, "blame_merge_priorityMinor_min": 0.0, "Maximum Depth_count": 0.028172952223675538, "HMi": 0.0, "NumberOfMathOperations_25%": 4.736686764336531e-05, "Maximum Depth_mean": 0.005614379737699852, "Ma": 0.020738559631952504, "issues_priorityMinor_max": 0.004558252478289679, "issues_priorityMinor_mean": 0.00816957599488967, "Md": 0.016794489689447037, "Mit": 0.0, "issues_priorityMajor_mean": 0.009580122459550585, "NM": 0.016633872899965315, "NumberOfMathOperations_max": 0.013100336779759452, "NumberOfModifiers_mean": 0.04931876911579675, "Average Block Depth": 0.03663437525079377, "Maximum Depth_std": 0.0024454248234100327, "issues_priorityMinor_min": 0.0, "blame_merge_priorityMinor_mean": 0.0, "blamemerge_priorityMajor_count": 0.08280599002024813, "issues_priorityMajor_min": 0.005655076088887044, "MaxNumberOfNestedBlocks_max": 0.014760668054501363, "blamemerge_priorityMajor_max": 0.0014583663015094617, "issues_priorityMajor_max": 1.0503236309688562e-05, "issues_priorityMajor_count": 0.011817521752056385, "NMA": 0.016917402041869135, "Mi": 0.0, "blamemerge_priorityMinor_std": 0.006612080659655055, "Maximum Depth_75%": 0.0016253751702559553, "Maximum Block Depth": 0.01541148201526515, "Maximum Depth_25%": 0.0043449442763207535, "NumberOfMathOperations_count": 0.02654297528746016, "MaxNumberOfNestedBlocks_75%": 0.027299746726606865, "blame_merge_priorityMinor_count": 0.0, "SIX": 0.0, "Maximum Depth_max": 0.0037345446628202113, "blamemerge_priorityMinor_max": 0.008935164295594893, "HMd": 0.010851448319908159, "issues_priorityMajor_std": 0.004229723365892506, "blame_merge_priorityMajor_count": 0.0, "blamemerge_priorityMajor_mean": 0.013651140963311752, "Ad": 0.011247949864445177, "NMI": 0.0, "blame_merge_priorityMinor_max": 0.0, "NumberOfModifiers_min": 0.023077774581409097, "issues_priorityMinor_count": 0.010759017590749797, "blame_merge_priorityMinor_std": 0.0, "NumberOfModifiers_max": 0.014968802587400446, "Maximum Complexity*": 0.025490807940390308, "MaxNumberOfNestedBlocks_count": 0.030341249479399573, "NumberOfModifiers_50%": 0.0184078080733019, "Mo": 0.0, "blamemerge_priorityMajor_min": 0.01307996517496438, "MaxNumberOfNestedBlocks_std": 0.0323236875190117, "blame_merge_priorityMajor_std": 0.0, "MaxNumberOfNestedBlocks_25%": 0.0018870216487555604, "NumberOfModifiers_25%": 0.016373470828074055, "NumberOfModifiers_75%": 0.018206066093013534, "NumberOfMathOperations_50%": 0.0012473302504370047, "blamemerge_priorityMinor_mean": 0.00794381086577265, "blamemerge_priorityMinor_count": 0.08812967193462695, "PMd": 0.017286401616908406, "issues_priorityMinor_std": 0.006473237181340672, "blame_merge_priorityMajor_min": 0.0, "blame_merge_priorityMajor_mean": 0.0, "MaxNumberOfNestedBlocks_50%": 0.0015138065015344118, "PMi": 0.0, "Av": 0.0008208401306675876, "Maximum Depth_50%": 0.0028065569525660907, "NumberOfMathOperations_75%": 0.004425419191089138, "NOPa": 0.0, "MaxNumberOfNestedBlocks_min": 0.0, "NumberOfModifiers_std": 0.005948996738097952, "NumberOfModifiers_count": 0.029065534380635107, "MaxNumberOfNestedBlocks_mean": 0.03380119262057736}