{"accuracy_score": 0.9246575342465754, "precision_score": 0.9411764705882353, "recall_score": 0.08888888888888889, "f1_score": 0.1624365482233503, "roc_auc_score": 0.6871075179657269, "pr_auc_score": 0.2411784949967244}