{"accuracy_score": 0.9336585365853659, "precision_score": 0.017543859649122806, "recall_score": 0.07692307692307693, "f1_score": 0.02857142857142857, "roc_auc_score": 0.638567953785345, "pr_auc_score": 0.016926299167847887}