{"accuracy_score": 0.9521304576538664, "precision_score": 0.8518518518518519, "recall_score": 0.20909090909090908, "f1_score": 0.33576642335766427, "roc_auc_score": 0.8563524694177961, "pr_auc_score": 0.4265293264618923}