{"accuracy_score": 0.9159533073929961, "precision_score": 0.4583333333333333, "recall_score": 0.10377358490566038, "f1_score": 0.16923076923076924, "roc_auc_score": 0.7088834477571335, "pr_auc_score": 0.21430303749606883}