{"NCOMP_min": 0.0020090496378235225, "Di_75%": 0.007154344338925911, "Fout_50%": 0.0013148798866458502, "Fout_max": 0.0036000237484033137, "VG_count": 0.005835862748231806, "blamemerge_blamegetDistinctOperandsCnt_count": 0.06018874240120241, "NVAR_std": 0.006282163087051947, "blame_merge_blame_getDifficulty_min": 0.0, "blame_merge_blame_getDifficulty_std": 0.0, "NBD_25%": 0.0022864032608978916, "VG_75%": 0.0026742063340075774, "Ci_max": 0.004569415189414518, "Fin_25%": 0.00026352477025730185, "IOVars_75%": 0.006345510702823916, "IOVars_mean": 0.008762543715784882, "MCLC_75%": 0.00485166897973773, "Ci_std": 0.006174017103325506, "MCLC_min": 0.0014538082309829374, "MCLC_50%": 0.004317852324560031, "blame_merge_blame_getDifficulty_max": 0.0, "NOP_count": 0.006172246862552059, "Di_count": 0.0051705797298261125, "IOVars_50%": 0.0033229420949687917, "Fout_std": 0.0038080817464904645, "NVAR_max": 0.003493846303314132, "NVAR_count": 0.00615011852427427, "Di_50%": 0.0035399370074284966, "Fin_mean": 0.00253527194580186, "Fin_50%": 0.00026851407043121606, "NCOMP_count": 0.00599469162412453, "blame_merge_blame_getDistinctOperandsCnt_max": 0.0, "NOP_min": 0.0023435385663035943, "Si_50%": 0.0014469915704733815, "NOP_mean": 0.009160911488857755, "NVAR_75%": 0.0035725211154464596, "Si_75%": 0.001133845306975741, "IOVars_min": 0.0021976114926808158, "Difficulty": 0.040960517714831106, "Fin_std": 0.0035264318777792117, "ClTCi": 0.06801935329147586, "Ci_25%": 0.00388223206623648, "blamemerge_blamegetDistinctOperatorsCnt_mean": 0.024468420058216356, "Si_25%": 0.0014158909096688875, "VG_mean": 0.004397180101091333, "NOP_75%": 0.006780219225220936, "blamemerge_blamegetDifficulty_count": 0.05720361223273146, "blame_merge_blame_getDistinctOperandsCnt_mean": 0.0, "NCOMP_mean": 0.004427714567456306, "blame_merge_blame_getDistinctOperatorsCnt_mean": 0.0, "Di_25%": 0.004275232784735011, "Di_mean": 0.00794066776634497, "MCLC_count": 0.0063588916177021535, "blame_merge_blame_getDistinctOperatorsCnt_count": 0.0, "VG_25%": 0.001928558650051097, "NCOMP_25%": 0.004754266937208245, "Fin_count": 0.006500935557848222, "blame_merge_blame_getDistinctOperandsCnt_std": 0.0, "NOP_25%": 0.003303369973724247, "MCLC_mean": 0.006800316240364931, "ClRCi": 0.025383178672377084, "blamemerge_blamegetDistinctOperatorsCnt_count": 0.05926305540291369, "Ci_50%": 0.00323888913391168, "Si_std": 0.00403407908682536, "MCLC_std": 0.004695471535473957, "NBD_min": 0.0010653105376579484, "Di_std": 0.006284733899685443, "blamemerge_blamegetDifficulty_mean": 0.0253495287302287, "blamemerge_blamegetDistinctOperandsCnt_mean": 0.028565336785537583, "Si_min": 0.0005202733764248315, "NOP_std": 0.007292044490372422, "IOVars_count": 0.006187554822940327, "MCLC_25%": 0.003524415668029597, "Ci_min": 0.0020932689853630847, "NVAR_min": 0.0005593735855384172, "blamemerge_blamegetDistinctOperatorsCnt_max": 0.013256016698575311, "NumberOfDistinctOperands": 0.05682959931611325, "blamemerge_blamegetDifficulty_max": 0.0255803305642636, "NOP_max": 0.005024375050220371, "VG_max": 0.0038159635430427686, "blamemerge_blamegetDistinctOperatorsCnt_std": 0.021763179867009656, "Ci_mean": 0.00799108746857512, "NOP_50%": 0.003953799555075499, "NBD_count": 0.006259772617885286, "blame_merge_blame_getDistinctOperandsCnt_count": 0.0, "NumberOfDistinctOperators": 0.033685775720513074, "Si_max": 0.004601255510495431, "NCOMP_max": 0.004017041621675079, "Fout_mean": 0.005948838529966451, "blame_merge_blame_getDistinctOperandsCnt_min": 0.0, "Fin_min": 0.0, "IOVars_max": 0.004488291499316213, "blamemerge_blamegetDifficulty_std": 0.024390601504334336, "VG_std": 0.003899449518543888, "Fout_count": 0.006437015453782411, "VG_min": 0.0006978915248005213, "Di_max": 0.004468604886068564, "Ci_count": 0.006532165890176594, "blamemerge_blamegetDistinctOperandsCnt_std": 0.03380059735183795, "Fout_25%": 0.0014156445120202768, "blame_merge_blame_getDistinctOperatorsCnt_max": 0.0, "blame_merge_blame_getDistinctOperatorsCnt_std": 0.0, "NBD_75%": 0.002939345398152852, "Fout_min": 0.0003880121086161719, "NBD_50%": 0.0024284725185973488, "Fout_75%": 0.0011174364866223317, "NCOMP_75%": 0.00394942891486786, "blame_merge_blame_getDistinctOperatorsCnt_min": 0.0, "Fin_max": 0.002211894339076289, "VG_50%": 0.0022444615159576495, "blame_merge_blame_getDifficulty_mean": 0.0, "MCLC_max": 0.005067727609785815, "NBD_std": 0.0050298226901666875, "IOVars_std": 0.00616376066038419, "NBD_max": 0.0030067312731858298, "Di_min": 0.0030359182909537614, "Ci_75%": 0.006733687621183737, "NBD_mean": 0.00675893390837567, "NOPa": 0.0, "NCOMP_50%": 0.003963248137345962, "Si_mean": 0.005516722847092885, "IOVars_25%": 0.003427708225908725, "NCOMP_std": 0.0040255678589414135, "Si_count": 0.005947884734627141, "NVAR_50%": 0.0021463705721794088, "Fin_75%": 0.0006227386639545264, "NVAR_25%": 0.0014759556203827993, "blamemerge_blamegetDistinctOperandsCnt_max": 0.014114248578274029, "blame_merge_blame_getDifficulty_count": 0.0, "NVAR_mean": 0.0054306310250816095}