{"accuracy_score": 0.8508682328907048, "precision_score": 0.5797101449275363, "recall_score": 0.25477707006369427, "f1_score": 0.3539823008849557, "roc_auc_score": 0.6875648953151394, "pr_auc_score": 0.4507222507346279}