{"blame_merge_priorityMinor_min": 0.0, "MaxNumberOfNestedBlocks_mean": 0.01558237956270762, "NOPa": 0.0, "Average Block Depth": 0.03573709400351362, "Maximum Depth_std": 0.0026432645346321244, "Ad": 0.01853867125113993, "blamemerge_priorityMinor_count": 0.04490018300607227, "MaxNumberOfNestedBlocks_min": 0.0015627524123046663, "blamemerge_priorityMinor_std": 0.03071776526229033, "blamemerge_priorityMinor_max": 0.002292637946572387, "MaxNumberOfNestedBlocks_75%": 0.010901071196058881, "issues_priorityMinor_min": 7.56362168062746e-05, "blame_merge_priorityMajor_max": 0.0, "blame_merge_priorityMinor_std": 0.0, "NumberOfModifiers_count": 0.02097743962489402, "blame_merge_priorityMajor_mean": 0.0, "Md": 0.019862652720765955, "NumberOfModifiers_25%": 0.004682211888021983, "Maximum Complexity*": 0.020264204693019594, "NumberOfModifiers_min": 0.0035559823661744524, "blame_merge_priorityMajor_min": 0.0, "MaxNumberOfNestedBlocks_50%": 0.008633778254369376, "NumberOfMathOperations_75%": 0.003818332611074137, "issues_priorityMinor_mean": 0.022365422188210186, "NumberOfMathOperations_count": 0.02084694529251544, "MaxNumberOfNestedBlocks_std": 0.019410359128800736, "issues_priorityMajor_std": 0.026670728969292515, "blame_merge_priorityMinor_count": 0.0, "NF": 0.017421580575716234, "issues_priorityMajor_mean": 0.023942229659508228, "Ma": 0.017410235473657575, "Maximum Depth_25%": 0.006681493433679377, "issues_priorityMajor_count": 0.04814751980832093, "Maximum Depth_max": 0.005751011990150619, "NumberOfModifiers_75%": 0.0076271940494305945, "Av": 0.005474120652979455, "NumberOfMathOperations_25%": 0.0024633425161436407, "blame_merge_priorityMajor_count": 0.0, "NMA": 0.01957931157873116, "blame_merge_priorityMajor_std": 0.0, "SIX": 0.0, "NumberOfMathOperations_max": 0.005309734011326262, "PMd": 0.022984299848043777, "Mit": 0.0, "Maximum Depth_mean": 0.0078092135770365684, "Mo": 0.0, "PMi": 0.0, "Maximum Depth_50%": 0.005847537353267747, "blamemerge_priorityMajor_std": 0.036209354566367945, "MaxNumberOfNestedBlocks_count": 0.01977669040640751, "Maximum Depth_count": 0.023344763147361527, "NumberOfMathOperations_mean": 0.00912303116236786, "Ai": 0.0, "MaxNumberOfNestedBlocks_max": 0.00936285203166413, "blame_merge_priorityMinor_max": 0.0, "Average Statements per Method": 0.03506471787477271, "blamemerge_priorityMajor_max": 0.00022551554096581384, "Ao": 0.0, "issues_priorityMinor_count": 0.047809620448261356, "blamemerge_priorityMinor_min": 5.292045371479501e-05, "NumberOfModifiers_mean": 0.011823382395621904, "NumberOfMethods_Mood": 0.02314762880057536, "Ait": 0.0, "NumberOfMathOperations_std": 0.012647763764571317, "blamemerge_priorityMajor_mean": 0.023462812657681156, "NumberOfModifiers_max": 0.006839332432004497, "blamemerge_priorityMinor_mean": 0.016834599025193034, "NM": 0.018487198889068836, "HMi": 0.0, "NumberOfModifiers_std": 0.010208670952728167, "NMI": 0.0, "issues_priorityMinor_std": 0.024052320915423163, "NumberOfModifiers_50%": 0.005262174440406088, "Maximum Block Depth": 0.010876681986285329, "NumberOfMathOperations_50%": 0.002896967391506898, "blame_merge_priorityMinor_mean": 0.0, "blamemerge_priorityMajor_min": 0.0033658266559903273, "MaxNumberOfNestedBlocks_25%": 0.005224692429989608, "Maximum Depth_75%": 0.005343073820713143, "issues_priorityMinor_max": 0.004125724085035008, "NumberOfMathOperations_min": 0.0004571362793033356, "PMR": 0.01296171180273542, "issues_priorityMajor_max": 0.0003236352849218154, "Mi": 0.0, "Maximum Depth_min": 0.0063255357830464595, "blamemerge_priorityMajor_count": 0.043305629983002705, "HMd": 0.012096199386036316, "Average Complexity*": 0.025020353289801775, "issues_priorityMajor_min": 0.003453144259246187}