{"accuracy_score": 0.914396887159533, "precision_score": 0.42857142857142855, "recall_score": 0.11320754716981132, "f1_score": 0.1791044776119403, "roc_auc_score": 0.6536519596075984, "pr_auc_score": 0.1983684577836833}