{"blamemerge_blamegetDistinctOperandsCnt_mean": 0.05947187882650443, "blamemerge_blamegetDistinctOperandsCnt_std": 0.04726521323795486, "blame_merge_blame_getDistinctOperandsCnt_max": 0.0, "NVAR_count": 0.0050195123465655266, "blamemerge_blamegetDistinctOperandsCnt_count": 0.06569508425479845, "Fout_50%": 3.4919671820890154e-05, "IOVars_max": 0.0018641066148188468, "blame_merge_blame_getDistinctOperatorsCnt_max": 0.0, "VG_std": 0.0032257690144870507, "NOP_std": 0.0023837401191170583, "NVAR_min": 9.548323089521824e-05, "NBD_mean": 0.004744404321796298, "NCOMP_mean": 0.0029394796064226452, "NVAR_mean": 0.0025302377913880157, "blame_merge_blame_getDistinctOperandsCnt_min": 0.0, "IOVars_min": 0.0008443610482116469, "Si_mean": 0.0011154807612971296, "blame_merge_blame_getDistinctOperatorsCnt_mean": 0.0, "NVAR_75%": 0.0011983242899644808, "blame_merge_blame_getDistinctOperatorsCnt_count": 0.0, "Fout_std": 0.0011624443825873165, "Difficulty": 0.05747916773300411, "NOP_50%": 0.0012606392583039087, "NVAR_std": 0.005990696121498071, "NOP_mean": 0.002664187957928192, "blame_merge_blame_getDifficulty_mean": 0.0, "NBD_75%": 0.004249846484988177, "blame_merge_blame_getDifficulty_count": 0.0, "blamemerge_blamegetDistinctOperatorsCnt_std": 0.04882433480829795, "VG_25%": 0.00207999976608529, "Fout_25%": 0.0, "Di_min": 0.0011790000527462038, "Si_std": 0.0012357860673462761, "NCOMP_max": 0.0029990497860166426, "Fin_75%": 0.00036854307108905086, "Si_25%": 0.0, "Fin_std": 0.0012876035536912398, "NCOMP_75%": 0.0022027271384574216, "blamemerge_blamegetDifficulty_count": 0.06155118994007284, "VG_mean": 0.0028236772419768597, "VG_min": 0.0005373404454116583, "Ci_max": 0.002347088400034723, "NOP_25%": 0.0013574316885302641, "Fout_75%": 0.00048511578747989547, "Si_min": 0.0, "NBD_count": 0.005983080654587548, "Fout_count": 0.005211442175975773, "blame_merge_blame_getDifficulty_std": 0.0, "MCLC_max": 0.00485693935596869, "blame_merge_blame_getDistinctOperandsCnt_mean": 0.0, "Fin_count": 0.004093351239410315, "MCLC_50%": 0.0019226009622976764, "blame_merge_blame_getDifficulty_max": 0.0, "blame_merge_blame_getDifficulty_min": 0.0, "Di_max": 0.0017216114689252676, "Ci_50%": 0.0013719268795604686, "NOP_min": 0.0005252231607336112, "NCOMP_50%": 0.0017244449807334561, "Fout_min": 0.0, "NBD_min": 0.0007968615476713429, "Ci_std": 0.0015760833970369767, "NBD_25%": 0.0013921025524375652, "Fin_min": 0.0, "NBD_std": 0.004054815159575895, "NumberOfDistinctOperands": 0.07066021435257541, "Fout_max": 0.0012455505145193954, "NVAR_25%": 0.0014423002809190993, "blamemerge_blamegetDifficulty_max": 0.034791212492961146, "Fin_mean": 0.0012123089428148067, "Di_25%": 0.0013716356832243826, "blame_merge_blame_getDistinctOperandsCnt_std": 0.0, "MCLC_25%": 0.0007565381538611036, "IOVars_75%": 0.0016518286603192807, "Si_count": 0.004945962457908464, "NumberOfDistinctOperators": 0.046487222748776466, "Di_mean": 0.0027512114155183163, "blame_merge_blame_getDistinctOperatorsCnt_min": 0.0, "blamemerge_blamegetDifficulty_mean": 0.0503303365253063, "Di_75%": 0.0014322639661881278, "Si_max": 0.0005828781233478279, "NCOMP_std": 0.0028339906854027434, "VG_50%": 0.0016970746561999618, "MCLC_count": 0.005074332191854944, "Si_50%": 1.4128487154301723e-05, "IOVars_std": 0.002294770810861622, "Ci_mean": 0.002948800856814413, "blamemerge_blamegetDistinctOperatorsCnt_count": 0.06155913300168542, "Fin_50%": 2.8590257635707922e-05, "ClRCi": 0.004661527047957198, "IOVars_mean": 0.002951294147625678, "IOVars_50%": 0.0012696720961940487, "NBD_50%": 0.002675063807239272, "blame_merge_blame_getDistinctOperatorsCnt_std": 0.0, "ClTCi": 0.006390663902441938, "Ci_count": 0.004898726677207708, "VG_75%": 0.001913357456915588, "Fin_25%": 0.0, "NBD_max": 0.0035635311114878203, "NOP_max": 0.0013371452722803793, "blamemerge_blamegetDistinctOperandsCnt_max": 0.0356802607611467, "IOVars_count": 0.004536031909930794, "NOP_75%": 0.0008953994633365265, "Di_std": 0.0021850899649809583, "Si_75%": 0.00040406024786670733, "MCLC_75%": 0.0027834336997503853, "NOP_count": 0.0039007404956801946, "blame_merge_blame_getDistinctOperandsCnt_count": 0.0, "blamemerge_blamegetDifficulty_std": 0.04770008930588705, "Ci_min": 0.0009181687725330316, "Di_count": 0.0049220502607949445, "MCLC_std": 0.0033281120495975178, "MCLC_mean": 0.004223033452416813, "blamemerge_blamegetDistinctOperatorsCnt_max": 0.046759858358976385, "Di_50%": 0.0015083700291279015, "Fin_max": 0.0006820423794344341, "Fout_mean": 0.001837052888658702, "NVAR_50%": 0.0010247164117709838, "NCOMP_min": 0.00010054671288167956, "NVAR_max": 0.007890230326521938, "Ci_75%": 0.0019064210531592831, "Ci_25%": 0.0006902355092510851, "IOVars_25%": 0.001001336617798663, "NCOMP_count": 0.005282119462869935, "NCOMP_25%": 0.000864876616875157, "VG_max": 0.0027710219247408666, "NOPa": 0.0, "MCLC_min": 7.668581926534026e-05, "VG_count": 0.004812329904663807, "blamemerge_blamegetDistinctOperatorsCnt_mean": 0.04979807045838013}