{"accuracy_score": 0.9473961073119411, "precision_score": 0.7777777777777778, "recall_score": 0.12727272727272726, "f1_score": 0.21874999999999994, "roc_auc_score": 0.8403608953860211, "pr_auc_score": 0.4047309276786605}