{"WMC_CK_count": 0.2006766753416715, "NORM": 0.0, "DIT": 0.022708343324254494, "WMC": 0.18518901502368112, "WMC_CK_mean": 0.09651499720466591, "NMIR": 0.0, "WMC_CK_50%": 0.043870047823339295, "WMC_CK_min": 0.013192286115937464, "WMC_CK_25%": 0.03800521496282263, "WMC_CK_std": 0.11519787904470176, "NOCh": 1.069641314092548e-05, "NMI": 0.0, "WMC_CK_75%": 0.05780426033963744, "WMC_CK_max": 0.07298372051550074, "NPM": 0.15384686389064675}