{"accuracy_score": 0.9813193228254524, "precision_score": 0.15789473684210525, "recall_score": 0.15789473684210525, "f1_score": 0.15789473684210525, "roc_auc_score": 0.7115360715839185, "pr_auc_score": 0.06573369611543878}