{"NCSSForThisMethod_min": 0.01067811308142325, "ThrowsCount_std": 0.0013898180492493554, "NumberOfMethods_Checkstyle_std": 0.005035018881825262, "NCSSForThisFile_std": 0.012936619810100887, "NumberOfPackageMethod_min": 0.0, "NumberOfPublicMethods_Checkstyle_25%": 0.0013251036829896763, "NestedForDepth_75%": 0.0009991897844829135, "NumberOfProtectedMethod_75%": 8.951282975456595e-05, "NumberOfPrivateMethod_75%": 0.0027743400760059955, "ExecutableStatementCount_std": 0.008302236955684047, "AnonymousInnerClassLength_50%": 4.5865157848054975e-05, "ClassFanOutComplexity_mean": 0.013255710493539003, "ThrowsCount_25%": 0.0015857568514879435, "NumberOfMethods_Checkstyle_50%": 0.0011667818072084476, "ThrowsCount_mean": 0.00312749865892491, "NCSSForThisFile_count": 0.003160235474051213, "NestedIfElseDepth_50%": 0.0032884073483421773, "NestedTryDepth_mean": 0.0018111112772960728, "NCSSForThisMethod_25%": 0.01302175185010483, "NumberOfPrivateMethod_min": 5.464734526025144e-05, "MethodLength_25%": 0.015953693278591304, "NumberOfPackageMethod_25%": 2.017116285463028e-05, "NestedForDepth_max": 0.0008859535804356178, "MethodLength_50%": 0.018371635164749964, "NumberOfMethods_Checkstyle_mean": 0.004644376124622226, "CyclomaticComplexity_min": 0.003381746960279005, "MethodLength_count": 0.002506095850796814, "NumberOfProtectedMethod_count": 0.0031505806782212826, "NestedIfElseDepth_count": 0.003673133393831264, "ExecutableStatementCount_max": 0.01810751322142856, "NCSSForThisMethod_max": 0.015736154551769653, "MethodLength_mean": 0.018617071779469935, "NumberOfMethods_Checkstyle_count": 0.0029426727210492406, "FileLength_min": 0.005071339135960629, "NCSSForThisMethod_75%": 0.017718336096191372, "NestedForDepth_50%": 0.0012622776101585196, "NumberOfPrivateMethod_max": 0.007440300102221136, "ThrowsCount_min": 0.0018497729864101777, "BooleanExpressionComplexity_max": 0.0062987173683280795, "BooleanExpressionComplexity_mean": 0.010477310813989466, "NumberOfPrivateMethod_50%": 0.0007750641181191655, "BooleanExpressionComplexity_count": 0.00357036133830893, "CyclomaticComplexity_75%": 0.00839516639238912, "ExecutableStatementCount_75%": 0.02002681116803482, "NumberOfProtectedMethod_min": 3.098695290588559e-05, "FileLength_mean": 0.012451502075902395, "ExecutableStatementCount_50%": 0.014007344114531129, "NestedIfElseDepth_std": 0.0022343672953231706, "NPathComplexity_75%": 0.010624680180374034, "NestedIfElseDepth_25%": 0.003067120894637566, "ClassDataAbstractionCoupling_std": 0.007131431032973162, "NestedTryDepth_50%": 0.0, "NumberOfPublicMethods_Checkstyle_75%": 0.0019208276079714785, "NumberOfPackageMethod_count": 0.0038099305378349493, "NumberOfMethods_Checkstyle_25%": 0.0014534723257050206, "NestedTryDepth_75%": 6.857694089015338e-05, "NumberOfPrivateMethod_mean": 0.005953121201611573, "NestedForDepth_std": 0.0017717459505330237, "NCSSForThisClass_25%": 0.007660742968319485, "ClassDataAbstractionCoupling_50%": 0.0017269878504963664, "NPathComplexity_50%": 0.006982806113186121, "ThrowsCount_50%": 0.001810921118033398, "NCSSForThisClass_75%": 0.011367379129391092, "NCSSForThisClass_50%": 0.00783171446963772, "NestedIfElseDepth_min": 0.0029082032634673077, "ClassDataAbstractionCoupling_mean": 0.007865847807026738, "NumberOfPackageMethod_75%": 6.031065706626484e-05, "NumberOfProtectedMethod_50%": 3.776834480952706e-05, "NumberOfProtectedMethod_25%": 9.470599753951891e-06, "NCSSForThisClass_mean": 0.013930795226586435, "NPathComplexity_std": 0.008029303790447594, "CyclomaticComplexity_count": 0.0031453781450091955, "NCSSForThisFile_50%": 0.0053738355227579805, "ClassFanOutComplexity_min": 0.00550560994036546, "MethodLength_min": 0.012599076417540158, "ClassDataAbstractionCoupling_75%": 0.002767189767448439, "BooleanExpressionComplexity_50%": 0.007726648658594918, "NumberOfPackageMethod_mean": 0.005393175023055999, "ClassFanOutComplexity_25%": 0.005881924282238716, "NumberOfPackageMethod_50%": 0.0, "NCSSForThisClass_min": 0.007065597801584376, "ThrowsCount_max": 0.001854556119269383, "NestedTryDepth_count": 0.0032315415255208847, "NCSSForThisMethod_count": 0.0029835636119618807, "ClassDataAbstractionCoupling_max": 0.009973432000980546, "AnonymousInnerClassLength_mean": 0.0015816675393317092, "NCSSForThisMethod_std": 0.007495364410811861, "NestedIfElseDepth_max": 0.001996104428882142, "NCSSForThisFile_75%": 0.007329770027055829, "ClassDataAbstractionCoupling_min": 0.0010763635866866436, "NestedForDepth_min": 0.0, "NumberOfPublicMethods_Checkstyle_count": 0.002946147329617388, "NCSSForThisFile_25%": 0.005967577023644121, "BooleanExpressionComplexity_75%": 0.007745077525077942, "NPathComplexity_25%": 0.008673801138832881, "NumberOfPackageMethod_max": 0.006291307551944534, "NCSSForThisFile_mean": 0.012791979644182131, "AnonymousInnerClassLength_max": 0.002664375208739497, "AnonymousInnerClassLength_std": 0.002079824640077801, "NumberOfPublicMethods_Checkstyle_std": 0.00496966929937554, "CyclomaticComplexity_50%": 0.005957233465286717, "BooleanExpressionComplexity_std": 0.0031140996873932035, "NumberOfProtectedMethod_std": 3.4938225132993706e-05, "NumberOfPublicMethods_Checkstyle_min": 0.0009418468556048138, "FileLength_25%": 0.007403328574871516, "NumberOfPackageMethod_std": 0.007233585757072481, "AnonymousInnerClassLength_count": 0.003534909598621625, "NestedForDepth_count": 0.003037755123142267, "NCSSForThisMethod_mean": 0.015685627620340713, "CyclomaticComplexity_std": 0.006251036634344584, "NestedForDepth_25%": 0.0, "ThrowsCount_75%": 0.0014011109615731949, "NCSSForThisClass_max": 0.01891704308637618, "FileLength_std": 0.011201532074858814, "ThrowsCount_count": 0.0028270161939107294, "ClassFanOutComplexity_50%": 0.007452266195889393, "NumberOfProtectedMethod_max": 4.2161433003865516e-05, "BooleanExpressionComplexity_25%": 0.008874114496274541, "NumberOfPublicMethods_Checkstyle_mean": 0.006697133449421737, "NPathComplexity_count": 0.0026933969637213694, "ClassDataAbstractionCoupling_25%": 0.0023968288141616896, "NPathComplexity_max": 0.011106735548474762, "FileLength_max": 0.017863284219925113, "NestedIfElseDepth_75%": 0.0024522341066556584, "NumberOfMethods_Checkstyle_75%": 0.0021858918718897654, "ExecutableStatementCount_mean": 0.016427100289629157, "CyclomaticComplexity_max": 0.007921153310525978, "ClassFanOutComplexity_max": 0.019738407487459343, "FileLength_75%": 0.009170518812903702, "ExecutableStatementCount_min": 0.009554074391771175, "CyclomaticComplexity_mean": 0.009485306762353214, "NestedTryDepth_max": 0.000735581518483014, "NCSSForThisFile_max": 0.016800207753582447, "NestedTryDepth_min": 6.292193419854332e-07, "NCSSForThisClass_std": 0.011986414636224768, "NumberOfPrivateMethod_count": 0.003215685280317381, "AnonymousInnerClassLength_25%": 1.9353999758926588e-05, "AnonymousInnerClassLength_min": 0.0, "NPathComplexity_min": 0.005062200561639421, "AnonymousInnerClassLength_75%": 8.159724217910095e-05, "NumberOfPublicMethods_Checkstyle_50%": 0.0015585090396357103, "ClassFanOutComplexity_std": 0.00987336688880978, "NumberOfPrivateMethod_std": 0.008318300874682551, "MethodLength_std": 0.007021714222372721, "ExecutableStatementCount_25%": 0.01094738424863311, "NPathComplexity_mean": 0.012531357963511404, "ClassDataAbstractionCoupling_count": 0.0025856385941607557, "NumberOfPrivateMethod_25%": 0.0008188846017407556, "NumberOfMethods_Checkstyle_max": 0.007769724425911748, "FileLength_50%": 0.007268292084814464, "BooleanExpressionComplexity_min": 0.008101949266674801, "FileLength_count": 0.0031718673375173674, "NumberOfMethods_Checkstyle_min": 0.0012186473127847018, "MethodLength_max": 0.021915261433646162, "ExecutableStatementCount_count": 0.002889771798041157, "NCSSForThisClass_count": 0.003098209279253321, "NestedForDepth_mean": 0.002465231946398658, "NestedTryDepth_std": 0.0016906840228705388, "NestedTryDepth_25%": 2.093080750803067e-05, "NestedIfElseDepth_mean": 0.005012904221771899, "CyclomaticComplexity_25%": 0.0052923942663565355,