{"accuracy_score": 0.9210045662100457, "precision_score": 0.7692307692307693, "recall_score": 0.05555555555555555, "f1_score": 0.10362694300518134, "roc_auc_score": 0.5874861802100608, "pr_auc_score": 0.21755809204957702}