{"NumberOfMethods_Checkstyle_mean": 0.007702836961552248, "NCSSForThisClass_count": 0.007737516332073996, "NumberOfMethods_Checkstyle_25%": 0.001144037287397583, "FileLength_mean": 0.011070894936055767, "NPathComplexity_25%": 0.01160972244290624, "NumberOfPublicMethods_Checkstyle_min": 0.001109854448044267, "ThrowsCount_count": 0.0084520453485197, "NumberOfPublicMethods_Checkstyle_25%": 0.0012728684522096529, "NestedTryDepth_std": 0.005025406896876886, "NumberOfMethods_Checkstyle_75%": 0.002235948736804076, "NestedForDepth_max": 0.0009579727289316428, "CyclomaticComplexity_25%": 0.006727623356456364, "MethodLength_75%": 0.014518075525338691, "NCSSForThisMethod_count": 0.007713207875119364, "FileLength_25%": 0.0004054386584716083, "NumberOfProtectedMethod_std": 0.0028682058563448505, "NumberOfPrivateMethod_max": 0.007532551819269872, "AnonymousInnerClassLength_max": 0.0022260009884443005, "NestedIfElseDepth_max": 0.005837677245929053, "NumberOfPrivateMethod_std": 0.008082148259615797, "NCSSForThisFile_max": 0.014923157293722627, "NumberOfPrivateMethod_75%": 0.0009537060642200827, "ClassFanOutComplexity_75%": 0.004339012200814387, "NestedTryDepth_50%": 0.0019189307404486938, "CyclomaticComplexity_min": 0.004563872878064212, "AnonymousInnerClassLength_mean": 0.002371555622109127, "NestedTryDepth_max": 0.002994414338490474, "AnonymousInnerClassLength_75%": 0.001267017651003422, "NumberOfProtectedMethod_75%": 0.001294173829019171, "ClassFanOutComplexity_count": 0.007619734748711306, "NumberOfPublicMethods_Checkstyle_count": 0.007772709364284743, "NCSSForThisFile_50%": 0.000244242609766997, "NCSSForThisMethod_max": 0.01245625686480548, "NestedIfElseDepth_50%": 0.0009104187082625555, "NumberOfPublicMethods_Checkstyle_max": 0.009349703764409694, "NestedForDepth_75%": 5.686964481157376e-05, "AnonymousInnerClassLength_std": 0.00250311718812556, "AnonymousInnerClassLength_count": 0.0075253887059995505, "CyclomaticComplexity_std": 0.011127296470950102, "NumberOfPublicMethods_Checkstyle_mean": 0.007877157330738764, "BooleanExpressionComplexity_25%": 0.0005461187969033108, "NumberOfMethods_Checkstyle_std": 0.009282412531261332, "ClassFanOutComplexity_max": 0.014141860988145261, "ClassDataAbstractionCoupling_75%": 0.002384419853533773, "NestedForDepth_50%": 0.0, "ExecutableStatementCount_std": 0.010873905632208448, "NCSSForThisFile_25%": 3.969320696872889e-05, "NumberOfPublicMethods_Checkstyle_50%": 0.0009900193251660041, "BooleanExpressionComplexity_75%": 0.001467301111435972, "NumberOfPackageMethod_min": 0.0, "NCSSForThisMethod_25%": 0.010879490219236376, "AnonymousInnerClassLength_25%": 5.8988234202477634e-05, "NPathComplexity_std": 0.012079985558728626, "NCSSForThisFile_std": 0.012143610687604814, "NumberOfProtectedMethod_mean": 0.003464029603332131, "ExecutableStatementCount_count": 0.008523329842539102, "ExecutableStatementCount_mean": 0.014386884064765976, "BooleanExpressionComplexity_std": 0.007639755108189619, "ThrowsCount_75%": 0.0014530909577946762, "NumberOfPackageMethod_mean": 0.005521259920606299, "MethodLength_count": 0.007380434287526083, "NumberOfPackageMethod_std": 0.004911758647810973, "ThrowsCount_50%": 0.0008154140477647831, "NPathComplexity_min": 0.009515624724828982, "BooleanExpressionComplexity_count": 0.008964262513885424, "NestedForDepth_count": 0.0077693671868998785, "ThrowsCount_max": 0.000998500893228252, "NPathComplexity_count": 0.009508923848837208, "NestedIfElseDepth_mean": 0.008146548877761435, "ExecutableStatementCount_25%": 0.010682718948591585, "BooleanExpressionComplexity_50%": 0.0005912712820163956, "CyclomaticComplexity_75%": 0.009353927702579, "NumberOfPrivateMethod_mean": 0.008257784998258048, "CyclomaticComplexity_max": 0.009129248789775448, "AnonymousInnerClassLength_50%": 0.00015600992412191796, "ExecutableStatementCount_75%": 0.011848065930131066, "NCSSForThisClass_min": 0.001823076266311542, "BooleanExpressionComplexity_mean": 0.006248654588942716, "NCSSForThisFile_75%": 0.003114115548160434, "ClassFanOutComplexity_mean": 0.01091736586141154, "NumberOfMethods_Checkstyle_50%": 0.0011749044221877232, "AnonymousInnerClassLength_min": 2.4730881089037378e-05, "MethodLength_mean": 0.014704352195566874, "CyclomaticComplexity_mean": 0.010917790472123382, "NPathComplexity_max": 0.013224134595086642, "NumberOfMethods_Checkstyle_max": 0.009650034665570576, "NumberOfProtectedMethod_count": 0.008230791156059588, "NCSSForThisFile_count": 0.00847030509395311, "FileLength_75%": 0.003355035990208324, "NestedTryDepth_75%": 0.0019451281914060635, "ClassDataAbstractionCoupling_count": 0.00878919116742644, "ThrowsCount_min": 4.411795922538679e-05, "NumberOfProtectedMethod_min": 5.768798374259616e-05, "ClassDataAbstractionCoupling_mean": 0.0086862590036132, "FileLength_50%": 0.0001460731437797379, "NCSSForThisClass_mean": 0.012219600605957068, "NumberOfProtectedMethod_25%": 8.449155163527968e-05, "NestedIfElseDepth_min": 0.00026245672432859574, "ThrowsCount_25%": 0.0001910796025046171, "ExecutableStatementCount_max": 0.014010040086125436, "ClassDataAbstractionCoupling_25%": 0.0001608303377596659, "NumberOfMethods_Checkstyle_count": 0.007133988786314915, "NCSSForThisClass_max": 0.013600308797989855, "NCSSForThisMethod_50%": 0.013174380883980905, "NumberOfPublicMethods_Checkstyle_std": 0.011048388901392758, "BooleanExpressionComplexity_min": 0.0003745262186301405, "NumberOfPrivateMethod_50%": 0.0001598329095790648, "CyclomaticComplexity_count": 0.006532052390500068, "NCSSForThisClass_25%": 0.001599741116072711, "ClassDataAbstractionCoupling_min": 0.00011288967254963196, "NestedTryDepth_min": 0.0019233236394890767, "NestedIfElseDepth_75%": 0.004872509577524861, "NumberOfPackageMethod_50%": 0.0, "NCSSForThisFile_mean": 0.012071717452541325, "NCSSForThisMethod_75%": 0.012548986854273173, "ClassFanOutComplexity_min": 0.0010355392465379524, "NCSSForThisMethod_std": 0.012027157854550044, "ThrowsCount_std": 0.0058702978610650595, "ClassDataAbstractionCoupling_std": 0.011490780289747609, "NCSSForThisClass_75%": 0.004869292711622966, "NumberOfProtectedMethod_50%": 5.437785928193322e-05, "NumberOfPackageMethod_count": 0.00917894543555549, "MethodLength_std": 0.010972698338138628, "NestedTryDepth_25%": 0.0019805411484115137, "MethodLength_25%": 0.0112343858045755, "ThrowsCount_mean": 0.0036975088296514946, "NestedIfElseDepth_25%": 0.0009667820507527775, "NPathComplexity_mean": 0.013918014773154692, "NumberOfPrivateMethod_25%": 2.221117856395811e-05, "NCSSForThisClass_50%": 0.0019329837014704662, "FileLength_min": 0.00019041226125561487, "NumberOfPackageMethod_75%": 2.7183860777729467e-05, "NPathComplexity_75%": 0.011752389015031258, "NumberOfMethods_Checkstyle_min": 0.00093264496727369, "MethodLength_50%": 0.01260097397202221, "MethodLength_min": 0.007708514131089129, "NumberOfPackageMethod_25%": 1.7472359468066314e-05, "CyclomaticComplexity_50%": 0.006845754605008064, "NPathComplexity_50%": 0.011302502445224776, "NumberOfPrivateMethod_min": 3.9789037629516536e-05, "NCSSForThisClass_std": 0.010152421046044692, "ClassDataAbstractionCoupling_50%": 0.00038821834353405484, "NestedForDepth_25%": 0.0, "NumberOfPackageMethod_max": 0.003004197449918812, "ClassFanOutComplexity_std": 0.014274072836360611, "FileLength_count": 0.007390738593187505, "NumberOfPrivateMethod_count": 0.008401597687361663, "NumberOfPublicMethods_Checkstyle_75%": 0.0015038103381216045, "NCSSForThisFile_min": 0.00016721568169169335, "FileLength_max": 0.013534931142543382, "NestedIfElseDepth_std": 0.014369210824180457, "NestedTryDepth_count": 0.008108914069123726, "NestedForDepth_min": 0.0, "ClassDataAbstractionCoupling_max": 0.008643620753175834, "MethodLength_max": 0.014097152048290427, "FileLength_std": 0.014669856013772624, "NestedTryDepth_mean": 0.007316887192002394, "NestedForDepth_mean": 0.0026011559646303807, "ExecutableStatementCount_min": 0.005096519133755982, "ExecutableStatementCount_50%": 0.010700901834550006, "ClassFanOutComplexity_25%": 0.00191988930596512,