{"MCLC": 0.0653991790167458, "Fout": 0.07265665449411199, "NCOMP": 0.08549770444203512, "NVAR": 0.14729722751994762, "Di": 0.04504289979347417, "NBD": 0.22237205848521105, "Ci": 0.1138179414485623, "Fin": 0.0004903165643267446, "IOVars": 0.026268236014170547, "NOP": 0.009991401671604705, "VG": 0.15194242969201496, "Si": 0.05922395085779504}