{"accuracy_score": 0.8578431372549019, "precision_score": 0.25333333333333335, "recall_score": 0.38, "f1_score": 0.30400000000000005, "roc_auc_score": 0.8121886120996441, "pr_auc_score": 0.355370054039418}