{"NORM": 0.0, "DIT": 0.024669014019972953, "NPM": 0.055431482519771584, "WMC": 0.10354244856093436, "WMC_CK_max": 0.10925436340334073, "NOCh": 0.0, "WMC_CK_50%": 0.049638968844300246, "WMC_CK_std": 0.20122099364346466, "WMC_CK_mean": 0.15567081171677058, "NMI": 0.0, "WMC_CK_75%": 0.07772850142605003, "WMC_CK_min": 0.01063966197308694, "WMC_CK_25%": 0.03254916576571587, "WMC_CK_count": 0.17965458812659202}