{"accuracy_score": 0.9500263019463441, "precision_score": 0.7272727272727273, "recall_score": 0.21818181818181817, "f1_score": 0.3356643356643357, "roc_auc_score": 0.7737602152175017, "pr_auc_score": 0.4057975086001484}