{"NSF": 0.06304793230799001, "NSM": 0.16861002335130706, "NOA": 0.0, "NOD": 0.0, "ClTCi": 0.1312601514583636, "RTLOC": 0.1915766839954843, "ClRCi": 0.11149878267245739, "PMd": 0.11440198238217095, "NPF": 0.031234544650887184, "NOL": 0.0, "TLOC": 0.18836989918133948}