{"accuracy_score": 0.9297560975609757, "precision_score": 0.0, "recall_score": 0.0, "f1_score": 0.0, "roc_auc_score": 0.7130206749771968, "pr_auc_score": 0.017504788461404477}