{"Maximum Depth": 0.04827627383882709, "NBD": 0.029944949183914066, "NumberOfPackageMethod": 0.0003409071539366247, "MaxNumberOfNestedBlocks": 0.016457405170206506, "FileLength": 0.001749004176946672, "NCSSForThisFile": 0.0017867874106197096, "MethodLength": 0.12682409724145868, "ClassFanOutComplexity": 0.0004651183603265744, "NumberOfPrivateMethod": 0.0011748931587773233, "NumberOfMethods_Checkstyle": 0.0019471933453830818, "NVAR": 0.019638188128613336, "NCSSForThisClass": 0.0009668672626679767, "AnonymousInnerClassLength": 0.0, "NCSSForThisMethod": 0.07420279535257264, "Di": 0.03692710695869638, "NCOMP": 0.01956385769432396, "NumberOfModifiers": 0.10203330455254055, "BooleanExpressionComplexity": 0.0045638350221990295, "NOP": 0.029247625426543723, "NumberOfPublicMethods_Checkstyle": 0.0016138370851830285, "ClassDataAbstractionCoupling": 0.0006236544967083207, "NumberOfProtectedMethod": 0.0, "NumberOfMathOperations": 0.00046013067493368213, "NestedIfElseDepth": 0.0074605669766855945, "IOVars": 0.021899147612607875, "CyclomaticComplexity": 0.05707032043844273, "VG": 0.03481368943933883, "NPathComplexity": 0.0372407022797423, "Si": 0.037960996363733825, "ExecutableStatementCount": 0.07436115716402178, "WMC_CK": 0.05095780116724955, "Ci": 0.01981323866289714, "Fin": 0.013102967751688935, "NestedForDepth": 0.0, "MCLC": 0.027249797956383683, "ThrowsCount": 0.06420286977526247, "Fout": 0.03505891271656621}