{"accuracy_score": 0.9703595724003887, "precision_score": 0.0, "recall_score": 0.0, "f1_score": 0.0, "roc_auc_score": 0.6132261890327078, "pr_auc_score": 0.03488575431042821}