{"MethodLength_50%": 0.009564851656929569, "TotalNumberOfOperators": 0.036053449196138836, "blamemerge_blamegetEffort_mean": 0.023821020638124947, "blamemerge_blamegetVocabulary_max": 0.017608048617869163, "blame_merge_blame_getVolume_std": 0.0, "blamemerge_blamegetVolume_std": 0.03663497073448148, "FileLength_min": 0.0008882077467293809, "blame_merge_blame_getEffort_count": 0.0, "blame_merge_blame_getLength_mean": 0.0, "blame_merge_blame_getLength_max": 0.0, "FileLength_50%": 0.0011753206571157625, "blame_merge_blame_getVolume_min": 0.0, "FileLength_count": 0.01401450384490162, "FileLength_25%": 0.0011247460247698824, "blamemerge_blamegetVolume_mean": 0.02830471740581961, "AnonymousInnerClassLength_50%": 2.339027975030554e-05, "blame_merge_blame_getVolume_max": 0.0, "Difficulty": 0.030013255830510194, "blame_merge_blame_getEffort_max": 0.0, "blame_merge_blame_getDifficulty_min": 0.0, "TotalNumberOfOperands": 0.03429237737641467, "blame_merge_blame_getVocabulary_std": 0.0, "blame_merge_blame_getLength_min": 0.0, "blamemerge_blamegetVocabulary_mean": 0.020905797088554955, "blame_merge_blame_getVocabulary_count": 0.0, "blame_merge_blame_getDifficulty_count": 0.0, "MethodLength_count": 0.014542703495993866, "MethodLength_max": 0.010422946599877978, "blamemerge_blamegetLength_max": 0.021196340048152292, "FileLength_75%": 0.002518050320558878, "blame_merge_blame_getVolume_mean": 0.0, "blamemerge_blamegetDifficulty_mean": 0.024876713710976973, "MethodLength_std": 0.006491847377539177, "blamemerge_blamegetDifficulty_max": 0.018345201684826704, "blame_merge_blame_getDifficulty_max": 0.0, "Length": 0.033494131672081005, "blame_merge_blame_getDifficulty_std": 0.0, "AnonymousInnerClassLength_max": 0.008740801379280036, "blamemerge_blamegetEffort_std": 0.03144968931561684, "blame_merge_blame_getVolume_count": 0.0, "Vocabulary": 0.03393465211553382, "FileLength_max": 0.013568852515133685, "AnonymousInnerClassLength_std": 0.004512430224900719, "MethodLength_75%": 0.010717375011213576, "blame_merge_blame_getEffort_mean": 0.0, "NumberOfDistinctOperands": 0.0315491146798098, "blamemerge_blamegetVolume_max": 0.026973621916857676, "blamemerge_blamegetEffort_count": 0.029005850698007377, "AnonymousInnerClassLength_min": 0.0, "blame_merge_blame_getEffort_std": 0.0, "blame_merge_blame_getEffort_min": 0.0, "NumberOfDistinctOperators": 0.019727365931792893, "blame_merge_blame_getLength_std": 0.0, "AnonymousInnerClassLength_mean": 0.003811761621675709, "blamemerge_blamegetDifficulty_std": 0.027158222312138228, "AnonymousInnerClassLength_25%": 2.9533366092070528e-05, "blamemerge_blamegetLength_count": 0.03181967055983827, "blamemerge_blamegetDifficulty_count": 0.03356604813843991, "blamemerge_blamegetVolume_count": 0.030899173066967003, "FileLength_std": 0.005964763344097535, "blame_merge_blame_getVocabulary_min": 0.0, "blame_merge_blame_getLength_count": 0.0, "blame_merge_blame_getDifficulty_mean": 0.0, "Volume": 0.03081473693170975, "AnonymousInnerClassLength_75%": 0.0011532219505644857, "blame_merge_blame_getVocabulary_mean": 0.0, "blamemerge_blamegetLength_mean": 0.024796440734936375, "MethodLength_mean": 0.011235635129860823, "blame_merge_blame_getVocabulary_max": 0.0, "MethodLength_min": 0.010112653062221642, "FileLength_mean": 0.008262273605758905, "Effort": 0.03452029963072886, "MethodLength_25%": 0.011125220901756609, "blamemerge_blamegetVocabulary_std": 0.027000445450193207, "AnonymousInnerClassLength_count": 0.016592375572782946, "blamemerge_blamegetVocabulary_count": 0.03194451016898779, "blamemerge_blamegetLength_std": 0.02996897470950162, "blamemerge_blamegetEffort_max": 0.03273169394548457}