{"accuracy_score": 0.966467958271237, "precision_score": 0.0, "recall_score": 0.0, "f1_score": 0.0, "roc_auc_score": 0.7478740845994098, "pr_auc_score": 0.07223322280776716}