{"accuracy_score": 0.8594771241830066, "precision_score": 0.25675675675675674, "recall_score": 0.38, "f1_score": 0.30645161290322587, "roc_auc_score": 0.8251245551601424, "pr_auc_score": 0.35382348007493963}