{"MethodLength": 0.6548154649252985, "FileLength": 0.2912292762965519, "AnonymousInnerClassLength": 0.053955258778149544}