{"accuracy_score": 0.9720087185958471, "precision_score": 0.0, "recall_score": 0.0, "f1_score": 0.0, "roc_auc_score": 0.6397023556144442, "pr_auc_score": 0.03415960781929001}