{"IOVars": 0.03112158511034791, "Si": 0.011762542378526837, "Fin": 0.05349555206871257, "NCOMP": 0.1128008978240812, "MCLC": 0.14776704261805296, "Ci": 0.03499873882510701, "VG": 0.23631932478138937, "NOP": 0.016934253682803706, "NBD": 0.15660218789008973, "NVAR": 0.1484633223887196, "Di": 0.038522893509632054, "Fout": 0.0112116589225372}