{"accuracy_score": 0.9692010117542033, "precision_score": 0.16666666666666666, "recall_score": 0.0049261083743842365, "f1_score": 0.009569377990430623, "roc_auc_score": 0.7110200324376452, "pr_auc_score": 0.03804375214088987}