;WMC_CK;BuggedMethods
count;7373.0;7373
unique;;2
top;;False
freq;;7333
mean;0.8167638681676387;
std;1.221831168125951;
min;0.0;
25%;0.0;
50%;1.0;
75%;1.0;
max;31.0;
