{"accuracy_score": 0.9072847682119205, "precision_score": 0.2631578947368421, "recall_score": 1.0, "f1_score": 0.4166666666666667, "roc_auc_score": 0.9561643835616438, "pr_auc_score": 0.2640452847805789}