{"NumberOfComparisons": 0.020155157867499118, "NPathComplexity": 0.03027351885681901, "NumberOfAnonymousClasses": 0.011962637899182805, "BooleanExpressionComplexity": 0.04244003177673417, "NumberOfNumbers": 0.02072027411151568, "NumberOfUniqueWords": 0.18682150653627447, "NestedIfElseDepth": 0.008417937138365805, "NumberOfProtectedMethod": 0.0002761114997774297, "ExecutableStatementCount": 0.04517869071578257, "ThrowsCount": 0.0009765856423842821, "NCSSForThisFile": 0.010435132119966458, "NumberOfParameters_CK": 0.020499174887585396, "NCSSForThisMethod": 0.04299648909242017, "NumberOfLogStatements": 0.009481186702467405, "IsConstructor": 0.0024297962714734905, "AnonymousInnerClassLength": 0.011495842615209568, "CyclomaticComplexity": 0.0219364950000556, "NumberOfAssignments": 0.02647659168550691, "NumberOfModifiers": 0.036874646300135434, "NCSSForThisClass": 0.009083303548121669, "Returns": 0.03203102655885582, "NumberOfLoops": 0.0034164170770582046, "ClassDataAbstractionCoupling": 0.005902275482829034, "NumberOfTryCatch": 0.00017803121952946342, "NestedForDepth": 0.0003532345605477018, "WMC_CK": 0.017257348977000205, "RFC": 0.07273326131192873, "FileLength": 0.010229511719825184, "ClassFanOutComplexity": 0.00607605863781798, "LOCMethod_CK": 0.047177331761880825, "NumberOfMathOperations": 0.015240615756760294, "Maximum Depth": 0.023368692546506434, "NumberOfVariables": 0.025740421495410552, "NestedTryDepth": 5.490172220077491e-06, "NumberOfParenthesizedExps": 0.004129212003727164, "NumberOfStringLiterals": 0.030926738953684585, "NumberOfMethods_Checkstyle": 0.008554517615321132, "NumberOfPrivateMethod": 0.003807110727452468, "MaxNumberOfNestedBlocks": 0.010634333445050681, "NumberOfInnerClasses": 0.0, "NumberOfLambdas": 0.0, "CBO": 0.06204825635100956, "NumberOfPackageMethod": 1.0687577578655353e-05, "NumberOfPublicMethods_Checkstyle": 0.0062540926257045005, "MethodLength": 0.05499422315502335}