{"accuracy_score": 0.9961962723469, "precision_score": 0.0, "recall_score": 0.0, "f1_score": 0.0, "roc_auc_score": 0.5647643136193627, "pr_auc_score": 0.004283834924457625}