{"MaxNumberOfNestedBlocks_mean": 0.011534389088807353, "NumberOfMethods_Mood": 0.040159907091754606, "MaxNumberOfNestedBlocks_std": 0.010505358956400462, "issues_priorityMajor_max": 0.0005188369251404825, "NumberOfModifiers_mean": 0.011312880352057075, "NumberOfMathOperations_25%": 0.0007951595795272118, "blamemerge_priorityMajor_count": 0.05000559818459008, "Maximum Depth_max": 0.005165871046597114, "Maximum Complexity*": 0.02736552939541666, "Ao": 0.0, "Mit": 0.0, "NumberOfMathOperations_count": 0.01808405465648039, "Md": 0.025780704768484857, "NMIR": 0.0, "SIX": 0.0, "Ad": 0.024857009854938068, "blamemerge_priorityMinor_min": 8.063818076045856e-05, "NumberOfModifiers_count": 0.01921749954973973, "NumberOfModifiers_std": 0.011869006272095948, "NumberOfModifiers_min": 0.005002694300207181, "NumberOfMathOperations_50%": 0.001321979456241175, "Maximum Depth_75%": 0.005473878295281423, "blamemerge_priorityMajor_max": 0.0008588248538171615, "blamemerge_priorityMinor_std": 0.01356915760810876, "NumberOfMathOperations_mean": 0.005327024971228341, "HMi": 0.0, "Mo": 0.0, "HMd": 0.011884858232645724, "NM": 0.021351135394254928, "Ai": 0.0, "blamemerge_priorityMajor_mean": 0.02279755833841513, "Mi": 0.0, "Average Statements per Method": 0.03219523939767894, "MaxNumberOfNestedBlocks_count": 0.019037343061996212, "issues_priorityMajor_std": 0.027128120854154687, "NMI": 0.0, "blame_merge_priorityMinor_mean": 0.0, "issues_priorityMinor_std": 0.016042874974556212, "Maximum Depth_count": 0.014599681680168359, "NF": 0.025710171119905832, "MaxNumberOfNestedBlocks_50%": 0.0035133280804642984, "PMi": 0.0, "blamemerge_priorityMajor_min": 0.005035191639259075, "blame_merge_priorityMinor_std": 0.0, "MaxNumberOfNestedBlocks_min": 0.0015905077935778767, "Maximum Block Depth": 0.0300989900749027, "issues_priorityMajor_mean": 0.023966200714099318, "issues_priorityMajor_min": 0.004700420956735958, "NOPa": 0.0, "NumberOfModifiers_25%": 0.006441954418235442, "Average Block Depth": 0.03577791205757386, "blame_merge_priorityMajor_min": 0.0, "blame_merge_priorityMinor_max": 0.0, "blame_merge_priorityMinor_count": 0.0, "MaxNumberOfNestedBlocks_75%": 0.005834160580220184, "issues_priorityMajor_count": 0.05012719009771394, "Av": 0.003604659832908706, "Ma": 0.026553495991394775, "NumberOfMathOperations_std": 0.00848700567438378, "Maximum Depth_min": 0.0036353371404239583, "blamemerge_priorityMinor_count": 0.04846317410317595, "blame_merge_priorityMinor_min": 0.0, "MaxNumberOfNestedBlocks_25%": 0.003025530279828795, "MaxNumberOfNestedBlocks_max": 0.009202280847258396, "issues_priorityMinor_max": 0.003358006015147192, "Ait": 0.0, "NumberOfModifiers_75%": 0.008216170368254089, "PMd": 0.017402671945302223, "NumberOfModifiers_50%": 0.00631149834895545, "issues_priorityMinor_count": 0.05107524132136683, "Maximum Depth_std": 0.00504229884938316, "Maximum Depth_25%": 0.004467409182047806, "blamemerge_priorityMinor_mean": 0.012407691976123209, "blame_merge_priorityMajor_mean": 0.0, "blamemerge_priorityMinor_max": 0.003613625346322891, "blame_merge_priorityMajor_std": 0.0, "Maximum Depth_mean": 0.006232006204052361, "NumberOfMathOperations_min": 0.00038718206523871793, "blamemerge_priorityMajor_std": 0.034289395621194006, "NumberOfMathOperations_max": 0.005810373991067823, "Average Complexity*": 0.023059502791244087, "issues_priorityMinor_min": 0.0002691828299370196, "blame_merge_priorityMajor_count": 0.0, "blame_merge_priorityMajor_max": 0.0, "NumberOfModifiers_max": 0.00819633670826281, "NMA": 0.02416777578104691, "Maximum Depth_50%": 0.004906246840428332, "PMR": 0.013129833151781943, "NumberOfMathOperations_75%": 0.0022818762332583596, "issues_priorityMinor_mean": 0.015765347705977102}