{"NumberOfProtectedMethod": 0.00016442588559974772, "NumberOfPrivateMethod": 0.002077227327235856, "NumberOfLogStatements": 0.0372502479001024, "MethodLength": 0.05368868461473191, "NBD": 0.006939584917545789, "NumberOfTryCatch": 0.0014212862125808797, "NOP": 0.0015364002954329065, "NVAR": 0.004736762782615867, "NumberOfParameters_CK": 0.002871680890283427, "NPathComplexity": 0.020090669832557008, "NumberOfAnonymousClasses": 2.849293069664516e-08, "NumberOfStringLiterals": 0.04835541960493362, "CBO": 0.051294587382940786, "BooleanExpressionComplexity": 0.0027953138814395084, "Si": 0.002490035786223814, "NumberOfNumbers": 0.02673917138276997, "CyclomaticComplexity": 0.011534587154584842, "IsConstructor": 0.0014371847822544667, "NumberOfVariables": 0.057408012607482684, "NumberOfAssignments": 0.04296689361146287, "ThrowsCount": 0.004186863732269381, "NumberOfMathOperations": 0.02217455011550567, "NCSSForThisClass": 0.021861413878721193, "MCLC": 0.004980483787368929, "Di": 0.004681042858098436, "NumberOfMethods_Checkstyle": 0.012924899531198202, "Fout": 0.0028007236371346187, "NCOMP": 0.004042298435360496, "MaxNumberOfNestedBlocks": 0.01157957112514372, "LOCMethod_CK": 0.05493656297312458, "FileLength": 0.019709370190459586, "Maximum Depth": 0.015158992110057485, "ClassFanOutComplexity": 0.03977850906806121, "NestedTryDepth": 0.009726150136114844, "NumberOfLoops": 0.0037566020339399, "IOVars": 0.004716884431634383, "Fin": 0.0005979943323683669, "RFC": 0.0532282394056989, "VG": 0.005972222736638776, "ExecutableStatementCount": 0.04560620079158146, "AnonymousInnerClassLength": 5.237896588836232e-05, "NumberOfPublicMethods_Checkstyle": 0.013422482024487169, "WMC_CK": 0.013958598384413618, "NumberOfLambdas": 0.0, "NumberOfPackageMethod": 6.325124606670992e-05, "NestedForDepth": 5.97632826723186e-06, "NumberOfInnerClasses": 0.0, "NumberOfUniqueWords": 0.050985881184247794, "NumberOfParenthesizedExps": 0.028679299523686464, "ClassDataAbstractionCoupling": 0.053062411796590644, "NumberOfComparisons": 0.009740684685784342, "NCSSForThisMethod": 0.04697723955652432, "NumberOfModifiers": 0.032435545695848035, "Returns": 0.00277391444869429, "Ci": 0.005433517919570347, "NCSSForThisFile": 0.022690319883793216, "NestedIfElseDepth": 0.001500717699948095}