{"MethodLength": 0.49450464092363755, "AnonymousInnerClassLength": 0.11092598454224142, "FileLength": 0.394569374534121}