{"accuracy_score": 0.9951526902569074, "precision_score": 0.0, "recall_score": 0.0, "f1_score": 0.0, "roc_auc_score": 0.6013227593765221, "pr_auc_score": 0.01329070147138544}