{"NumberOfAnonymousClasses": 1.7104835142284212e-06, "Returns": 0.03129745624675354, "RFC": 0.123816424699439, "NumberOfNumbers": 0.05123896122040984, "WMC_CK": 0.03707352765216805, "NumberOfLoops": 0.01709846114000566, "NumberOfStringLiterals": 0.08456808627740522, "MaxNumberOfNestedBlocks": 0.02893303655100159, "NumberOfParameters_CK": 0.023837511088744344, "LOCMethod_CK": 0.1163766689977203, "IsConstructor": 0.001817613402904978, "NumberOfTryCatch": 0.0003250120311966393, "NumberOfComparisons": 0.020112987889854467, "NumberOfInnerClasses": 4.0798047134958864e-05, "CBO": 0.08821957493658933, "NumberOfUniqueWords": 0.1392554221831924, "NumberOfAssignments": 0.09057028655544477, "NumberOfParenthesizedExps": 0.007276779739422771, "NumberOfVariables": 0.07733932815047506, "NumberOfModifiers": 0.04383318664983466, "NumberOfLogStatements": 0.0001237986471269472, "NumberOfLambdas": 0.0, "NumberOfMathOperations": 0.016843367409661223}