{"accuracy_score": 0.9669692010117542, "precision_score": 0.08695652173913043, "recall_score": 0.009852216748768473, "f1_score": 0.017699115044247787, "roc_auc_score": 0.7206674355366042, "pr_auc_score": 0.05284413291057915}