{"NumberOfModifiers": 0.06251071367625433, "ThrowsCount": 0.0022148184353130893, "NBD": 0.01331612972103383, "Si": 0.004117313924867854, "WMC_CK": 0.020956460122071235, "Maximum Depth": 0.03803816008264191, "NumberOfPackageMethod": 0.011646051107520141, "NestedForDepth": 9.884093294686655e-05, "VG": 0.015116624957007638, "MethodLength": 0.15328056003164686, "NVAR": 0.0122054869589813, "BooleanExpressionComplexity": 0.005852943984217243, "NPathComplexity": 0.02735244608982904, "NumberOfMathOperations": 0.027916081008323705, "MaxNumberOfNestedBlocks": 0.01621317386144663, "NCSSForThisFile": 0.05744525524054225, "ExecutableStatementCount": 0.06132755626852427, "MCLC": 0.018430150289051202, "Di": 0.012611319171464191, "NCOMP": 0.012879513709422499, "IOVars": 0.010360584429555513, "Ci": 0.014277622189125969, "FileLength": 0.065278997674443, "NumberOfPrivateMethod": 0.00951543624166719, "ClassDataAbstractionCoupling": 0.023394974249850674, "Fout": 0.003751237884971259, "NestedIfElseDepth": 0.007174525612253526, "NCSSForThisMethod": 0.06404491699568973, "CyclomaticComplexity": 0.021116847279206284, "NumberOfProtectedMethod": 0.011451506354624264, "NumberOfMethods_Checkstyle": 0.0337751275716623, "NumberOfPublicMethods_Checkstyle": 0.033984469840530364, "AnonymousInnerClassLength": 0.0009383464020184479, "Fin": 0.019053751748956568, "NestedTryDepth": 2.226424326039252e-05, "ClassFanOutComplexity": 0.044537720306352, "NCSSForThisClass": 0.057535772655844857, "NOP": 0.006256298746881725}