{"accuracy_score": 0.9870656370656371, "precision_score": 0.08333333333333333, "recall_score": 0.017543859649122806, "f1_score": 0.028985507246376812, "roc_auc_score": 0.48864768792956426, "pr_auc_score": 0.014399678512100512}