{"NCSSForThisFile": 0.025829696849372034, "Ci": 0.009595693439750518, "NumberOfParenthesizedExps": 0.05181833279572873, "Di": 0.014788575565295163, "NVAR": 0.020813521224526618, "MethodLength": 0.07418484511105326, "NestedTryDepth": 1.3138451641207869e-05, "WMC_CK": 0.01244840205852388, "Fin": 0.028236176378547338, "NumberOfLogStatements": 0.0012300637239055427, "LOCMethod_CK": 0.042134226056292017, "IsConstructor": 0.0018079979847834902, "NCSSForThisClass": 0.01468178608060999, "IOVars": 0.015780039740490383, "NBD": 0.018314768776856425, "NumberOfStringLiterals": 0.030452665821843593, "MaxNumberOfNestedBlocks": 0.011360233084048878, "AnonymousInnerClassLength": 0.0002040972946966419, "VG": 0.017745035420252596, "RFC": 0.05461914088250346, "NumberOfMethods_Checkstyle": 0.008873739775394164, "NumberOfAnonymousClasses": 1.1989854661910206e-05, "NumberOfNumbers": 0.028431830375452785, "ExecutableStatementCount": 0.04563927195948243, "NumberOfMathOperations": 0.007698299921653895, "NestedForDepth": 8.177678310348998e-05, "NCOMP": 0.015279619882883648, "NumberOfInnerClasses": 5.99727827364034e-05, "NumberOfLambdas": 7.943437690428709e-06, "NumberOfModifiers": 0.01878082526724491, "NumberOfParameters_CK": 0.008025140178559232, "CBO": 0.037897410476621686, "NOP": 0.005497357403390922, "FileLength": 0.02190266807782921, "NumberOfVariables": 0.028654368723671136, "NumberOfTryCatch": 0.000544247409253199, "NumberOfUniqueWords": 0.0834384432185408, "ClassFanOutComplexity": 0.019278468922453267, "BooleanExpressionComplexity": 0.0012258460363272065, "ClassDataAbstractionCoupling": 0.005732214997358742, "NumberOfProtectedMethod": 0.0004966477690003435, "NPathComplexity": 0.01910080187693295, "ThrowsCount": 0.017086457287028036, "NumberOfComparisons": 0.028440106268682163, "Si": 0.003666854939151663, "CyclomaticComplexity": 0.013655674868523834, "NumberOfPrivateMethod": 0.006597750739360058, "Returns": 0.008116695788147258, "NCSSForThisMethod": 0.04954856544840833, "NumberOfAssignments": 0.03161583572421625, "NestedIfElseDepth": 0.005594018752823764, "NumberOfPublicMethods_Checkstyle": 0.007657458715932818, "Fout": 0.0030919152859900604, "NumberOfLoops": 0.0039284496687357895, "NumberOfPackageMethod": 0.0003868821433491019, "MCLC": 0.01789601249868639}