{"accuracy_score": 0.9757599580712788, "precision_score": 0.0, "recall_score": 0.0, "f1_score": 0.0, "roc_auc_score": 0.7036418262062384, "pr_auc_score": 0.023966318631748258}