{"accuracy_score": 0.8559754851889684, "precision_score": 0.5952380952380952, "recall_score": 0.3184713375796178, "f1_score": 0.41493775933609955, "roc_auc_score": 0.7240263765555505, "pr_auc_score": 0.48278829428480996}