{"accuracy_score": 0.9876447876447877, "precision_score": 0.1111111111111111, "recall_score": 0.017543859649122806, "f1_score": 0.030303030303030304, "roc_auc_score": 0.47455575303670067, "pr_auc_score": 0.012252275948558565}