{"accuracy_score": 0.9006622516556292, "precision_score": 0.25, "recall_score": 1.0, "f1_score": 0.4, "roc_auc_score": 0.9753424657534246, "pr_auc_score": 0.6154545454545455}