{"NumberOfModifiers": 0.03375731682008757, "ThrowsCount": 0.0007043140117406816, "NBD": 0.009364326039530718, "Si": 0.0025910284714352025, "WMC_CK": 0.013224580936937782, "CBO": 0.09581056212430022, "NumberOfLambdas": 0.0, "NumberOfAssignments": 0.019711995140831686, "Maximum Depth": 0.015098967353535818, "NumberOfLogStatements": 0.004519647666044611, "NumberOfPackageMethod": 0.009131409344220255, "VG": 0.010916273854400757, "NestedForDepth": 0.0001348797303387108, "IsConstructor": 0.0010256865940122936, "Calls": 0.03660593255305252, "MethodLength": 0.050090031007575433, "NumberOfLoops": 0.004755340195466158, "NVAR": 0.007032327748872451, "RFC": 0.06369935432792917, "Statements": 0.022348814286708495, "BooleanExpressionComplexity": 0.004301265184156601, "NPathComplexity": 0.014212184643799529, "NumberOfMathOperations": 0.011214618522352716, "Complexity": 0.013381425326029109, "MaxNumberOfNestedBlocks": 0.009519686341592185, "NCSSForThisFile": 0.032344042952192904, "Returns": 0.013654656993123925, "ExecutableStatementCount": 0.028228074448864535, "Di": 0.010251656904774085, "MCLC": 0.010591650746669684, "NCOMP": 0.008167064457705974, "IOVars": 0.008125348543229523, "NumberOfAnonymousClasses": 0.00025707870220382606, "FileLength": 0.0359090628928131, "Ci": 0.010220856232929386, "NumberOfNumbers": 0.0097946659301723, "NumberOfPrivateMethod": 0.007610540480777428, "ClassDataAbstractionCoupling": 0.014875548757332963, "NumberOfParameters_CK": 0.005490934550544103, "NumberOfInnerClasses": 0.0, "NumberOfParenthesizedExps": 0.0024103177878364176, "Fout": 0.002966973797951969, "NumberOfStringLiterals": 0.03808350232076555, "LOCMethod_CK": 0.03550520752684125, "NestedIfElseDepth": 0.00372094829680925, "NumberOfVariables": 0.0187148012926517, "NCSSForThisMethod": 0.030155761031905204, "CyclomaticComplexity": 0.012677817650951587, "NumberOfProtectedMethod": 0.009438753912687385, "NumberOfMethods_Checkstyle": 0.023201652080688737, "NumberOfPublicMethods_Checkstyle": 0.022733555471161696, "AnonymousInnerClassLength": 0.000234015362081158, "Fin": 0.009992472826443496, "NumberOfComparisons": 0.009111403028076632, "NestedTryDepth": 0.0, "NumberOfTryCatch": 0.00015730551292343246, "ClassFanOutComplexity": 0.026267327309641722, "NCSSForThisClass": 0.03261238993137685, "NumberOfUniqueWords": 0.06899763387655405, "NOP": 0.004345010164367438}