{"accuracy_score": 0.9878378378378379, "precision_score": 0.125, "recall_score": 0.017543859649122806, "f1_score": 0.030769230769230767, "roc_auc_score": 0.4782045881833219, "pr_auc_score": 0.013814351592760227}