{"accuracy_score": 0.9951526902569074, "precision_score": 0.0, "recall_score": 0.0, "f1_score": 0.0, "roc_auc_score": 0.5337600462737457, "pr_auc_score": 0.003611101882608804}