;BuggedMethods;WMC_CK
count;7760;7760.0
unique;2;
top;False;
freq;7667;
mean;;0.8609536082474227
std;;1.835093768231113
min;;0.0
25%;;0.0
50%;;0.0
75%;;1.0
max;;36.0
