{"CyclomaticComplexity": 0.02459706594354368, "IOVars": 0.008984687554427545, "Si": 0.0016640548925909292, "Fin": 0.008668164683897523, "NCOMP": 0.017495635086474743, "NestedTryDepth": 2.6275623225567973e-05, "AnonymousInnerClassLength": 0.004029206281123028, "NumberOfPublicMethods_Checkstyle": 0.014582228028842946, "NOP": 0.0034099328872088763, "VG": 0.02832117084581405, "WMC_CK": 0.023689155829368293, "FileLength": 0.022278465106792246, "NCSSForThisFile": 0.02241519540593321, "ClassDataAbstractionCoupling": 0.007694676046162133, "MaxNumberOfNestedBlocks": 0.023062108078077893, "NumberOfMathOperations": 0.020351831859278666, "Maximum Depth": 0.013645100854407413, "NCSSForThisClass": 0.019502488993238826, "NBD": 0.0250592601522583, "ThrowsCount": 0.055881380866834716, "NumberOfProtectedMethod": 0.00023387831438687165, "NCSSForThisMethod": 0.14142016008954114, "NestedForDepth": 0.009367397673811041, "MCLC": 0.02498344267177057, "NVAR": 0.02213397254216322, "Di": 0.010276029372109662, "NumberOfPrivateMethod": 0.012193432843944913, "MethodLength": 0.16589261484709913, "NumberOfModifiers": 0.028560552830271792, "Ci": 0.008981741242664985, "ExecutableStatementCount": 0.13761534812565349, "NumberOfPackageMethod": 5.040722617078068e-05, "ClassFanOutComplexity": 0.013496933532054167, "Fout": 0.0016654403261629246, "NestedIfElseDepth": 0.016392553109908604, "NumberOfMethods_Checkstyle": 0.014036349498978926, "BooleanExpressionComplexity": 0.012892958839607905, "NPathComplexity": 0.03444870189419935}