{"accuracy_score": 0.9668204136289242, "precision_score": 0.11538461538461539, "recall_score": 0.014778325123152709, "f1_score": 0.026200873362445413, "roc_auc_score": 0.7281287741260655, "pr_auc_score": 0.05831194269821721}