{"NumberOfComparisons": 0.011481110796368143, "Maximum Depth": 0.02419830330064536, "Statements": 0.03139502174075577, "ClassDataAbstractionCoupling": 0.007414842595023606, "NumberOfProtectedMethod": 0.00023776312562955076, "RFC": 0.05583119596323358, "NumberOfInnerClasses": 0.0, "Di": 0.00810469553109003, "NumberOfAssignments": 0.027450844326227842, "Complexity": 0.018042709976045967, "NumberOfParameters_CK": 0.005461732271360447, "NumberOfLoops": 0.005607724476417785, "NumberOfLambdas": 0.01703624911197612, "NumberOfUniqueWords": 0.09997719144319868, "NPathComplexity": 0.020606770186081775, "NumberOfPublicMethods_Checkstyle": 0.009631091444017878, "NCSSForThisMethod": 0.04174284321032159, "BooleanExpressionComplexity": 0.008611584928319368, "NOP": 0.0025806473982000846, "NestedIfElseDepth": 0.000522300735005797, "Fin": 0.006213626886453849, "LOCMethod_CK": 0.0425333863489569, "Calls": 0.03764567270037627, "NumberOfModifiers": 0.023340480267201525, "Fout": 0.004811666297072956, "NumberOfPrivateMethod": 0.0027202808033700682, "NestedForDepth": 0.0011490275069115554, "MaxNumberOfNestedBlocks": 0.007906475228222135, "NumberOfMethods_Checkstyle": 0.00984740591115024, "NestedTryDepth": 1.3268396039462374e-06, "CyclomaticComplexity": 0.017680267114108996, "NCOMP": 0.014867580387258543, "FileLength": 0.014230705809718901, "MCLC": 0.013188347171356044, "Ci": 0.010082881263740613, "Returns": 0.011976162506246012, "ClassFanOutComplexity": 0.015449643661300074, "NumberOfMathOperations": 0.017234146413224592, "VG": 0.012204201999032615, "NumberOfNumbers": 0.019500656437868052, "NumberOfAnonymousClasses": 0.0038219540949931325, "NumberOfLogStatements": 0.000297496969641216, "NumberOfTryCatch": 0.00019987274400364155, "CBO": 0.0596669119230683, "MethodLength": 0.0607992685855024, "NumberOfVariables": 0.024099834383727186, "NCSSForThisClass": 0.014561546537679493, "NumberOfPackageMethod": 0.0031424871425569188, "NumberOfParenthesizedExps": 0.006514396185863568, "NVAR": 0.004660976495887524, "AnonymousInnerClassLength": 0.007665477178815731, "NBD": 0.0077279220134547615, "WMC_CK": 0.02112050572880713, "ThrowsCount": 0.010925386435259123, "IOVars": 0.006912353733844984, "NumberOfStringLiterals": 0.03748919195597467, "NCSSForThisFile": 0.011272467740168995, "Si": 0.005254343809543331, "ExecutableStatementCount": 0.03478407925557838, "IsConstructor": 0.0005649629725362941}