{"accuracy_score": 0.9700585063668693, "precision_score": 0.06896551724137931, "recall_score": 0.00847457627118644, "f1_score": 0.015094339622641508, "roc_auc_score": 0.69508937225583, "pr_auc_score": 0.04515731002084616}