{"NumberOfSubclasses": 0.0, "NumberUserDefinedAttributes": 0.025615876674542678, "NumberOfPrivateAttributes": 0.08792557933662584, "NumberOfAttributes": 0.09455715716203396, "NumberOfPolymorphicMethods": 0.15725212052923054, "NumberOfAncestors": 0.0, "NumberOfCoupledClasses": 0.04172137022388152, "Cohesion": 0.22601901424360957, "NumberPublicMethods": 0.15827487788090433, "NumberOfInheritedMethods": 0.0, "NumberOfMethods_Mood": 0.14672914171916113, "NumberOfProtectedAttributes": 0.025899048266811452, "NumberOfPublicAttributes": 0.03600581396319892}