{"accuracy_score": 0.9307317073170732, "precision_score": 0.016666666666666666, "recall_score": 0.07692307692307693, "f1_score": 0.0273972602739726, "roc_auc_score": 0.5027363940407418, "pr_auc_score": 0.012623530230690627}