{"NumberOfInheritedMethods": 0.0, "NumberOfSubclasses": 0.0, "NumberOfCoupledClasses": 0.02261900886443457, "NumberOfMethods_Mood": 0.1567153330280272, "NumberUserDefinedAttributes": 0.010836256264665509, "NumberOfPublicAttributes": 0.08249733198882131, "NumberOfPrivateAttributes": 0.12738969167239678, "NumberOfAncestors": 0.0, "NumberOfAttributes": 0.15990644686264247, "NumberOfProtectedAttributes": 0.02705886423057955, "NumberOfPolymorphicMethods": 0.11744686777965262, "NumberPublicMethods": 0.1132719312259229, "Cohesion": 0.1822582680828571}