{"accuracy_score": 0.9657228017883756, "precision_score": 0.17647058823529413, "recall_score": 0.08571428571428572, "f1_score": 0.11538461538461539, "roc_auc_score": 0.7152912886654279, "pr_auc_score": 0.06633787955401341}