{"NumberOfComparisons": 0.014737919568226189, "NumberOfAnonymousClasses": 6.068034643816753e-05, "NumberOfModifiers": 0.0321902830260248, "NumberOfLogStatements": 0.005516413028886895, "NumberOfUniqueWords": 0.17650760092280246, "IsConstructor": 0.010256025107589377, "NumberOfAssignments": 0.05799732822498193, "NumberOfNumbers": 0.06409682383180058, "NumberOfTryCatch": 0.0010393983396389667, "NumberOfMathOperations": 0.004846600682804807, "LOCMethod_CK": 0.10995375120122589, "NumberOfLambdas": 0.0, "NumberOfInnerClasses": 0.0, "NumberOfParameters_CK": 0.02602198537349422, "RFC": 0.1319962778362097, "NumberOfLoops": 0.012210427268325547, "CBO": 0.15410306638793497, "Returns": 0.028486359234836056, "WMC_CK": 0.037522032996013116, "NumberOfParenthesizedExps": 0.003810583729968608, "NumberOfStringLiterals": 0.07004024328666013, "MaxNumberOfNestedBlocks": 0.014225876752411638, "NumberOfVariables": 0.04438032285372623}