{"accuracy_score": 0.9741912031988368, "precision_score": 0.0, "recall_score": 0.0, "f1_score": 0.0, "roc_auc_score": 0.5874875908991856, "pr_auc_score": 0.019435648013451177}