{"NumberOfModifiers": 0.5763468076249518, "MaxNumberOfNestedBlocks": 0.11221014360443578, "NumberOfMathOperations": 0.03182797100486416, "Maximum Depth": 0.2796150777657482}