;BuggedMethods;NumberOfModifiers;MaxNumberOfNestedBlocks;NumberOfMathOperations;Maximum Depth
count;4949;4949.0;4949.0;4949.0;4949.0
unique;2;;;;
top;False;;;;
freq;4724;;;;
mean;;1.458476459890887;0.0929480703172358;0.031723580521317435;0.7496463932107497
std;;20.871777760751506;0.38284871446533425;0.2412659442032514;1.1492160943905763
min;;0.0;0.0;0.0;0.0
25%;;0.0;0.0;0.0;0.0
50%;;0.0;0.0;0.0;0.0
75%;;1.0;0.0;0.0;2.0
max;;1028.0;6.0;4.0;7.0
