{"all_process_deletions_min": 0.0028680133019588997, "all_process_deletions_mean": 0.07197012595404234, "all_process_insertions_mean": 0.07347674030124518, "all_process_insertions_count": 0.07800178932287821, "all_process_deletions_count": 0.08206345589695065, "all_process_changes_mean": 0.07273365732620485, "all_process_count": 0.0774310417879178, "all_process_changes_count": 0.07785612859943596, "all_process_insertions_max": 0.07208128804782885, "all_process_insertions_min": 0.02396619908888496, "all_process_changes_min": 0.03308840799645131, "all_process_insertions_std": 0.06619660989886528, "all_process_deletions_max": 0.06005695129390897, "all_process_deletions_std": 0.06965413020201952, "all_process_changes_max": 0.07663747391640852, "all_process_changes_std": 0.06191798706499866}