{"accuracy_score": 0.8758169934640523, "precision_score": 0.25925925925925924, "recall_score": 0.28, "f1_score": 0.2692307692307692, "roc_auc_score": 0.7612099644128113, "pr_auc_score": 0.21643999366127675}