{"accuracy_score": 0.9557291666666666, "precision_score": 0.0, "recall_score": 0.0, "f1_score": 0.0, "roc_auc_score": 0.6430028224077232, "pr_auc_score": 0.06674334698153778}