;WMC_CK;BuggedMethods
count;5607.0;5607
unique;;2
top;;False
freq;;4995
mean;0.8261102193686464;
std;1.2640545916542543;
min;0.0;
25%;0.0;
50%;1.0;
75%;1.0;
max;22.0;
