{"NCSSForThisFile": 0.014069336489906508, "NumberOfAssignments": 0.037273664753464344, "WMC_CK": 0.013730527083257867, "NumberOfParenthesizedExps": 0.006948029230727276, "NumberOfMathOperations": 0.0038003671575685175, "ClassDataAbstractionCoupling": 0.007969851465286868, "NumberOfProtectedMethod": 0.0019296645633798126, "NumberOfStringLiterals": 0.05362669483431106, "ClassFanOutComplexity": 0.012289629587287595, "MethodLength": 0.08291663426221199, "NumberOfPublicMethods_Checkstyle": 0.008413956372265911, "ExecutableStatementCount": 0.051544257550674086, "NumberOfTryCatch": 0.0017366620311296563, "LOCMethod_CK": 0.052090546815884486, "IsConstructor": 0.000579512988867, "NumberOfMethods_Checkstyle": 0.009764465095429569, "NestedIfElseDepth": 0.0005645172629554381, "NumberOfVariables": 0.03764000087528317, "NumberOfNumbers": 0.05355033247988116, "Maximum Depth": 0.020475880680600297, "NumberOfLambdas": 3.79726392474373e-05, "NumberOfAnonymousClasses": 7.577143509039769e-05, "NumberOfPackageMethod": 0.00010182082635206255, "MaxNumberOfNestedBlocks": 0.007087738544976452, "NestedForDepth": 0.0006992188581887009, "RFC": 0.09259163241593853, "Returns": 0.009383149418294351, "CyclomaticComplexity": 0.01003332591778367, "NestedTryDepth": 7.928189284556473e-06, "NumberOfLoops": 0.005122486453187414, "FileLength": 0.020256893477640082, "NumberOfModifiers": 0.013070999166258635, "ThrowsCount": 0.02198752673580797, "CBO": 0.1255812505217284, "NumberOfParameters_CK": 0.006610725820622791, "NumberOfUniqueWords": 0.1152728017574541, "NumberOfLogStatements": 2.457292279803944e-06, "NumberOfPrivateMethod": 0.002866429610746611, "BooleanExpressionComplexity": 0.008988279068776294, "AnonymousInnerClassLength": 5.9841566358140716e-05, "NCSSForThisClass": 0.01438816532350292, "NCSSForThisMethod": 0.05208284065195946, "NPathComplexity": 0.018565642368148016, "NumberOfComparisons": 0.0042105703600005505, "NumberOfInnerClasses": 0.0}