{"accuracy_score": 0.9897479709525844, "precision_score": 0.0, "recall_score": 0.0, "f1_score": 0.0, "roc_auc_score": 0.7221698450110706, "pr_auc_score": 0.0052557920615341775}