{"NBD": 0.13350877831893543, "Di": 0.04583277729251544, "NCOMP": 0.13033297036722025, "Ci": 0.04798890635135842, "Fout": 0.012764206642257048, "Fin": 0.07824106142997164, "MCLC": 0.1639370248080657, "IOVars": 0.04278745006176171, "Si": 0.012982884725188198, "VG": 0.15101028390037366, "NVAR": 0.12127865829277973, "NOP": 0.0593349978095729}