{"accuracy_score": 0.9954004329004329, "precision_score": 0.0, "recall_score": 0.0, "f1_score": 0.0, "roc_auc_score": 0.5279584462511291, "pr_auc_score": 0.008057446748079925}