{"NumberOfInnerClasses": 0.0, "FileLength": 0.00802207691538361, "NumberOfPublicMethods_Checkstyle": 0.0027768046602921403, "NumberOfStringLiterals": 0.013028558660072881, "NumberOfLambdas": 0.0, "NumberOfModifiers": 0.01219918438889552, "ThrowsCount": 0.0015958940511457196, "CyclomaticComplexity": 0.09380451927659465, "NCSSForThisFile": 0.006951512000715534, "NumberOfAnonymousClasses": 0.0, "NumberOfMethods_Checkstyle": 0.0056536779869998, "NumberOfAssignments": 0.027598873099427792, "NumberOfUniqueWords": 0.04652224422041584, "LOCMethod_CK": 0.05339620637359767, "NumberOfLoops": 0.004077046099315051, "NestedForDepth": 0.0007600297938695777, "NCSSForThisMethod": 0.05544866842618035, "NumberOfParameters_CK": 0.008216224034294006, "NumberOfMathOperations": 0.009832543796707153, "BooleanExpressionComplexity": 0.021315500577184742, "NCSSForThisClass": 0.004785864418450267, "MaxNumberOfNestedBlocks": 0.035809617243022576, "MethodLength": 0.04395712696750192, "IsConstructor": 1.4909774642975112e-05, "AnonymousInnerClassLength": 0.0, "NPathComplexity": 0.04468072721228676, "ClassFanOutComplexity": 0.002504473331887543, "NumberOfNumbers": 0.0171053409592459, "NumberOfLogStatements": 0.0, "NestedTryDepth": 0.0, "Returns": 0.014363237824142706, "NumberOfComparisons": 0.13068439775275217, "NumberOfProtectedMethod": 0.0, "NumberOfPrivateMethod": 0.003156663230053394, "ExecutableStatementCount": 0.050844273460799616, "NumberOfTryCatch": 0.0005687757308722648, "CBO": 0.019333003210296185, "Maximum Depth": 0.017393340771168872, "ClassDataAbstractionCoupling": 0.0038860283094064975, "NumberOfVariables": 0.02336770512690992, "NumberOfParenthesizedExps": 0.034160744261733676, "NestedIfElseDepth": 0.0063503484636889445, "RFC": 0.04194132082862624, "WMC_CK": 0.13389253051240702, "NumberOfPackageMethod": 6.2490125620033735e-09}