{"accuracy_score": 0.8549540347293156, "precision_score": 0.5882352941176471, "recall_score": 0.3184713375796178, "f1_score": 0.4132231404958677, "roc_auc_score": 0.7299657507709951, "pr_auc_score": 0.48728980295361507}