{"RFC_min": 0.008458263116431242, "NumberOfParameters_CK_75%": 0.014288278136954189, "NumberOfLambdas_min": 0.0, "RFC_count": 0.005575172335970822, "Returns_75%": 0.006582213188781123, "NumberOfMathOperations_min": 0.0005000372229412948, "WMC_CK_mean": 0.008980699834596899, "NumberOfParameters_CK_std": 0.01207337123271257, "NumberOfLoops_25%": 0.0056414371687949156, "NumberOfParameters_CK_max": 0.007443185592645504, "NumberOfParenthesizedExps_25%": 0.000249058097611757, "Returns_std": 0.006791725028199059, "CBO_75%": 0.019661590993483618, "NumberOfTryCatch_25%": 0.0005769920753668236, "NumberOfUniqueWords_max": 0.024476875861466366, "NumberOfVariables_75%": 0.005940370488972843, "CBO_50%": 0.01514258096895921, "WMC_CK_25%": 0.0031303029328413924, "NumberOfAnonymousClasses_count": 0.005386951087147825, "MaxNumberOfNestedBlocks_mean": 0.009301787116113737, "WMC_CK_min": 0.0013332866566848594, "NumberOfModifiers_75%": 0.005926866941501633, "LOCMethod_CK_25%": 0.007651686679695264, "Returns_25%": 0.004455016124266373, "CBO_25%": 0.01749771413156267, "NumberOfMathOperations_max": 0.002267457375046284, "LOCMethod_CK_mean": 0.012820120420700302, "NumberOfAnonymousClasses_50%": 0.00015536026469355996, "Returns_min": 0.002191770254440773, "NumberOfParameters_CK_25%": 0.00928513814969338, "WMC_CK_50%": 0.004095552112597268, "NumberOfLoops_max": 0.004616950815384053, "NumberOfParameters_CK_count": 0.005399694354286235, "NumberOfMathOperations_75%": 0.0012253823807162718, "NumberOfLambdas_std": 0.0, "NumberOfNumbers_max": 0.004563310904493346, "IsConstructor_top": 0.001673860151813855, "NumberOfNumbers_std": 0.0059108268543244125, "MaxNumberOfNestedBlocks_75%": 0.005066384246014034, "MaxNumberOfNestedBlocks_min": 0.001557304383815239, "NumberOfAnonymousClasses_std": 0.0015593169245056322, "NumberOfAssignments_min": 0.0027304217191567465, "NumberOfUniqueWords_25%": 0.015009261664525143, "NumberOfMathOperations_mean": 0.002904187104677746, "NumberOfAssignments_std": 0.00804819480649805, "NumberOfParameters_CK_50%": 0.007802656385838125, "NumberOfStringLiterals_50%": 0.0016959636418628337, "NumberOfComparisons_50%": 0.003017675045139111, "NumberOfAssignments_25%": 0.006126847889025063, "NumberOfComparisons_25%": 0.0039091278923980045, "NumberOfVariables_min": 0.0013515144023608164, "NumberOfLogStatements_50%": 0.0002099471887573282, "Returns_count": 0.006001708549169657, "RFC_50%": 0.010191772549198575, "NumberOfTryCatch_mean": 0.002561834048289251, "NumberOfComparisons_std": 0.0052580089081064, "NumberOfModifiers_25%": 0.002552792125221677, "NumberOfAssignments_count": 0.0055763480906395844, "NumberOfStringLiterals_25%": 0.0019198341716171218, "NumberOfParameters_CK_min": 0.004859903033882546, "NumberOfLambdas_25%": 0.0, "NumberOfAnonymousClasses_75%": 0.0005424159850192578, "NumberOfInnerClasses_mean": 0.0, "RFC_mean": 0.013233998121437236, "NumberOfLoops_50%": 0.002178882630961256, "NumberOfParenthesizedExps_75%": 0.0008389297555437747, "IsConstructor_freq": 0.006791068952453523, "NumberOfInnerClasses_25%": 0.0, "NumberOfTryCatch_max": 0.0012983936855740549, "NumberOfParenthesizedExps_50%": 0.0002315644549143998, "NumberOfInnerClasses_max": 0.0, "NumberOfVariables_count": 0.005213123426672841, "NumberOfComparisons_count": 0.005931775556656183, "LOCMethod_CK_75%": 0.011910319563520039, "CBO_count": 0.005269461521044395, "NumberOfParenthesizedExps_count": 0.0066754056551125585, "NumberOfComparisons_max": 0.003872512291228911, "NumberOfComparisons_min": 0.0010063714406544375, "NumberOfLoops_count": 0.005749271824827612, "NumberOfVariables_std": 0.007484243308990747, "NumberOfNumbers_75%": 0.004973145786962719, "CBO_min": 0.01355902658648916, "MaxNumberOfNestedBlocks_50%": 0.003450322434021233, "NumberOfMathOperations_50%": 0.0009927529531844868, "CBO_std": 0.011367886031242455, "NumberOfAnonymousClasses_mean": 0.001525246954633134, "NumberOfNumbers_25%": 0.0028177863957482546, "NumberOfModifiers_count": 0.005883034921664795, "NumberOfUniqueWords_50%": 0.01483668642316907, "NumberOfAnonymousClasses_25%": 0.0001341565069163192, "Returns_max": 0.0037669318879945614, "LOCMethod_CK_max": 0.013366065095750987, "NumberOfLambdas_count": 0.0057613439079788635, "CBO_mean": 0.022081362171669647, "NumberOfNumbers_count": 0.006386113799058928, "NumberOfUniqueWords_mean": 0.02278245220883205, "WMC_CK_count": 0.0058304540750580445, "NumberOfModifiers_min": 0.002113009602508522, "Returns_mean": 0.010724425516853289, "NumberOfStringLiterals_min": 0.001684332082475898, "NumberOfParenthesizedExps_max": 0.002139171752769921, "NumberOfStringLiterals_max": 0.005460731623125716, "MaxNumberOfNestedBlocks_25%": 0.003932438665464945, "WMC_CK_max": 0.006244408585984081, "LOCMethod_CK_50%": 0.00761955883365169, "NumberOfNumbers_mean": 0.0063825685601046935, "NumberOfInnerClasses_50%": 0.0, "NumberOfModifiers_max": 0.006106633124727003, "NumberOfLogStatements_count": 0.0055010443101929625, "NumberOfStringLiterals_mean": 0.006738233402820692, "NumberOfTryCatch_75%": 0.0011677323689362952, "RFC_25%": 0.011272265046645295, "NumberOfTryCatch_count": 0.0062869633269971555, "NumberOfStringLiterals_std": 0.006009943275698362, "Returns_50%": 0.004655959357666018, "CBO_max": 0.020267700585943075, "RFC_std": 0.010506881135606862, "NumberOfParenthesizedExps_mean": 0.0028676438945469482, "NumberOfLogStatements_75%": 0.0015563676260632207, "WMC_CK_75%": 0.006048320754345762, "IsConstructor_unique": 0.004234013433421562, "NumberOfStringLiterals_count": 0.005330545926064172, "LOCMethod_CK_count": 0.005709425879857312, "NumberOfAssignments_mean": 0.011115567937565473, "NumberOfModifiers_mean": 0.00951098134045022, "NumberOfAssignments_max": 0.008824258795440812, "NumberOfVariables_max": 0.007084901430233209, "NumberOfLambdas_max": 0.0, "NumberOfParameters_CK_mean": 0.016882082774822366, "NumberOfLogStatements_mean": 0.0017247122019659797, "NumberOfTryCatch_50%": 0.0007316438738238821, "NumberOfAnonymousClasses_min": 0.00018584150690344753, "NumberOfInnerClasses_count": 0.005459965594988121, "NumberOfParenthesizedExps_min": 0.00021060437315907315, "LOCMethod_CK_min": 0.005782918241613715, "WMC_CK_std": 0.008266513346794901, "NumberOfStringLiterals_75%": 0.0044817430398225114, "NumberOfUniqueWords_min": 0.011123047834015656, "RFC_75%": 0.011589337588840938, "RFC_max": 0.013224994758380102, "NumberOfNumbers_min": 0.0012783778413877971, "NumberOfModifiers_std": 0.004933702469585386, "MaxNumberOfNestedBlocks_max": 0.005858454542147597, "NumberOfTryCatch_std": 0.002164134077134327, "NumberOfVariables_50%": 0.0034521252911163475, "NumberOfComparisons_75%": 0.0024453566082249293, "NumberOfLogStatements_min": 0.00028006671489684185, "NumberOfMathOperations_count": 0.005593171015538004, "NumberOfLambdas_50%": 0.0, "NumberOfInnerClasses_min": 0.0, "NumberOfTryCatch_min": 0.0003494025342676402, "NumberOfInnerClasses_std": 0.0, "NumberOfUniqueWords_75%": 0.020755920319802928, "NumberOfLambdas_mean": 0.0, "NumberOfLogStatements_25%": 0.0001943420541395706, "NumberOfAssignments_75%": 0.008703597132056165, "MaxNumberOfNestedBlocks_std": 0.007114514990175384, "NumberOfLambdas_75%": 0.0, "IsConstructor_count": 0.005709883677641653, "NumberOfLogStatements_std": 0.0019661652748949646, "NumberOfNumbers_50%": 0.003410658328239711, "NumberOfVariables_mean": 0.007907552892094818, "NumberOfUniqueWords_std": 0.012780753492809355, "NumberOfLogStatements_max": 0.0011683375515443375, "NumberOfComparisons_mean": 0.0066505906827962775, "MaxNumberOfNestedBlocks_count": 0.005616289612060296, "NumberOfParenthesizedExps_std": 0.003370233511959884, "NumberOfLoops_std": 0.00520422324750948, "NumberOfLoops_mean": 0.00827885722264139, "NumberOfAssignments_50%": 0.005732741986286676, "NumberOfUniqueWords_count": 0.005029426292821866, "NumberOfMathOperations_std": 0.0028450378611960766, "NumberOfVariables_25%": 0.0024022464501420545, "LOCMethod_CK_std": 0.008374386141215013, "NumberOfModifiers_50%": 0.003519579963559084,