{"accuracy_score": 0.8294177732379979, "precision_score": 0.43902439024390244, "recall_score": 0.22929936305732485, "f1_score": 0.301255230125523, "roc_auc_score": 0.663819021494878, "pr_auc_score": 0.29150349147244575}