{"ExecutableStatementCount": 0.054917113315707325, "NCSSForThisFile": 0.00612975200406735, "NumberOfVariables": 0.027885250103573917, "NumberOfPublicMethods_Checkstyle": 0.00595669707194508, "CBO": 0.02078711881422473, "NumberOfUniqueWords": 0.09851952206839497, "NumberOfProtectedMethod": 0.0063082784142512, "ClassFanOutComplexity": 0.009419182692557747, "IsConstructor": 0.007412806277857667, "NestedTryDepth": 0.0, "Returns": 0.017517442715672658, "NumberOfPackageMethod": 2.3319404233635941e-07, "NCSSForThisClass": 0.009572441621825648, "NumberOfNumbers": 0.032186884343106924, "NumberOfModifiers": 0.017639332318717175, "ThrowsCount": 0.005245602890594223, "NumberOfLoops": 0.004208149825711104, "NumberOfPrivateMethod": 0.0007900505337148252, "Maximum Depth": 0.012179854229812366, "WMC_CK": 0.019139458452541454, "NumberOfParameters_CK": 0.0047084756836444095, "NestedIfElseDepth": 0.004369394062899229, "Fin": 0.0005279797385193821, "NCSSForThisMethod": 0.06065992946334648, "NPathComplexity": 0.03246018553289878, "LOCMethod_CK": 0.058788708614884756, "MethodLength": 0.08595431633609014, "NumberOfAnonymousClasses": 0.0, "Ci": 0.003816183007691768, "NVAR": 0.022092072108194936, "NumberOfLambdas": 0.0, "VG": 0.022392016516344995, "BooleanExpressionComplexity": 0.029878289252412038, "NumberOfMathOperations": 0.025645815358433563, "MCLC": 0.026392368120723795, "NBD": 0.011398483738701433, "NumberOfLogStatements": 8.246627429212128e-05, "NCOMP": 0.023979251680624862, "NumberOfStringLiterals": 0.03501896978051185, "AnonymousInnerClassLength": 0.0, "NumberOfParenthesizedExps": 0.03862851312480939, "Si": 0.00592227120429443, "CyclomaticComplexity": 0.025018176370366955, "ClassDataAbstractionCoupling": 0.007153273584772039, "NumberOfTryCatch": 3.199369002296269e-08, "FileLength": 0.0051376039837471126, "NestedForDepth": 0.00018932629277397298, "Fout": 0.005910210296388527, "MaxNumberOfNestedBlocks": 0.011743322476345136, "RFC": 0.03755109052818382, "Di": 0.007155348805506056, "NumberOfAssignments": 0.026596453095562224, "IOVars": 0.0040826071202857105, "NOP": 0.0019609999354131932, "NumberOfMethods_Checkstyle": 0.0074335417871210265, "NumberOfInnerClasses": 0.0, "NumberOfComparisons": 0.011537153242207112}