{"blame_merge_priorityMinor_max": 0.0, "Maximum Depth_75%": 0.003705080050316539, "blame_merge_priorityMajor_max": 0.0, "Maximum Depth_std": 0.007380771382736077, "Mit": 0.0, "issues_priorityMajor_mean": 0.014795086479244149, "NumberOfModifiers_max": 0.010705628795368904, "PMi": 0.0, "MaxNumberOfNestedBlocks_mean": 0.012802004061998933, "blamemerge_priorityMinor_min": 4.52268863706332e-05, "Average Complexity*": 0.0434427975331055, "MaxNumberOfNestedBlocks_25%": 0.0023134039913173003, "HMi": 0.0, "Maximum Depth_max": 0.00690540777588014, "blamemerge_priorityMajor_std": 0.02205012406977391, "issues_priorityMajor_min": 0.0017789491365547633, "issues_priorityMinor_max": 0.00429374155952164, "issues_priorityMinor_min": 0.0, "blamemerge_priorityMinor_std": 0.02305273720024091, "NumberOfMathOperations_count": 0.015569464473256533, "Ait": 0.0, "blamemerge_priorityMajor_count": 0.02437429447856994, "NumberOfMathOperations_min": 0.00952923269943509, "NOPa": 0.0, "blamemerge_priorityMinor_max": 0.003323021586605393, "MaxNumberOfNestedBlocks_max": 0.010930172613979503, "Maximum Depth_mean": 0.01281743101408374, "blamemerge_priorityMajor_min": 0.004972831215017254, "blamemerge_priorityMinor_count": 0.022164100035937714, "MaxNumberOfNestedBlocks_count": 0.012305456430813896, "Ai": 0.0, "blame_merge_priorityMajor_min": 0.0, "NM": 0.011885297454275828, "NumberOfMathOperations_std": 0.008830881758680676, "NumberOfMathOperations_75%": 0.003910136905182666, "HMd": 0.009161042594517067, "issues_priorityMajor_std": 0.015068966122352137, "Maximum Block Depth": 0.011150429969960894, "NMIR": 0.0, "issues_priorityMajor_max": 0.0003576526025615767, "NF": 0.04486705211003734, "blamemerge_priorityMinor_mean": 0.010919823371478739, "PMd": 0.013376674201783994, "NMI": 0.0, "issues_priorityMinor_std": 0.01181940330679549, "NMA": 0.014073125359704472, "NumberOfModifiers_mean": 0.011385424865938723, "MaxNumberOfNestedBlocks_50%": 0.0016193431431746693, "Mo": 0.0, "NumberOfModifiers_std": 0.010546216816733678, "Average Statements per Method": 0.08827493990918354, "NumberOfModifiers_25%": 0.002755833039795088, "Ao": 0.0, "Maximum Depth_25%": 0.005000473067022694, "issues_priorityMinor_count": 0.029684915581225428, "NumberOfModifiers_count": 0.012442080676446964, "NumberOfModifiers_75%": 0.0050684806594118404, "blame_merge_priorityMinor_min": 0.0, "NumberOfMathOperations_max": 0.011286528272938894, "NumberOfMethods_Mood": 0.019767170581942776, "blamemerge_priorityMajor_max": 0.001535716279109133, "Md": 0.014106869169958802, "Ma": 0.012833804537539975, "Mi": 0.0, "Maximum Depth_count": 0.008634780063295508, "blame_merge_priorityMajor_std": 0.0, "SIX": 0.0, "Maximum Depth_min": 0.005334930673974977, "issues_priorityMinor_mean": 0.012194554510467946, "blame_merge_priorityMinor_std": 0.0, "MaxNumberOfNestedBlocks_std": 0.018994279554326362, "Maximum Depth_50%": 0.00292701497172553, "blame_merge_priorityMajor_mean": 0.0, "NumberOfMathOperations_mean": 0.012773016004136226, "NumberOfModifiers_50%": 0.002730719162235498, "NumberOfModifiers_min": 0.0019368223770735715, "NumberOfMathOperations_25%": 0.008848562790466022, "NumberOfMathOperations_50%": 0.0039776967207969674, "blamemerge_priorityMajor_mean": 0.023696368187572342, "Ad": 0.04677386472403112, "MaxNumberOfNestedBlocks_75%": 0.01059885695679076, "blame_merge_priorityMinor_mean": 0.0, "Av": 0.024079340446476305, "Average Block Depth": 0.022138384372571412, "blame_merge_priorityMinor_count": 0.0, "MaxNumberOfNestedBlocks_min": 0.002443651242084102, "issues_priorityMajor_count": 0.024360726059047984, "blame_merge_priorityMajor_count": 0.0, "Maximum Complexity*": 0.09364658401677077, "PMR": 0.022924601338275175}