{"accuracy_score": 0.8562091503267973, "precision_score": 0.22857142857142856, "recall_score": 0.32, "f1_score": 0.26666666666666666, "roc_auc_score": 0.8236298932384342, "pr_auc_score": 0.3444260781820283}