{"accuracy_score": 0.856996935648621, "precision_score": 0.6, "recall_score": 0.3248407643312102, "f1_score": 0.4214876033057851, "roc_auc_score": 0.7286949648984146, "pr_auc_score": 0.4858677309200339}