{"accuracy_score": 0.897716894977169, "precision_score": 0.23809523809523808, "recall_score": 0.1111111111111111, "f1_score": 0.15151515151515152, "roc_auc_score": 0.6228150912106136, "pr_auc_score": 0.18356073225402797}