{"accuracy_score": 0.9418604651162791, "precision_score": 0.46464646464646464, "recall_score": 0.40707964601769914, "f1_score": 0.43396226415094336, "roc_auc_score": 0.8149167887582043, "pr_auc_score": 0.3563542330520717}