{"accuracy_score": 0.6628407460545194, "precision_score": 0.21940928270042195, "recall_score": 0.5098039215686274, "f1_score": 0.30678466076696165, "roc_auc_score": 0.6193936398088646, "pr_auc_score": 0.25821012367554425}