{"NumberOfParameters_CK": 0.01956821512497235, "Si": 0.005973664881850981, "RFC": 0.05508003185451718, "MCLC": 0.023327635015634895, "NumberOfStringLiterals": 0.039907286892718455, "NumberOfUniqueWords": 0.10130836581013739, "MethodLength": 0.07973475568673022, "Returns": 0.016427617573008264, "VG": 0.013709905089714449, "MaxNumberOfNestedBlocks": 0.01765773570381243, "CBO": 0.04491841880340052, "NumberOfLambdas": 0.0, "NOP": 0.005358283575388063, "NVAR": 0.009590915439860934, "NumberOfMathOperations": 0.022569549757816266, "NumberOfComparisons": 0.012288814361188526, "NumberOfAssignments": 0.0413920623146431, "Fin": 0.002702049040365269, "FileLength": 0.04972636480973681, "IsConstructor": 0.007862746001815494, "NumberOfParenthesizedExps": 0.007909587014190584, "IOVars": 0.00920721314534301, "AnonymousInnerClassLength": 0.0002501099939502516, "NCOMP": 0.018844539226956395, "Maximum Depth": 0.035001648339107634, "NumberOfVariables": 0.026588644642637157, "NumberOfTryCatch": 0.03932170208930666, "Fout": 0.007100988668775068, "NumberOfNumbers": 0.052483835187835226, "WMC_CK": 0.02918300322661272, "Di": 0.012969958506286489, "LOCMethod_CK": 0.06108451333369619, "NumberOfLogStatements": 0.026778848027548412, "NumberOfLoops": 0.019957227120320734, "NumberOfInnerClasses": 0.0, "NumberOfModifiers": 0.05893759645201705, "NumberOfAnonymousClasses": 0.0005496648769904185, "NBD": 0.011753171161668588, "Ci": 0.012973331249445734}