{"accuracy_score": 0.970197602850664, "precision_score": 0.0, "recall_score": 0.0, "f1_score": 0.0, "roc_auc_score": 0.620066063687896, "pr_auc_score": 0.035611525862026754}