{"AnonymousInnerClassLength_count": 0.008406582643395262, "AnonymousInnerClassLength_25%": 0.00010916756385490075, "blamemerge_blamegetVocabulary_max": 0.019484896520006706, "FileLength_50%": 0.001241229663465935, "FileLength_mean": 0.006992339803964444, "blame_merge_blame_getVolume_count": 0.0, "FileLength_min": 0.0013974732876191889, "blamemerge_blamegetEffort_mean": 0.023885169289946113, "blamemerge_blamegetLength_mean": 0.02310192389181659, "Difficulty": 0.0269795344061702, "blame_merge_blame_getVocabulary_mean": 0.0, "MethodLength_std": 0.005611140679708093, "blame_merge_blame_getLength_max": 0.0, "blame_merge_blame_getDifficulty_mean": 0.0, "blame_merge_blame_getVocabulary_std": 0.0, "Vocabulary": 0.05561843878827072, "blamemerge_blamegetDifficulty_mean": 0.021548789976411395, "blamemerge_blamegetEffort_count": 0.028672123945330197, "blame_merge_blame_getVolume_mean": 0.0, "blame_merge_blame_getEffort_max": 0.0, "Volume": 0.05799277804166436, "AnonymousInnerClassLength_min": 0.00010223419446559847, "blamemerge_blamegetVolume_mean": 0.020100602533600288, "blamemerge_blamegetVocabulary_mean": 0.019944385630994807, "MethodLength_count": 0.007651129071464183, "blamemerge_blamegetLength_count": 0.029034476823496174, "blamemerge_blamegetDifficulty_count": 0.025442300959623486, "blamemerge_blamegetVocabulary_std": 0.018270688260419787, "FileLength_25%": 0.0016016573283564636, "FileLength_max": 0.00799454959254264, "blame_merge_blame_getDifficulty_count": 0.0, "blame_merge_blame_getVocabulary_count": 0.0, "blame_merge_blame_getLength_mean": 0.0, "FileLength_std": 0.0052942734893938245, "blame_merge_blame_getLength_min": 0.0, "blame_merge_blame_getVolume_max": 0.0, "blame_merge_blame_getDifficulty_min": 0.0, "blame_merge_blame_getLength_count": 0.0, "blame_merge_blame_getEffort_std": 0.0, "NumberOfDistinctOperands": 0.05774154709249437, "AnonymousInnerClassLength_max": 0.0016855228879305393, "blamemerge_blamegetVolume_count": 0.029102286617270098, "blame_merge_blame_getVolume_std": 0.0, "blamemerge_blamegetEffort_std": 0.02001706525098626, "AnonymousInnerClassLength_std": 0.0020260036114316277, "AnonymousInnerClassLength_mean": 0.0014008153541449854, "TotalNumberOfOperators": 0.05274850698339638, "blame_merge_blame_getVolume_min": 0.0, "AnonymousInnerClassLength_75%": 9.482434530703646e-05, "blame_merge_blame_getVocabulary_max": 0.0, "blamemerge_blamegetVocabulary_count": 0.027755323423201823, "AnonymousInnerClassLength_50%": 8.898747898988037e-05, "blamemerge_blamegetLength_std": 0.025043009559524196, "MethodLength_25%": 0.005444668058009706, "blamemerge_blamegetVolume_std": 0.02188343746988056, "MethodLength_mean": 0.0071456375480178054, "TotalNumberOfOperands": 0.036485909262327906, "MethodLength_max": 0.007380116215278958, "Effort": 0.042935270902131395, "NumberOfDistinctOperators": 0.03749517337940394, "MethodLength_min": 0.00461552829194757, "blamemerge_blamegetDifficulty_std": 0.02431611105981981, "blame_merge_blame_getEffort_mean": 0.0, "blame_merge_blame_getDifficulty_std": 0.0, "blamemerge_blamegetDifficulty_max": 0.027189313292009326, "blame_merge_blame_getDifficulty_max": 0.0, "FileLength_75%": 0.001764301007959333, "blame_merge_blame_getLength_std": 0.0, "FileLength_count": 0.0077522219567389495, "blame_merge_blame_getVocabulary_min": 0.0, "blamemerge_blamegetVolume_max": 0.027663880104762752, "Length": 0.04661774000776021, "MethodLength_75%": 0.007939058973097922, "blame_merge_blame_getEffort_min": 0.0, "blame_merge_blame_getEffort_count": 0.0, "blamemerge_blamegetEffort_max": 0.029821191486980165, "blamemerge_blamegetLength_max": 0.024831346863581447, "MethodLength_50%": 0.004537315129633768}