{"accuracy_score": 0.9531825355076275, "precision_score": 0.8387096774193549, "recall_score": 0.23636363636363636, "f1_score": 0.36879432624113473, "roc_auc_score": 0.8591442058778743, "pr_auc_score": 0.45404467659973735}