{"FileLength": 0.007237188650208265, "NumberOfPublicMethods_Checkstyle": 0.005359268846668058, "NumberOfModifiers": 0.021812290969199472, "ThrowsCount": 0.0015236426790793992, "CyclomaticComplexity": 0.08400312972242924, "Fout": 0.0501499659714475, "Di": 0.006437411140749212, "NCSSForThisFile": 0.006459312764619258, "Ci": 0.04789512737767664, "NumberOfMethods_Checkstyle": 0.005604394431281796, "NBD": 0.11916743225990808, "Si": 0.05743979658643376, "NestedForDepth": 0.0011396771494731276, "NCSSForThisMethod": 0.052626228996372204, "NCOMP": 0.04084745506759162, "NumberOfMathOperations": 0.00810694445910149, "BooleanExpressionComplexity": 0.006580330735528855, "Fin": 0.0, "NCSSForThisClass": 0.0042736593600632, "MaxNumberOfNestedBlocks": 0.019997038467959163, "MCLC": 0.040773381675586015, "MethodLength": 0.045125705224536426, "AnonymousInnerClassLength": 0.0, "NPathComplexity": 0.026716528267293104, "ClassFanOutComplexity": 0.0035592507634455263, "NestedTryDepth": 0.0, "IOVars": 0.001219972146549864, "VG": 0.039989597882357515, "NumberOfProtectedMethod": 0.0, "NumberOfPrivateMethod": 0.006595625269613421, "ExecutableStatementCount": 0.04918577555427968, "NVAR": 0.09868118626149638, "Maximum Depth": 0.019425128270559304, "ClassDataAbstractionCoupling": 0.00598804295171879, "NOP": 0.0013726983686091667, "NestedIfElseDepth": 0.002934146733698518, "WMC_CK": 0.11177266499446602, "NumberOfPackageMethod": 0.0}