{"blamemerge_issuetypeSubtask_max": 0.00033298684713778534, "blame_merge_priorityMinor_mean": 0.0, "blamemerge_blamegetDifficulty_count": 0.007246730336196879, "blamemerge_priorityBlocker_mean": 0.0005426618278825847, "issues_insertions_count": 0.005663648009613942, "blame_merge_resolutionIncomplete_mean": 0.0, "blame_merge_resolutionNotAProblem_count": 0.0, "issues_deletions_std": 0.005156801912568264, "blame_merge_issuetypeImprovement_min": 0.0, "blame_merge_issuetypeNewFeature_mean": 0.0, "issues_priorityBlocker_min": 0.0005791071809131866, "blame_merge_blame_getTotalOparandsCnt_max": 0.0, "blame_merge_resolutionCannotReproduce_std": 0.0, "blamemerge_blamegetEffort_max": 0.01367499411901485, "issues_issuetypeTest_std": 0.0017303043975306599, "blamemerge_issuetypeBug_max": 0.0021380702296861166, "issues_resolutionCannotReproduce_std": 9.858511935355128e-06, "blamemerge_blamegetDistinctOperatorsCnt_mean": 0.009487004956974807, "issues_issuetypeNewFeature_min": 0.0004438137272871751, "blamemerge_blamegetLength_mean": 0.013138244254110327, "blamemerge_blamegetDistinctOperandsCnt_std": 0.01053227626517894, "issues_issuetypeTest_min": 0.00010430484346933222, "issues_issuetypeSubtask_max": 0.00013573808154251874, "blame_merge_issuetypeSubtask_max": 0.0, "blame_merge_blame_getVolume_min": 0.0, "blame_merge_blame_getDifficulty_count": 0.0, "issues_resolutionIncomplete_mean": 0.0, "blamemerge_issuetypeNewFeature_min": 0.00022400174345665262, "blamemerge_priorityBlocker_count": 0.007087341765780043, "issues_priorityCritical_count": 0.0065861329335604275, "blame_merge_blame_getTotalOperatorsCnt_min": 0.0, "blame_merge_issuetypeTest_count": 0.0, "blame_merge_blame_getDistinctOperandsCnt_max": 0.0, "blame_merge_blame_getVocabulary_std": 0.0, "blame_merge_issuetypeNewFeature_max": 0.0, "blamemerge_issuetypeTest_max": 0.0007468681102749287, "blame_merge_priorityTrivial_mean": 0.0, "fixes_deletions_mean": 0.006379579074440716, "issues_deletions_mean": 0.0060871644900584694, "fixes_insertions_std": 0.004701877342299605, "blamemerge_blamegetLength_count": 0.008102524652343035, "issues_issuetypeImprovement_std": 0.0037946147588318944, "issues_issuetypeNewFeature_mean": 0.0035986855241032832, "blamemerge_resolutionNone_mean": 2.842684739544422e-05, "fixes_changes_max": 0.007056984429492072, "blamemerge_issuetypeTest_count": 0.007803372823947149, "blamemerge_issuetypeNewFeature_count": 0.006804722011090495, "issues_changes_mean": 0.007815407648285911, "blame_merge_issuetypeTask_count": 0.0, "issues_changes_std": 0.006063430050206303, "issues_priorityBlocker_max": 0.00010893710088054866, "fixes_insertions_count": 0.00815641789326881, "blame_merge_resolutionNotAProblem_mean": 0.0, "issues_issuetypeWish_std": 0.0, "blame_merge_blame_getLength_min": 0.0, "blame_merge_issuetypeNewFeature_count": 0.0, "blame_merge_priorityMajor_mean": 0.0, "issues_issuetypeSubtask_count": 0.005950537354715142, "issues_resolutionNotAProblem_count": 0.004922123594832695, "blamemerge_issuetypeSubtask_count": 0.007472743409695879, "blame_merge_blame_getDifficulty_mean": 0.0, "non_fixes_count": 0.0, "blame_merge_priorityMinor_std": 0.0, "blame_merge_priorityCritical_count": 0.0, "issues_resolutionCannotReproduce_mean": 0.0, "blame_merge_blame_getTotalOparandsCnt_mean": 0.0, "blame_merge_blame_getLength_count": 0.0, "issues_resolutionDuplicate_mean": 0.0006168070225066715, "issues_issuetypeBug_std": 0.0061881275043724066, "issues_priorityTrivial_min": 0.0, "non_fixes_insertions_std": 0.0, "blamemerge_blamegetTotalOparandsCnt_mean": 0.017555502850124197, "blame_merge_blame_getDistinctOperandsCnt_mean": 0.0, "issues_deletions_min": 0.0034560953097357676, "blamemerge_resolutionCannotReproduce_count": 0.008086359604529041, "blamemerge_issuetypeBug_count": 0.006765312686143059, "blame_merge_issuetypeTest_max": 0.0, "non_fixes_insertions_min": 0.0, "blame_merge_issuetypeBug_count": 0.0, "blamemerge_priorityMinor_count": 0.007193982620303833, "issues_insertions_max": 0.0075698938703199405, "blamemerge_resolutionFixed_std": 0.0054608524103425225, "issues_resolutionFixed_min": 0.0007179725205110473, "blame_merge_blame_getDistinctOperatorsCnt_std": 0.0, "blame_merge_resolutionNotAProblem_min": 0.0, "blame_merge_issuetypeTask_max": 0.0, "issues_insertions_std": 0.005814527064074457, "issues_resolutionCannotReproduce_max": 0.0, "blame_merge_blame_getTotalOperatorsCnt_max": 0.0, "issues_issuetypeSubtask_std": 0.00014693914412028362, "blame_merge_issuetypeBug_min": 0.0, "blame_merge_issuetypeTask_mean": 0.0, "blamemerge_resolutionFixed_max": 1.2836093892897062e-05, "issues_issuetypeNewFeature_max": 0.0006391185438774446, "blame_merge_issuetypeWish_count": 0.0, "blame_merge_issuetypeImprovement_count": 0.0, "blamemerge_blamegetVocabulary_count": 0.007245303471532597, "blamemerge_blamegetEffort_count": 0.007925661803891747, "blamemerge_blamegetTotalOparandsCnt_count": 0.007252739541352586, "blame_merge_resolutionIncomplete_count": 0.0, "fixes_insertions_mean": 0.0071008076655285695, "issues_issuetypeTask_min": 0.0006362229879937791, "blamemerge_blamegetVocabulary_max": 0.008693727095625003, "issues_issuetypeBug_min": 0.0003777513423080243, "blame_merge_priorityCritical_std": 0.0, "blamemerge_issuetypeTask_mean": 0.002995705883839191, "issues_resolutionWontFix_max": 0.0004176793818591797, "issues_resolutionNone_min": 0.0, "blamemerge_blamegetTotalOperatorsCnt_count": 0.008085988191579102, "blamemerge_resolutionCannotReproduce_std": 0.0, "blame_merge_priorityMinor_min": 0.0, "issues_resolutionWontFix_std": 0.000661750374801558, "fixes_changes_std": 0.005572539655930753, "blamemerge_resolutionWontFix_max": 0.0007752224373606104, "blame_merge_resolutionNone_min": 0.0, "blame_merge_resolutionIncomplete_max": 0.0, "blamemerge_issuetypeNewFeature_std": 0.0036388994233106696, "blame_merge_resolutionNone_mean": 0.0, "blame_merge_priorityBlocker_mean": 0.0, "issues_count": 0.00572513222959696, "blamemerge_priorityTrivial_count": 0.007183907620237148, "fixes_insertions_min": 0.003635317951850551, "blame_merge_priorityBlocker_min": 0.0, "blame_merge_blame_getVolume_std": 0.0, "blame_merge_blame_getDistinctOperatorsCnt_count": 0.0, "blame_merge_issuetypeImprovement_std": 0.0, "blamemerge_issuetypeBug_min": 0.0002430819245262133, "blame_merge_resolutionWontFix_std": 0.0, "blame_merge_issuetypeWish_min": 0.0, "blame_merge_blame_getEffort_max": 0.0, "blame_merge_blame_getDistinctOperatorsCnt_mean": 0.0, "blamemerge_blamegetLength_max": 0.006789485882264151, "issues_issuetypeWish_min": 0.0, "blamemerge_resolutionCannotReproduce_mean": 0.0, "issues_issuetypeImprovement_mean": 0.00673022119019106, "non_fixes_deletions_max": 0.0, "blamemerge_priorityMajor_max": 0.0004813835886380121, "blame_merge_issuetypeSubtask_mean": 0.0, "blamemerge_blamegetVolume_max": 0.007986875712317614, "issues_resolutionNone_count": 0.005310474038117089, "blame_merge_issuetypeSubtask_count": 0.0, "blame_merge_priorityCritical_mean": 0.0, "blame_merge_resolutionDuplicate_std": 0.0, "blame_merge_priorityMajor_std": 0.0, "blame_merge_resolutionDuplicate_count": 0.0, "blame_merge_blame_getLength_mean": 0.0, "blame_merge_blame_getEffort_mean": 0.0, "blamemerge_issuetypeBug_mean": 0.004551859940144056, "blamemerge_issuetypeImprovement_std": 0.003907021542732775, "issues_priorityCritical_min": 0.0, "non_fixes_changes_std": 0.0, "issues_priorityBlocker_count": 0.006064803042264795, "issues_resolutionIncomplete_count": 0.0055282890050903245, "blame_merge_count": 0.006846756489404427, "blame_merge_issuetypeTest_std": 0.0, "blamemerge_issuetypeTask_min": 0.0008509727687151682, "issues_issuetypeWish_mean": 0.0, "blame_merge_blame_getVolume_max": 0.0, "blamemerge_issuetypeTask_max": 0.0006376671237550466, "issues_resolutionNotAProblem_max": 0.0, "blame_merge_issuetypeWish_mean": 0.0, "issues_priorityMajor_count": 0.0049461302446237344, "fixes_deletions_min": 0.002066228507749814, "issues_priorityMinor_count": 0.005446774945367908,