{"accuracy_score": 0.9731465265615878, "precision_score": 0.15384615384615385, "recall_score": 0.3157894736842105, "f1_score": 0.20689655172413793, "roc_auc_score": 0.8776797365314112, "pr_auc_score": 0.14281238245461964}