{"NOP_count": 0.006067724669700552, "Si_min": 0.0, "NCOMP_50%": 0.003406850815662331, "blame_merge_blame_getDistinctOperandsCnt_min": 0.0, "Fin_max": 0.0011760831679226375, "NVAR_25%": 0.001217003500477186, "Fout_min": 0.0, "Fin_min": 0.0, "Di_std": 0.00829663615624035, "Di_min": 0.0060207274851038035, "Ci_50%": 0.003773923522426165, "IOVars_min": 0.0031031727647933423, "Di_50%": 0.0036762087777953045, "NVAR_50%": 0.0018069183234541751, "Ci_count": 0.0066470821059086355, "blamemerge_blamegetDistinctOperatorsCnt_count": 0.05725407388763665, "blame_merge_blame_getDifficulty_count": 0.0, "Fout_max": 0.004173719999688766, "Si_50%": 0.0, "MCLC_max": 0.0035868846574782743, "NVAR_max": 0.004342088821012258, "Si_count": 0.007423232983447238, "ClTCi": 0.04341356482362439, "NBD_min": 0.0034144326636514027, "blame_merge_blame_getDistinctOperandsCnt_count": 0.0, "Fin_50%": 0.00042533136650143015, "NOP_25%": 0.004182366653228441, "blamemerge_blamegetDistinctOperandsCnt_std": 0.035392510232040014, "NVAR_min": 0.0012616374789830205, "NBD_50%": 0.003580259109854898, "Fout_25%": 0.0, "MCLC_50%": 0.00352940105607593, "IOVars_75%": 0.0034858233701617032, "Fout_mean": 0.0017697669438844058, "VG_75%": 0.0040198167235533065, "NOP_min": 0.003504252668629514, "IOVars_count": 0.006380270966244908, "NBD_std": 0.0025110283414510794, "NOP_max": 0.0038505910000858788, "blame_merge_blame_getDifficulty_min": 0.0, "blamemerge_blamegetDistinctOperandsCnt_mean": 0.030946592027131656, "blamemerge_blamegetDistinctOperatorsCnt_std": 0.03379164993244254, "NCOMP_25%": 0.0023607981523774708, "VG_25%": 0.002772603724712364, "NOPa": 0.0, "NVAR_75%": 0.003188237335910068, "Fout_std": 0.002123995899527393, "MCLC_25%": 0.0023924036524594857, "blamemerge_blamegetDistinctOperandsCnt_max": 0.029493071053080494, "blamemerge_blamegetDistinctOperandsCnt_count": 0.05258437871540656, "Fout_75%": 9.123724373147406e-06, "NVAR_std": 0.0025822509440142833, "blamemerge_blamegetDifficulty_std": 0.03395616384535619, "NVAR_mean": 0.0030309766285808648, "NCOMP_mean": 0.002824949949388653, "VG_count": 0.006126512325350662, "Si_25%": 0.0, "NVAR_count": 0.005752170878973399, "VG_50%": 0.00364878612510091, "NOP_75%": 0.004312323365646049, "MCLC_count": 0.006079346561074267, "blame_merge_blame_getDifficulty_std": 0.0, "NCOMP_count": 0.005930452929685426, "blame_merge_blame_getDistinctOperatorsCnt_min": 0.0, "ClRCi": 0.027688653446485426, "Di_75%": 0.004372499688476608, "MCLC_min": 0.0018653773585255765, "Fin_75%": 0.0004294470187125892, "Ci_mean": 0.00784480474194567, "VG_min": 0.0031513993594003255, "blame_merge_blame_getDistinctOperandsCnt_std": 0.0, "Si_max": 0.003913252905836354, "NCOMP_max": 0.002622304284438724, "blame_merge_blame_getDifficulty_mean": 0.0, "NCOMP_min": 0.0016030149200428549, "Ci_std": 0.006988076750050332, "NCOMP_std": 0.002913718255318104, "Fin_std": 0.0009751842024563238, "IOVars_max": 0.0036945821183315746, "Si_75%": 7.0421278163772e-05, "blame_merge_blame_getDistinctOperandsCnt_mean": 0.0, "NCOMP_75%": 0.0024822040280369417, "Fout_count": 0.006579850593658552, "IOVars_std": 0.007857740273604552, "NBD_mean": 0.0057541161355990095, "blame_merge_blame_getDifficulty_max": 0.0, "Di_count": 0.0072736852889340705, "Ci_min": 0.004491241953223538, "NOP_std": 0.006832246192610256, "VG_mean": 0.004385294947557635, "MCLC_75%": 0.0027286527495247997, "VG_max": 0.003552351026884262, "NBD_count": 0.007006787774692513, "Fin_mean": 0.001528918041756552, "NOP_mean": 0.00711369715921438, "Ci_max": 0.0071257375053122626, "IOVars_mean": 0.005734430303323328, "blamemerge_blamegetDifficulty_max": 0.03731794980412539, "Di_max": 0.0038246752609645295, "IOVars_50%": 0.0037490989193824913, "Difficulty": 0.04545235342569295, "blamemerge_blamegetDifficulty_count": 0.051451759555343125, "MCLC_mean": 0.0047408239691116945, "Di_mean": 0.0048063649781909445, "blamemerge_blamegetDistinctOperatorsCnt_mean": 0.03317186207743879, "Fin_count": 0.005858759398866601, "Ci_25%": 0.003647402201493239, "blamemerge_blamegetDistinctOperatorsCnt_max": 0.02396459034163509, "blame_merge_blame_getDistinctOperandsCnt_max": 0.0, "Si_mean": 0.001592797281796252, "Si_std": 0.0027856208341222664, "Di_25%": 0.0034785970743231925, "NBD_25%": 0.003947236294542466, "blame_merge_blame_getDistinctOperatorsCnt_count": 0.0, "MCLC_std": 0.002214703250907156, "blame_merge_blame_getDistinctOperatorsCnt_std": 0.0, "blame_merge_blame_getDistinctOperatorsCnt_mean": 0.0, "blamemerge_blamegetDifficulty_mean": 0.039328151464136527, "NumberOfDistinctOperators": 0.04221639610718837, "IOVars_25%": 0.0033908714798529596, "Fin_25%": 1.5969352617079876e-05, "NOP_50%": 0.005460267860541579, "NBD_max": 0.0032028000405935576, "NBD_75%": 0.00392725305275328, "blame_merge_blame_getDistinctOperatorsCnt_max": 0.0, "VG_std": 0.0021129199620138544, "Fout_50%": 0.0, "Ci_75%": 0.00320736016956391, "NumberOfDistinctOperands": 0.03995355273337595}