{"accuracy_score": 0.8885157824042982, "precision_score": 0.16, "recall_score": 0.026845637583892617, "f1_score": 0.04597701149425287, "roc_auc_score": 0.6017154162075529, "pr_auc_score": 0.16565094294698254}