{"accuracy_score": 0.8611111111111112, "precision_score": 0.2602739726027397, "recall_score": 0.38, "f1_score": 0.30894308943089427, "roc_auc_score": 0.8145907473309608, "pr_auc_score": 0.34933826792348943}