{"ClassFanOutComplexity_25%": 0.0027903343273720264, "AnonymousInnerClassLength_count": 0.0073957220768631855, "ClassFanOutComplexity_std": 0.013266832119702093, "NCSSForThisClass_mean": 0.013247524945515628, "AnonymousInnerClassLength_25%": 0.00039797159694186015, "FileLength_50%": 0.001508433455240367, "NestedForDepth_max": 0.0007132367972915619, "ClassDataAbstractionCoupling_mean": 0.007431715988342638, "NCSSForThisMethod_count": 0.006470357912543606, "CyclomaticComplexity_count": 0.006667076128487753, "NumberOfProtectedMethod_min": 0.0015906749027663448, "NumberOfPrivateMethod_min": 2.3610091079926085e-05, "NumberOfPackageMethod_75%": 0.0003904681739206929, "NumberOfPublicMethods_Checkstyle_std": 0.013524361112001896, "ClassFanOutComplexity_count": 0.006600420845722505, "NCSSForThisFile_mean": 0.009352940875935795, "BooleanExpressionComplexity_max": 0.004334316404822006, "FileLength_mean": 0.013653624180328134, "BooleanExpressionComplexity_min": 0.0015213814780113241, "ClassDataAbstractionCoupling_min": 0.00046449892929347776, "NCSSForThisFile_count": 0.007496516553501788, "NCSSForThisMethod_min": 0.012085930803216403, "NumberOfProtectedMethod_50%": 0.0014046494829144565, "CyclomaticComplexity_std": 0.008430891696530956, "ThrowsCount_75%": 0.001640467692775678, "FileLength_min": 0.0012277747780658774, "NumberOfProtectedMethod_mean": 0.003812176847843579, "NumberOfPrivateMethod_mean": 0.001542571701652441, "ClassFanOutComplexity_max": 0.01105154926465078, "NCSSForThisMethod_75%": 0.014798149241918496, "NumberOfPublicMethods_Checkstyle_75%": 0.005057991854274051, "NumberOfPackageMethod_25%": 0.0003997719185775058, "ThrowsCount_mean": 0.004115237719407076, "NumberOfProtectedMethod_25%": 0.00157634982188339, "MethodLength_std": 0.01107173810903585, "NumberOfPackageMethod_min": 0.00010651511977229609, "NestedIfElseDepth_count": 0.005729315741930952, "NumberOfMethods_Checkstyle_count": 0.006401796300919164, "NPathComplexity_max": 0.013375114424560967, "NCSSForThisClass_count": 0.007376532526173112, "NumberOfPackageMethod_mean": 0.003336444464123962, "NumberOfMethods_Checkstyle_mean": 0.00954298926397991, "NestedForDepth_50%": 5.7375072942055864e-05, "NCSSForThisClass_50%": 0.005355084851758347, "ClassDataAbstractionCoupling_50%": 0.0012861461848767608, "NCSSForThisFile_25%": 0.001557800170662177, "NestedIfElseDepth_50%": 0.0017449698623501883, "ThrowsCount_25%": 0.0022528034611098914, "ExecutableStatementCount_mean": 0.015669319528015247, "NumberOfPublicMethods_Checkstyle_25%": 0.00332155353794076, "BooleanExpressionComplexity_50%": 0.0021637374569636134, "NestedIfElseDepth_min": 0.001075767863800959, "ClassDataAbstractionCoupling_count": 0.006978318140058126, "NumberOfProtectedMethod_std": 0.0020712440684293593, "NumberOfProtectedMethod_75%": 0.0022244003424764813, "AnonymousInnerClassLength_min": 0.0003583183961363366, "NPathComplexity_count": 0.006534944568099913, "ExecutableStatementCount_50%": 0.013557183819125075, "MethodLength_count": 0.0075577596929966556, "ClassDataAbstractionCoupling_75%": 0.004074442300946328, "NCSSForThisFile_max": 0.009761937980910414, "BooleanExpressionComplexity_std": 0.005500947892023755, "NPathComplexity_75%": 0.012334769595206928, "NPathComplexity_mean": 0.015068509245994203, "ThrowsCount_max": 0.0018756104554613444, "ThrowsCount_50%": 0.0013901629293087666, "ExecutableStatementCount_count": 0.0063112503394869264, "FileLength_25%": 0.001403801312385109, "NCSSForThisMethod_mean": 0.016877290224721987, "FileLength_max": 0.014097298546469841, "ClassDataAbstractionCoupling_std": 0.006957058202529192, "NumberOfPrivateMethod_max": 0.0014521235345271491, "NumberOfPackageMethod_max": 0.0026214869068387414, "CyclomaticComplexity_mean": 0.010990570656837081, "FileLength_std": 0.009030946564623917, "ClassFanOutComplexity_min": 0.0013477889276170066, "NestedForDepth_count": 0.0064433671831794735, "NumberOfPublicMethods_Checkstyle_50%": 0.002896485978552791, "NestedTryDepth_50%": 7.872583776854611e-05, "NestedTryDepth_max": 0.0005125213176411428, "NumberOfPackageMethod_count": 0.007084415311252841, "NestedTryDepth_count": 0.006072700489627771, "NumberOfPublicMethods_Checkstyle_max": 0.012789195444049977, "ClassDataAbstractionCoupling_max": 0.004935903323391408, "NumberOfPackageMethod_50%": 0.00021034829657834618, "NumberOfPrivateMethod_75%": 0.0005524836692785588, "NestedForDepth_mean": 0.0006826097994010888, "NCSSForThisMethod_25%": 0.013904411366212786, "NCSSForThisFile_std": 0.008658971704725928, "BooleanExpressionComplexity_count": 0.005818026907531617, "ClassFanOutComplexity_75%": 0.0034618926589304504, "NCSSForThisClass_min": 0.0033154173680426924, "NestedIfElseDepth_std": 0.00333417039483493, "NestedTryDepth_75%": 0.00013165946003067591, "NestedTryDepth_25%": 7.641299665497295e-05, "NumberOfPrivateMethod_25%": 0.00018271244763359487, "NestedIfElseDepth_mean": 0.004738099282522357, "ClassFanOutComplexity_50%": 0.0023102738533167257, "NPathComplexity_50%": 0.009897863394458646, "NestedForDepth_25%": 0.0, "NestedForDepth_min": 0.0, "NumberOfPrivateMethod_50%": 0.0002263807314634345, "AnonymousInnerClassLength_max": 0.004776968092218166, "NumberOfPackageMethod_std": 0.00463282462034307, "NestedIfElseDepth_75%": 0.002684841685006668, "AnonymousInnerClassLength_std": 0.0030981145273956305, "NumberOfMethods_Checkstyle_min": 0.002428544750778134, "AnonymousInnerClassLength_mean": 0.003772394079239156, "ThrowsCount_min": 0.001619781401679168, "NCSSForThisClass_25%": 0.005219445441576581, "NestedTryDepth_std": 0.0009542534037467461, "AnonymousInnerClassLength_75%": 0.00048133108071937914, "ThrowsCount_count": 0.006201512558378531, "NPathComplexity_25%": 0.013649714302992607, "NumberOfPrivateMethod_std": 0.001752345313112077, "CyclomaticComplexity_50%": 0.006261182019471545, "NumberOfPublicMethods_Checkstyle_min": 0.002710402405874248, "NumberOfMethods_Checkstyle_50%": 0.0030936126206951324, "CyclomaticComplexity_25%": 0.006723806299238176, "ExecutableStatementCount_75%": 0.015851500896505766, "NumberOfPrivateMethod_count": 0.0068922014283194204, "NCSSForThisClass_std": 0.013334480180284202, "NestedTryDepth_min": 4.492621564894691e-05, "AnonymousInnerClassLength_50%": 0.00023013026314621992, "NCSSForThisMethod_max": 0.01589808061704883, "NCSSForThisMethod_std": 0.010816617640976217, "NumberOfMethods_Checkstyle_std": 0.016154245812894943, "ExecutableStatementCount_min": 0.010943121201892352, "NestedIfElseDepth_max": 0.003422874966475405, "NestedForDepth_75%": 6.226097976970618e-05, "MethodLength_25%": 0.013166465155295006, "MethodLength_mean": 0.015352389830618119, "NCSSForThisClass_max": 0.017442542452814545, "NumberOfMethods_Checkstyle_max": 0.012026353841282988, "NCSSForThisClass_75%": 0.00805261301136441, "NCSSForThisFile_50%": 0.0012595041469112118, "NCSSForThisMethod_50%": 0.012652820633394197, "MethodLength_max": 0.016117969208882935, "NPathComplexity_std": 0.01200229428179025, "BooleanExpressionComplexity_75%": 0.0029470251073586387, "CyclomaticComplexity_75%": 0.008864240467615902, "NCSSForThisFile_75%": 0.005727693001444577, "NumberOfMethods_Checkstyle_75%": 0.004300291533905774, "MethodLength_min": 0.008693181481892881, "CyclomaticComplexity_max": 0.008566136743563227, "NestedTryDepth_mean": 0.001293504590684565, "NPathComplexity_min": 0.009000512893475145, "CyclomaticComplexity_min": 0.0053648146284450285, "NumberOfMethods_Checkstyle_25%": 0.0035141768339659748, "NCSSForThisFile_min": 0.0015097455883470972, "FileLength_75%": 0.005192076387750391, "FileLength_count": 0.007510136514717622, "NumberOfPublicMethods_Checkstyle_mean": 0.012931994534287417, "NestedForDepth_std": 0.000994294994083433, "MethodLength_75%": 0.015480313341179303, "ClassDataAbstractionCoupling_25%": 0.001829561541935099, "NumberOfProtectedMethod_max": 0.0021348334562923082, "ExecutableStatementCount_max": 0.01545098113557556, "NestedIfElseDepth_25%": 0.0016960327660271255, "ExecutableStatementCount_25%": 0.014198786808297195,