{"accuracy_score": 0.6012931034482759, "precision_score": 0.00546448087431694, "recall_score": 0.25, "f1_score": 0.0106951871657754, "roc_auc_score": 0.5334239130434782, "pr_auc_score": 0.00875530737759652}