{"FileLength": 0.0010911312803696634, "NumberOfMethods_Checkstyle": 0.001176014742550807, "Maximum Depth": 0.021794186437292123, "NCSSForThisFile": 0.0013625440903325388, "NumberOfParameters_CK": 0.01455989197359791, "NumberOfLogStatements": 0.0, "BooleanExpressionComplexity": 0.011797537638786076, "NestedTryDepth": 6.123645567005404e-08, "NestedForDepth": 5.865382703166548e-07, "NumberOfLoops": 0.0009705999833016305, "Returns": 0.022466131042531028, "NumberOfVariables": 0.013909466297933049, "ClassFanOutComplexity": 0.0009114384620248275, "NumberOfTryCatch": 0.0005538662429748257, "NumberOfInnerClasses": 0.0, "NumberOfProtectedMethod": 8.158570278662788e-05, "ThrowsCount": 0.06348814091229543, "NumberOfAnonymousClasses": 0.0, "NumberOfMathOperations": 0.0020871241490068248, "NumberOfUniqueWords": 0.22369676754920303, "NPathComplexity": 0.032194883828807336, "CBO": 0.0839759302998724, "RFC": 0.050293386907072725, "NumberOfPrivateMethod": 0.00015850837181342818, "NCSSForThisClass": 0.001743054230770112, "WMC_CK": 0.021233637580621988, "NumberOfComparisons": 0.02217197840073728, "IsConstructor": 0.0005899388426067038, "AnonymousInnerClassLength": 6.456746160312297e-08, "MaxNumberOfNestedBlocks": 0.006079607078282859, "NumberOfParenthesizedExps": 0.0017378959424618659, "NumberOfLambdas": 0.0, "NumberOfModifiers": 0.04692939465075751, "NestedIfElseDepth": 0.048935530212268846, "CyclomaticComplexity": 0.027399859394580145, "MethodLength": 0.07881855254533303, "NumberOfNumbers": 0.01437735876277578, "NumberOfAssignments": 0.031053902332362004, "ExecutableStatementCount": 0.046994525677827394, "NumberOfPublicMethods_Checkstyle": 0.001107082471965972, "NCSSForThisMethod": 0.052162275390638224, "LOCMethod_CK": 0.04597983191826953, "NumberOfStringLiterals": 0.005018654083691824, "ClassDataAbstractionCoupling": 0.0007862683072609838, "NumberOfPackageMethod": 0.0003108039220478574}