{"accuracy_score": 0.976824034334764, "precision_score": 0.0, "recall_score": 0.0, "f1_score": 0.0, "roc_auc_score": 0.6818004296035931, "pr_auc_score": 0.03969599270568945}