{"AnonymousInnerClassLength": 0.018421510254357187, "MethodLength": 0.6981975394027773, "FileLength": 0.28338095034286553}