{"accuracy_score": 0.9972943722943723, "precision_score": 0.0, "recall_score": 0.0, "f1_score": 0.0, "roc_auc_score": 0.7613143631436314, "pr_auc_score": 0.0060192239423450065}