;AnonymousInnerClassLength;MethodLength;BuggedMethods;FileLength
count;2720.0;2720.0;2720;2720.0
unique;;;2;
top;;;False;
freq;;;2446;
mean;0.03419117647058824;3.2974264705882352;;6.968014705882353
std;0.6027460210893429;7.350230285271496;;58.502189260907315
min;0.0;0.0;;0.0
25%;0.0;0.0;;0.0
50%;0.0;0.0;;0.0
75%;0.0;3.0;;0.0
max;16.0;105.0;;1178.0
