{"accuracy_score": 0.9346341463414635, "precision_score": 0.017857142857142856, "recall_score": 0.07692307692307693, "f1_score": 0.028985507246376815, "roc_auc_score": 0.6376558224384312, "pr_auc_score": 0.01662342351799009}