{"accuracy_score": 0.8611111111111112, "precision_score": 0.2602739726027397, "recall_score": 0.38, "f1_score": 0.30894308943089427, "roc_auc_score": 0.826779359430605, "pr_auc_score": 0.35110016158368273}