{"issues_priorityMinor_mean": 0.004009782343965534, "blamemerge_priorityMinor_max": 0.0007316697534223052, "NumberOfMathOperations_std": 0.009574641729071033, "Maximum Depth_min": 0.004467434129609642, "blamemerge_priorityMajor_std": 0.029930721949366808, "Maximum Depth_mean": 0.007812674109831491, "Md": 0.028446967087986972, "NumberOfModifiers_min": 0.007773832399909444, "blame_merge_priorityMajor_max": 0.0, "MaxNumberOfNestedBlocks_50%": 0.008770628189743881, "issues_priorityMajor_count": 0.036933013369819426, "Maximum Depth_count": 0.019752789251433017, "Maximum Depth_25%": 0.005263307912132963, "MaxNumberOfNestedBlocks_25%": 0.00414967400619985, "Maximum Complexity*": 0.027156289754152692, "NumberOfModifiers_mean": 0.014495987082677358, "NumberOfMathOperations_max": 0.008264803260920325, "blame_merge_priorityMajor_mean": 0.0, "NumberOfModifiers_50%": 0.006936895066652298, "issues_priorityMinor_count": 0.0366855033793687, "NM": 0.026052266066225665, "NumberOfMathOperations_25%": 0.003567066140774177, "blamemerge_priorityMinor_std": 0.0006474646796906263, "Maximum Depth_max": 0.006776910493835736, "issues_priorityMinor_std": 0.001817794637697563, "Average Block Depth": 0.03730622388605017, "blame_merge_priorityMinor_std": 0.0, "Mo": 0.0, "issues_priorityMajor_mean": 0.015778357949873725, "NOPa": 0.0, "blame_merge_priorityMajor_min": 0.0, "HMi": 0.0, "NumberOfMathOperations_min": 0.003440669529564402, "blamemerge_priorityMajor_min": 0.008032137778757375, "NMI": 0.0, "Average Statements per Method": 0.04037576577095581, "PMi": 0.0, "MaxNumberOfNestedBlocks_mean": 0.012686919309204686, "MaxNumberOfNestedBlocks_std": 0.011531864820473178, "Ad": 0.03052569610438606, "Mi": 0.0, "blame_merge_priorityMinor_count": 0.0, "blamemerge_priorityMajor_mean": 0.02550689562665269, "Mit": 0.0, "issues_priorityMajor_std": 0.01731461108931078, "NumberOfMathOperations_count": 0.014528323720122185, "NumberOfModifiers_max": 0.010670449966762321, "blame_merge_priorityMinor_min": 0.0, "issues_priorityMinor_max": 0.002714466656561986, "blamemerge_priorityMinor_count": 0.04594879825167173, "Av": 0.008013946363395695, "NumberOfModifiers_25%": 0.005697701159698236, "NMA": 0.023124815781744405, "Maximum Depth_50%": 0.005723506921403765, "Maximum Depth_std": 0.011680221433480614, "MaxNumberOfNestedBlocks_max": 0.0079789526273511, "PMR": 0.011443373905038712, "Ait": 0.0, "NumberOfMathOperations_mean": 0.014141920995231268, "blamemerge_priorityMajor_count": 0.046724419064357266, "Ao": 0.0, "blame_merge_priorityMinor_mean": 0.0, "Maximum Block Depth": 0.02004992620909261, "NMIR": 0.0, "NumberOfMathOperations_75%": 0.008321031257737923, "NumberOfModifiers_75%": 0.00928728031488019, "MaxNumberOfNestedBlocks_min": 0.002299872268710191, "blame_merge_priorityMajor_std": 0.0, "SIX": 0.0, "PMd": 0.020295464814526286, "MaxNumberOfNestedBlocks_count": 0.01618809916502342, "HMd": 0.019359491457053526, "NumberOfModifiers_count": 0.01481348948382404, "blamemerge_priorityMinor_min": 0.0028131320062613173, "NumberOfMathOperations_50%": 0.004001178758889344, "blamemerge_priorityMajor_max": 0.0038553937256174, "blame_merge_priorityMinor_max": 0.0, "issues_priorityMajor_min": 0.006103631099177056, "NumberOfMethods_Mood": 0.04243348195102419, "NF": 0.0289516206534534, "Maximum Depth_75%": 0.005929532295032382, "MaxNumberOfNestedBlocks_75%": 0.006639626473195249, "issues_priorityMajor_max": 0.0026330582728784227, "NumberOfModifiers_std": 0.007638111806460504, "issues_priorityMinor_min": 0.0021472798773295686, "Ai": 0.0, "blamemerge_priorityMinor_mean": 0.0029809607640629166, "Average Complexity*": 0.033114413827614965, "Ma": 0.029235768011619187, "blame_merge_priorityMajor_count": 0.0}