{"LOCMethod_CK_min": 0.018058449624275268, "LOCMethod_min": 0.020700951971204227, "LOCMethod_count": 0.04389621982492954, "NumberOfParameters_Designite_count": 0.04264160507015375, "NumberOfParameters_Designite_75%": 0.025701713407572484, "LOCMethod_50%": 0.024135136909060616, "NumberOfParameters_Designite_std": 0.03787084981236358, "LOCMethod_max": 0.03855145395099608, "CyclomaticComplexity_Designite_count": 0.04394774774785652, "LOCMethod_std": 0.03605512531828197, "LOCMethod": 0.12698134265707814, "CyclomaticComplexity_Designite_std": 0.027261132131085452, "LOCMethod_CK_mean": 0.04347205295512868, "CyclomaticComplexity_Designite_max": 0.017315855044206813, "LOCMethod_CK_max": 0.0373639035482528, "NumberOfParameters_Designite_50%": 0.01848372892135777, "CyclomaticComplexity_Designite_75%": 0.014903241022170124, "LOCMethod_CK_50%": 0.023175319795204485, "LOCMethod_CK_count": 0.04387582091530784, "CyclomaticComplexity_Designite_min": 0.004902690896246484, "NumberOfParameters_Designite_min": 0.008859377646156609, "LOCMethod_CK_std": 0.04226209202870267, "LOCMethod_25%": 0.022463055750902867, "CyclomaticComplexity_Designite_25%": 0.00802855194022118, "NumberOfParameters_Designite_25%": 0.012468311452881487, "LOCMethod_mean": 0.03715563984112199, "NumberOfParameters_Designite_mean": 0.04097551455335442, "NumberOfParameters_Designite_max": 0.023182450158334915, "LOCMethod_CK_75%": 0.028506665966658417, "CyclomaticComplexity_Designite_50%": 0.009621778200580106, "LOCMethod_CK_25%": 0.022797359960573284, "LOCMethod_75%": 0.030313724937851467, "CyclomaticComplexity_Designite_mean": 0.024071136039927905}