{"accuracy_score": 0.8545751633986928, "precision_score": 0.25316455696202533, "recall_score": 0.4, "f1_score": 0.31007751937984496, "roc_auc_score": 0.765338078291815, "pr_auc_score": 0.32967278244552095}