{"ClTCi": 0.17729849960564323, "NOL": 0.0, "NOA": 0.0, "NSM": 0.07807396232559542, "RTLOC": 0.21434563458645442, "ClRCi": 0.14257536108660657, "PMd": 0.11550787447801389, "NPF": 0.039497962540248586, "NOD": 0.0, "NSF": 0.08213389418631024, "TLOC": 0.15056681119112758}