{"accuracy_score": 0.8912021490933513, "precision_score": 0.19047619047619047, "recall_score": 0.026845637583892617, "f1_score": 0.04705882352941177, "roc_auc_score": 0.45387408594610845, "pr_auc_score": 0.11096537609235436}