{"ExecutableStatementCount": 0.042758454056560244, "NumberOfParameters_CK": 0.009318927500393157, "Complexity": 0.0183542668894558, "NCSSForThisMethod": 0.035444838964115995, "NumberOfMethods_Checkstyle": 0.01325392972589068, "RFC": 0.031671015535543634, "Si": 0.005653796586370767, "NumberOfStringLiterals": 0.026252593376725697, "NumberOfUniqueWords": 0.06409527200259611, "CyclomaticComplexity": 0.016567291640056454, "NestedIfElseDepth": 0.0034205383935118393, "NumberOfProtectedMethod": 7.870262671722538e-05, "MethodLength": 0.04691239468229316, "Returns": 0.011260868527481498, "ThrowsCount": 0.010728743250764866, "VG": 0.00917738075394376, "MaxNumberOfNestedBlocks": 0.011925374427920042, "CBO": 0.0267251052041196, "NumberOfAnonymousClasses": 0.0003623894254875895, "NumberOfLambdas": 0.0, "NOP": 0.003322069151605984, "NVAR": 0.006593809561541119, "ClassDataAbstractionCoupling": 0.009071121438761025, "NPathComplexity": 0.022427030815685582, "BooleanExpressionComplexity": 0.005323431816866696, "NumberOfComparisons": 0.009197574181862738, "NumberOfMathOperations": 0.015330204991608913, "NumberOfPrivateMethod": 0.0072476021748584946, "ClassFanOutComplexity": 0.02095126944255907, "NumberOfAssignments": 0.027474085694323854, "Fin": 0.0021561477294239507, "FileLength": 0.02240415030294879, "NumberOfPublicMethods_Checkstyle": 0.009958658180631071, "IsConstructor": 0.005403414464894048, "Calls": 0.040162157004848854, "NumberOfPackageMethod": 0.008892583440378993, "NumberOfParenthesizedExps": 0.0064708517411439515, "IOVars": 0.007352771338247402, "AnonymousInnerClassLength": 0.00031538950229529147, "Statements": 0.04034380715657174, "NCOMP": 0.015826174839044013, "Maximum Depth": 0.021711867086121574, "NestedForDepth": 0.00011258197438554023, "NumberOfVariables": 0.019835168214405917, "NumberOfTryCatch": 0.03125078026075318, "NumberOfNumbers": 0.03269852888603409, "Fout": 0.005641303128550635, "WMC_CK": 0.014231691530882003, "NestedTryDepth": 0.0001261833546239176, "Di": 0.00941551206778519, "LOCMethod_CK": 0.04018143396679778, "NumberOfLogStatements": 0.0166192042744574, "NumberOfLoops": 0.010776732033685796, "NumberOfInnerClasses": 0.0, "NumberOfModifiers": 0.048003516808847096, "NCSSForThisClass": 0.021604089748634207, "MCLC": 0.01945855001507886, "NBD": 0.007822223402946749, "NCSSForThisFile": 0.019823235610262956, "Ci": 0.010501209095697192}