{"accuracy_score": 0.9703595724003887, "precision_score": 0.0, "recall_score": 0.0, "f1_score": 0.0, "roc_auc_score": 0.6110455379065749, "pr_auc_score": 0.032448485573895125}