{"MaxNumberOfNestedBlocks": 0.283487552732058, "NumberOfModifiers": 0.3145976921492239, "Maximum Depth": 0.22145127066164008, "NumberOfMathOperations": 0.18046348445707808}