{"accuracy_score": 0.997564935064935, "precision_score": 0.0, "recall_score": 0.0, "f1_score": 0.0, "roc_auc_score": 0.4976513098464318, "pr_auc_score": 0.001128989616849715}