;MaxNumberOfNestedBlocks;NumberOfModifiers;Maximum Depth;BuggedMethods;NumberOfMathOperations
count;2720.0;2720.0;2720.0;2720;2720.0
unique;;;;2;
top;;;;False;
freq;;;;2446;
mean;0.10625;2.9091911764705882;0.6345588235294117;;0.07058823529411765
std;0.46277134620374955;48.12035362846626;1.1017975667574456;;0.5631986679185668
min;0.0;0.0;0.0;;0.0
25%;0.0;0.0;0.0;;0.0
50%;0.0;0.0;0.0;;0.0
75%;0.0;1.0;2.0;;0.0
max;7.0;1028.0;7.0;;12.0
