{"NumberOfPrivateMethod_75%": 0.0003704034034472935, "ClassDataAbstractionCoupling_std": 0.0028863504399823823, "NumberOfPublicMethods_Checkstyle_count": 0.006049550392941838, "NestedTryDepth_min": 0.0, "ThrowsCount_max": 0.00042841305047667914, "NCSSForThisClass_min": 0.01444325644807184, "NumberOfPackageMethod_min": 0.0005915621334055178, "BooleanExpressionComplexity_50%": 0.0003457777282954665, "AnonymousInnerClassLength_50%": 0.0, "NestedForDepth_min": 0.0, "NCSSForThisFile_75%": 0.012520740374658135, "BooleanExpressionComplexity_max": 0.008459984971775227, "NumberOfPublicMethods_Checkstyle_min": 0.001443798067787381, "NCSSForThisMethod_std": 0.015183773298006404, "CyclomaticComplexity_std": 0.016746084476397336, "NumberOfPackageMethod_std": 0.00010378773056577396, "NestedForDepth_std": 0.0015301371598061646, "MethodLength_min": 0.006910061332606355, "FileLength_mean": 0.010967399331288109, "NCSSForThisClass_std": 0.004171615502065522, "NumberOfProtectedMethod_std": 0.010173680247382235, "NumberOfPackageMethod_50%": 9.074753280145193e-05, "NumberOfPublicMethods_Checkstyle_25%": 0.001432528263701706, "ExecutableStatementCount_count": 0.005847405715145507, "ClassFanOutComplexity_min": 0.0015798891937213728, "NCSSForThisFile_mean": 0.016302751052616832, "NumberOfPrivateMethod_count": 0.0074113778716473604, "NCSSForThisFile_50%": 0.010830625823160012, "NCSSForThisFile_25%": 0.015345077753264989, "MethodLength_std": 0.01281958485502198, "ExecutableStatementCount_max": 0.012999616230002805, "NumberOfMethods_Checkstyle_75%": 0.002594459308213897, "ClassFanOutComplexity_count": 0.004403702597642934, "NestedIfElseDepth_75%": 0.00331262824753113, "NestedTryDepth_50%": 0.0, "NCSSForThisClass_75%": 0.009758295286803498, "CyclomaticComplexity_min": 0.0026182087403271628, "AnonymousInnerClassLength_min": 0.0, "NestedTryDepth_25%": 0.0, "NCSSForThisFile_count": 0.007117777249822758, "ClassDataAbstractionCoupling_75%": 0.001068142114423404, "NCSSForThisFile_max": 0.00993036385195697, "NPathComplexity_std": 0.008196895185222175, "AnonymousInnerClassLength_mean": 0.0, "ClassFanOutComplexity_mean": 0.010135257423233393, "NumberOfPrivateMethod_max": 0.001620122201207516, "MethodLength_max": 0.01992775881165151, "NestedTryDepth_count": 0.006275188596312323, "AnonymousInnerClassLength_25%": 0.0, "NCSSForThisMethod_mean": 0.01584294831973856, "FileLength_min": 0.013843153603525006, "ClassDataAbstractionCoupling_25%": 0.0013872765993750038, "FileLength_std": 0.005385590696661811, "NCSSForThisMethod_max": 0.016197403526778474, "ClassDataAbstractionCoupling_50%": 0.0007643827041666771, "BooleanExpressionComplexity_std": 0.006195018824821254, "NumberOfMethods_Checkstyle_std": 0.00443912944533215, "CyclomaticComplexity_25%": 0.00271897440148005, "NumberOfProtectedMethod_25%": 0.0, "CyclomaticComplexity_mean": 0.01543276556733846, "NCSSForThisMethod_count": 0.0037187268797679663, "NumberOfPrivateMethod_mean": 0.0012963344174609674, "NumberOfPrivateMethod_min": 0.0008698915040380389, "BooleanExpressionComplexity_25%": 0.00020671394383265455, "ClassDataAbstractionCoupling_count": 0.006327378455021489, "CyclomaticComplexity_50%": 0.003238586512793191, "ClassFanOutComplexity_std": 0.0039023510761344972, "MethodLength_75%": 0.01748739017494466, "FileLength_max": 0.007900277882853671, "NPathComplexity_mean": 0.016118186754017952, "NestedTryDepth_mean": 0.0, "NumberOfMethods_Checkstyle_count": 0.007995613139635012, "MethodLength_50%": 0.011317122385047253, "ClassFanOutComplexity_max": 0.010554664565934905, "NumberOfPackageMethod_75%": 0.00062136978602454, "BooleanExpressionComplexity_mean": 0.0024303845162695747, "NestedForDepth_75%": 4.9510078556059293e-05, "MethodLength_mean": 0.020610831483399907, "FileLength_count": 0.006771637617564756, "NumberOfPackageMethod_max": 0.0002254849902862224, "NestedIfElseDepth_25%": 8.341820324938128e-05, "AnonymousInnerClassLength_75%": 0.0, "NCSSForThisMethod_min": 0.008382713466207024, "NumberOfPublicMethods_Checkstyle_max": 0.005860464354432761, "BooleanExpressionComplexity_min": 0.0011427271237614423, "ExecutableStatementCount_25%": 0.012352601569335726, "NCSSForThisMethod_75%": 0.013410013854002398, "NumberOfProtectedMethod_min": 0.0, "CyclomaticComplexity_count": 0.006905358428609547, "ExecutableStatementCount_mean": 0.016818686830857306, "NestedTryDepth_max": 0.0, "NumberOfMethods_Checkstyle_mean": 0.0046862385310275844, "ClassDataAbstractionCoupling_mean": 0.002435424380548935, "NestedIfElseDepth_min": 7.106280156582442e-05, "NumberOfPrivateMethod_std": 0.001148466833374124, "ThrowsCount_count": 0.005281319907522777, "NCSSForThisClass_25%": 0.014247228724159521, "ThrowsCount_min": 0.0002284273216763198, "ThrowsCount_25%": 0.0014999312432928153, "NumberOfPublicMethods_Checkstyle_50%": 0.0027357925865024693, "AnonymousInnerClassLength_count": 0.0077699946218580795, "NPathComplexity_50%": 0.005137352382699649, "NestedIfElseDepth_max": 0.00288095653851564, "NumberOfMethods_Checkstyle_25%": 0.0005672044538736542, "CyclomaticComplexity_75%": 0.007974207849901676, "ExecutableStatementCount_50%": 0.012194648795265575, "NestedIfElseDepth_std": 0.005524102248404805, "NCSSForThisMethod_50%": 0.01485500638194953, "MethodLength_25%": 0.013913859881003297, "NumberOfPrivateMethod_50%": 0.00038792480371888544, "NumberOfPackageMethod_25%": 0.0004600044288264587, "NumberOfPackageMethod_mean": 0.000367240615563377, "NCSSForThisClass_50%": 0.013571048149566932, "NumberOfPrivateMethod_25%": 0.0009741046051670291, "NestedTryDepth_75%": 0.0, "NestedForDepth_50%": 5.175640537272839e-06, "NPathComplexity_count": 0.005545898445039059, "ExecutableStatementCount_min": 0.009957360720755115, "MethodLength_count": 0.006025760783486725, "NumberOfPublicMethods_Checkstyle_75%": 0.0029736656576869113, "NPathComplexity_25%": 0.008575333333440608, "NPathComplexity_max": 0.01541567426422274, "NumberOfMethods_Checkstyle_min": 0.0016030458630167173, "ClassFanOutComplexity_25%": 0.001589972646048015, "BooleanExpressionComplexity_count": 0.003860365861132722, "NumberOfProtectedMethod_50%": 0.0, "NCSSForThisFile_min": 0.012047054128031452, "NumberOfPublicMethods_Checkstyle_std": 0.00475122863010917, "NumberOfProtectedMethod_max": 0.004086296849462753, "NCSSForThisClass_count": 0.0058570145182438235, "NumberOfMethods_Checkstyle_max": 0.0067556204428749125, "NPathComplexity_min": 0.007386064668516143, "ExecutableStatementCount_std": 0.014033536193887973, "FileLength_50%": 0.01587680973006936, "NCSSForThisMethod_25%": 0.009317117896198414, "NestedIfElseDepth_50%": 0.00019037427319388677, "NCSSForThisClass_max": 0.009472179906840742, "NestedForDepth_count": 0.006475674226428703, "ClassDataAbstractionCoupling_min": 0.0009405923247945816, "ThrowsCount_50%": 0.0005959507584665034, "ClassFanOutComplexity_50%": 0.0013205424776185559, "NumberOfProtectedMethod_mean": 0.010772399598104642, "ThrowsCount_75%": 0.0003773524950916192, "ThrowsCount_mean": 0.0040232567533169455, "NumberOfPublicMethods_Checkstyle_mean": 0.006306100513809962, "NumberOfMethods_Checkstyle_50%": 0.0014004647422923217, "ExecutableStatementCount_75%": 0.01768525542976231, "FileLength_75%": 0.009438452760904239, "NestedForDepth_max": 0.0030128314766352244, "AnonymousInnerClassLength_std": 7.210143972154836e-05, "CyclomaticComplexity_max": 0.015433263996387768, "NumberOfProtectedMethod_75%": 0.02393946342030239, "AnonymousInnerClassLength_max": 0.00037763970151357974, "FileLength_25%": 0.014977118798302443, "NumberOfProtectedMethod_count": 0.00565297561225424, "ThrowsCount_std": 0.003949585242565349, "ClassDataAbstractionCoupling_max": 0.0025574812920176283, "BooleanExpressionComplexity_75%": 0.0006972635687270878, "NestedForDepth_25%": 0.0, "NestedIfElseDepth_mean": 0.003476651286481512, "NumberOfPackageMethod_count": 0.006273543946727231, "ClassFanOutComplexity_75%": 0.0032897659455373715, "NestedIfElseDepth_count": 0.005407178759907876, "NestedTryDepth_std": 0.0, "NestedForDepth_mean": 0.0022589442863758667,