{"accuracy_score": 0.9210526315789473, "precision_score": 0.6666666666666666, "recall_score": 0.15384615384615385, "f1_score": 0.25, "roc_auc_score": 0.6131710016602103, "pr_auc_score": 0.3134083711747171}