{"NOD": 0.0, "ClTCi": 0.15814266673056446, "NSF": 0.07495606092659222, "NSM": 0.017601026947505306, "ClRCi": 0.10095963902162074, "PMd": 0.1945816351848243, "RTLOC": 0.19364087453636591, "TLOC": 0.18402388921395055, "NPF": 0.07609420743857667, "NOL": 0.0, "NOA": 0.0}