{"accuracy_score": 0.9315068493150684, "precision_score": 0.5833333333333334, "recall_score": 0.3181818181818182, "f1_score": 0.4117647058823529, "roc_auc_score": 0.6804713804713804, "pr_auc_score": 0.39660805849491576}