{"accuracy_score": 0.8949771689497716, "precision_score": 0.2222222222222222, "recall_score": 0.1111111111111111, "f1_score": 0.14814814814814814, "roc_auc_score": 0.6156232725262576, "pr_auc_score": 0.19192035544975475}