{"NumberOfAnonymousClasses": 3.6757983508575715e-05, "IOVars": 0.009586888761941888, "Returns": 0.01460911050052267, "Fin": 0.008617057104565307, "NCOMP": 0.013266592580574312, "Si": 0.0010146673852014492, "AnonymousInnerClassLength": 0.0005210355863012386, "RFC": 0.10319879078466072, "VG": 0.025858179568321076, "NOP": 0.003120536324903671, "NumberOfNumbers": 0.040181129801678026, "WMC_CK": 0.022394714963186218, "NumberOfLoops": 0.011119991968275046, "FileLength": 0.04212311555521771, "NumberOfStringLiterals": 0.061155385228076606, "MaxNumberOfNestedBlocks": 0.018215003587391015, "NumberOfParameters_CK": 0.0061399857262071245, "LOCMethod_CK": 0.08263671258965359, "Maximum Depth": 0.011470920396961685, "IsConstructor": 0.0007096189340070147, "NumberOfTryCatch": 0.0002627714589635428, "NBD": 0.02309743324458594, "NumberOfComparisons": 0.012315315013907766, "MCLC": 0.016987553379464185, "NumberOfInnerClasses": 4.0683863087087724e-05, "NVAR": 0.015360553161409515, "CBO": 0.06693329016709308, "Di": 0.009111878767515024, "NumberOfUniqueWords": 0.10480697180732128, "NumberOfAssignments": 0.06508449416025575, "MethodLength": 0.09335448158800554, "NumberOfParenthesizedExps": 0.0069724406494204565, "NumberOfVariables": 0.05454047088153094, "NumberOfModifiers": 0.03307185566148564, "NumberOfLogStatements": 7.413116455401962e-05, "Ci": 0.008869050190592032, "NumberOfLambdas": 0.0, "Fout": 0.0015333115843090593, "NumberOfMathOperations": 0.011607117925344416}