{"accuracy_score": 0.9671179883945842, "precision_score": 0.09090909090909091, "recall_score": 0.009852216748768473, "f1_score": 0.017777777777777778, "roc_auc_score": 0.7281612722328618, "pr_auc_score": 0.05595033174849433}