{"NumberOfStringLiterals_count": 0.005257369017400069, "Returns_min": 0.005001680519950608, "WMC_CK_mean": 0.008228686493424597, "NumberOfParameters_CK_mean": 0.011330078730338446, "IsConstructor_count": 0.005789588784561357, "NumberOfMathOperations_min": 0.0009716370636735545, "NumberOfAssignments_75%": 0.0078012699719360295, "NumberOfMathOperations_50%": 0.0020144328723236387, "NumberOfComparisons_50%": 0.0020257002469663055, "NumberOfInnerClasses_count": 0.0065273853144355055, "NumberOfModifiers_count": 0.0051708033083985696, "NumberOfLoops_min": 0.0003148830668017024, "NumberOfComparisons_25%": 0.0020153068424883093, "NumberOfAnonymousClasses_25%": 9.744776125276696e-08, "NumberOfTryCatch_75%": 0.001379107008317204, "NumberOfMathOperations_max": 0.005240693461585845, "NumberOfAssignments_max": 0.009522521698831662, "NumberOfModifiers_75%": 0.009408735981636487, "NumberOfParenthesizedExps_50%": 0.00038140205325555283, "NumberOfVariables_25%": 0.003191524385474249, "NumberOfAnonymousClasses_std": 0.0017135621589855423, "NumberOfLogStatements_count": 0.006129463431064373, "WMC_CK_min": 0.0024208309341988946, "NumberOfParameters_CK_75%": 0.008146665197858257, "Returns_25%": 0.005813685501994675, "NumberOfVariables_min": 0.002577915259957317, "NumberOfLambdas_count": 0.006511011923680894, "NumberOfModifiers_min": 0.006082157599797147, "RFC_mean": 0.013161904320362775, "NumberOfUniqueWords_max": 0.024390184717166034, "NumberOfParenthesizedExps_std": 0.0027857471653770934, "Returns_max": 0.005872467051448383, "NumberOfAnonymousClasses_max": 0.0013391086682713763, "LOCMethod_CK_50%": 0.008561088525548254, "NumberOfLogStatements_std": 0.0009384030594905641, "NumberOfLambdas_50%": 0.0, "CBO_min": 0.008974501569703728, "NumberOfUniqueWords_75%": 0.020611124283006873, "NumberOfNumbers_25%": 0.0032024097280413965, "MaxNumberOfNestedBlocks_std": 0.004800617402700193, "RFC_std": 0.007208093071815204, "NumberOfInnerClasses_max": 0.0, "NumberOfAssignments_std": 0.007692122505186284, "MaxNumberOfNestedBlocks_50%": 0.0018436710957865337, "Returns_75%": 0.005854411430293417, "NumberOfLogStatements_max": 0.0021291301964801636, "NumberOfMathOperations_count": 0.005892630524216956, "NumberOfAnonymousClasses_min": 2.120609250634385e-05, "NumberOfMathOperations_mean": 0.007560452063082237, "NumberOfParameters_CK_max": 0.005963837298943186, "RFC_75%": 0.013712919159123833, "MaxNumberOfNestedBlocks_min": 0.0006963871173613175, "LOCMethod_CK_count": 0.006656770731001469, "NumberOfLambdas_mean": 0.0, "NumberOfParameters_CK_std": 0.01130189606874351, "NumberOfLambdas_75%": 0.0, "NumberOfAssignments_25%": 0.005873072648399868, "NumberOfInnerClasses_75%": 0.0, "NumberOfAssignments_count": 0.006373528274288367, "NumberOfLogStatements_min": 0.0015006427858092449, "RFC_25%": 0.010942357632476158, "NumberOfStringLiterals_max": 0.008695318957019964, "NumberOfModifiers_50%": 0.008677716252081646, "Returns_mean": 0.010052709440076787, "NumberOfInnerClasses_std": 0.0, "NumberOfParenthesizedExps_min": 0.00025664969402735627, "NumberOfLoops_75%": 0.0020326324717989987, "NumberOfUniqueWords_count": 0.0058109921837633804, "NumberOfVariables_count": 0.005948319324388593, "NumberOfAnonymousClasses_75%": 0.0, "NumberOfAnonymousClasses_50%": 1.1575954603845458e-05, "NumberOfNumbers_mean": 0.006885267673739543, "NumberOfUniqueWords_25%": 0.01962848849326149, "NumberOfTryCatch_max": 0.0026640771861249344, "NumberOfStringLiterals_std": 0.008937795643644345, "NumberOfTryCatch_25%": 0.0006822961097322736, "NumberOfNumbers_min": 0.0014056742874487423, "NumberOfAssignments_mean": 0.010912365025818273, "IsConstructor_unique": 0.003056108491563131, "NumberOfUniqueWords_min": 0.015799287198825188, "NumberOfStringLiterals_25%": 0.005417427880603362, "LOCMethod_CK_75%": 0.011238398884397585, "NumberOfLoops_count": 0.006101874702287663, "NumberOfVariables_75%": 0.00491374327254683, "NumberOfAnonymousClasses_count": 0.00527642088268905, "WMC_CK_count": 0.005601953072507837, "NumberOfComparisons_std": 0.003136844034941876, "NumberOfVariables_std": 0.005277239675070665, "NumberOfModifiers_25%": 0.00968120621530063, "NumberOfLogStatements_75%": 0.002366262341846941, "CBO_mean": 0.015863557846759555, "NumberOfVariables_50%": 0.0036018571695874465, "NumberOfLogStatements_25%": 0.0020528278733857627, "NumberOfMathOperations_std": 0.005232121878876652, "NumberOfParenthesizedExps_25%": 0.0004711939216524999, "LOCMethod_CK_std": 0.008778825808488674, "RFC_min": 0.007323655524503583, "NumberOfStringLiterals_75%": 0.007206618944593723, "LOCMethod_CK_max": 0.011966063537738538, "NumberOfStringLiterals_mean": 0.011252804582378071, "NumberOfLoops_50%": 0.001112342009279209, "NumberOfInnerClasses_min": 0.0, "WMC_CK_75%": 0.007061539034698186, "NumberOfLambdas_25%": 0.0, "NumberOfLoops_max": 0.0029746105305424055, "CBO_25%": 0.011322534403100902, "NumberOfNumbers_std": 0.004901612133115677, "RFC_50%": 0.009109970062821344, "MaxNumberOfNestedBlocks_count": 0.00490242437407653, "MaxNumberOfNestedBlocks_25%": 0.0013222678025745682, "NumberOfMathOperations_25%": 0.001837855015945496, "CBO_50%": 0.01202517308489718, "NumberOfMathOperations_75%": 0.005857267268324679, "NumberOfComparisons_min": 0.0014656278257784703, "NumberOfNumbers_count": 0.005036987054180691, "NumberOfLoops_std": 0.0032857100508230444, "NumberOfVariables_mean": 0.005891363865046617, "NumberOfParameters_CK_50%": 0.008476246619210728, "NumberOfComparisons_mean": 0.005456232482807815, "NumberOfLogStatements_mean": 0.0033084712377123102, "NumberOfAssignments_min": 0.003508933103643561, "NumberOfLoops_mean": 0.0033819525306630557, "NumberOfUniqueWords_std": 0.013315968397016818, "LOCMethod_CK_mean": 0.011289520606903091, "IsConstructor_freq": 0.009547731874632714, "NumberOfAnonymousClasses_mean": 0.0023304415988020686, "WMC_CK_max": 0.005840585799648895, "WMC_CK_50%": 0.003615453523127151, "CBO_count": 0.00525275054989849, "NumberOfParameters_CK_25%": 0.008464321240523159, "NumberOfStringLiterals_50%": 0.006120856914822372, "NumberOfTryCatch_count": 0.006348137270146688, "NumberOfUniqueWords_50%": 0.01874543866758665, "NumberOfStringLiterals_min": 0.0037074835321750303, "NumberOfLambdas_max": 0.0, "NumberOfComparisons_75%": 0.004560194184558303, "NumberOfLoops_25%": 0.0008022597175416813, "NumberOfLambdas_min": 0.0, "Returns_50%": 0.004877655077010637, "Returns_std": 0.0072472023915948515, "NumberOfUniqueWords_mean": 0.02111763582590489, "MaxNumberOfNestedBlocks_mean": 0.005068193202638734, "NumberOfTryCatch_std": 0.0040767182762143995, "NumberOfAssignments_50%": 0.006204241321710141, "NumberOfParenthesizedExps_mean": 0.002917004054349518, "NumberOfInnerClasses_50%": 0.0, "NumberOfTryCatch_50%": 0.0005513466930451737, "IsConstructor_top": 0.0032368119411432823, "NumberOfParameters_CK_min": 0.005626421861039481, "WMC_CK_std": 0.005479875939804474, "RFC_max": 0.01168911709808635, "NumberOfNumbers_50%": 0.004567187984394889, "NumberOfParenthesizedExps_max": 0.0030847146925272032, "MaxNumberOfNestedBlocks_75%": 0.0037007311282936483, "NumberOfVariables_max": 0.005749694741603677, "NumberOfParenthesizedExps_count": 0.005102394831384937, "NumberOfInnerClasses_mean": 0.0, "NumberOfModifiers_std": 0.008288106714484543, "NumberOfModifiers_mean": 0.01168478496840564, "NumberOfParameters_CK_count": 0.004923248594199126, "MaxNumberOfNestedBlocks_max": 0.0037535934725383053, "LOCMethod_CK_min": 0.00564742066636414, "NumberOfParenthesizedExps_75%": 0.0011807103099011102, "NumberOfModifiers_max": 0.009243725744476678, "RFC_count": 0.005250121995545567, "NumberOfComparisons_max": 0.003925131466171861, "CBO_75%": 0.01362920005639583, "NumberOfInnerClasses_25%": 0.0, "Returns_count": 0.005412494321545549, "CBO_max": 0.01018325993229456, "WMC_CK_25%": 0.003928857944827322, "NumberOfTryCatch_min": 0.0006454744873966918, "NumberOfNumbers_75%": 0.007081797011919747, "NumberOfLogStatements_50%": 0.002566532996183024, "NumberOfLambdas_std": 0.0,