{"accuracy_score": 0.5754310344827587, "precision_score": 0.005128205128205128, "recall_score": 0.25, "f1_score": 0.010050251256281407, "roc_auc_score": 0.5168478260869565, "pr_auc_score": 0.008483090586380455}