{"accuracy_score": 0.9629268292682926, "precision_score": 0.0, "recall_score": 0.0, "f1_score": 0.0, "roc_auc_score": 0.3539449680754029, "pr_auc_score": 0.009482790125485367}