{"accuracy_score": 0.9653225806451613, "precision_score": 0.14285714285714285, "recall_score": 0.04225352112676056, "f1_score": 0.06521739130434782, "roc_auc_score": 0.5667683978507826, "pr_auc_score": 0.05171515827942649}