{"accuracy_score": 0.8963470319634703, "precision_score": 0.22988505747126436, "recall_score": 0.1111111111111111, "f1_score": 0.149812734082397, "roc_auc_score": 0.6325732448866777, "pr_auc_score": 0.19440546363189173}