{"accuracy_score": 0.935609756097561, "precision_score": 0.01818181818181818, "recall_score": 0.07692307692307693, "f1_score": 0.02941176470588235, "roc_auc_score": 0.6334752204317422, "pr_auc_score": 0.016147777579155025}