{"blame_merge_priorityMinor_mean": 0.0, "Maximum Complexity*": 0.036940354225438315, "Maximum Depth_count": 0.010210348055994618, "NumberOfMathOperations_min": 0.0003872572851390211, "NF": 0.01326727601070539, "NumberOfMathOperations_50%": 0.0022160476965388054, "NumberOfModifiers_count": 0.014408992254021829, "NumberOfModifiers_75%": 0.005370390402095974, "HMi": 0.0, "blame_merge_priorityMajor_mean": 0.0, "NumberOfModifiers_min": 0.004542033058655431, "NM": 0.023691201567683264, "issues_priorityMinor_max": 0.0, "Maximum Depth_max": 0.005305200578386818, "issues_priorityMajor_count": 0.091836395555257, "Maximum Depth_mean": 0.006058163885866848, "MaxNumberOfNestedBlocks_std": 0.009475991448382248, "MaxNumberOfNestedBlocks_50%": 0.004697552759457908, "NumberOfMathOperations_count": 0.014725458025068456, "issues_priorityMinor_std": 0.0, "PMR": 0.012638629499201103, "blame_merge_priorityMinor_std": 0.0, "NumberOfMathOperations_mean": 0.010171390900508701, "MaxNumberOfNestedBlocks_min": 0.002643018826650985, "Ai": 0.0, "NumberOfModifiers_50%": 0.004887324835820193, "Maximum Depth_50%": 0.0049125144340727385, "NOPa": 0.0, "PMd": 0.02130237854913995, "NMI": 0.0, "Mo": 0.0, "blame_merge_priorityMinor_max": 0.0, "Average Complexity*": 0.04943650753969382, "blame_merge_priorityMinor_count": 0.0, "blame_merge_priorityMajor_min": 0.0, "Maximum Depth_min": 0.0043739183915660375, "issues_priorityMinor_count": 0.09456132225126142, "Ait": 0.0, "Maximum Depth_std": 0.004023308252693146, "Maximum Depth_75%": 0.0052721904109685, "Ad": 0.013719035535107253, "blame_merge_priorityMajor_max": 0.0, "NumberOfModifiers_25%": 0.007149280599006497, "issues_priorityMajor_mean": 0.058066169783610684, "NumberOfMathOperations_std": 0.00945868552531967, "HMd": 0.011216049020835084, "Ao": 0.0, "blame_merge_priorityMajor_std": 0.0, "issues_priorityMajor_std": 0.051318502529034075, "MaxNumberOfNestedBlocks_count": 0.014744466822386521, "MaxNumberOfNestedBlocks_25%": 0.0038010843383959095, "NumberOfMathOperations_25%": 0.001413062479200294, "Maximum Depth_25%": 0.004756755326809469, "NumberOfMathOperations_75%": 0.006914281939462948, "Md": 0.018649589945855045, "Average Statements per Method": 0.05342074421286479, "SIX": 0.0, "NumberOfMethods_Mood": 0.0744621678789622, "NMIR": 0.0, "MaxNumberOfNestedBlocks_mean": 0.011588753744018788, "issues_priorityMajor_max": 0.011213322187769919, "issues_priorityMinor_min": 0.0, "Maximum Block Depth": 0.029839241754627086, "Mi": 0.0, "Mit": 0.0, "Av": 0.0060374715180656225, "MaxNumberOfNestedBlocks_75%": 0.007456221964608368, "issues_priorityMajor_min": 0.0025982933236294325, "NumberOfModifiers_std": 0.006929816935120819, "NumberOfModifiers_mean": 0.008476829847940544, "Ma": 0.022174040025014517, "MaxNumberOfNestedBlocks_max": 0.005786234104159654, "NumberOfModifiers_max": 0.006485889357155219, "NMA": 0.024455478998280357, "blame_merge_priorityMinor_min": 0.0, "blame_merge_priorityMajor_count": 0.0, "PMi": 0.0, "Average Block Depth": 0.06428826718539832, "issues_priorityMinor_mean": 0.0, "NumberOfMathOperations_max": 0.00622509641709252}