{"accuracy_score": 0.6982758620689655, "precision_score": 0.014285714285714285, "recall_score": 0.5, "f1_score": 0.02777777777777778, "roc_auc_score": 0.7141304347826087, "pr_auc_score": 0.01649332347906611}