{"NumberOfComparisons": 0.02780882533803293, "NumberOfAnonymousClasses": 0.015715925300132834, "NumberOfNumbers": 0.03363476549307695, "NumberOfUniqueWords": 0.22272419548898553, "NumberOfParameters_CK": 0.042177759602231316, "NumberOfLogStatements": 0.01259742030694333, "IsConstructor": 0.013438089086906925, "NumberOfAssignments": 0.041905361245691004, "NumberOfModifiers": 0.06097572327763362, "Returns": 0.051437158993138464, "NumberOfLoops": 0.004450058241685478, "NumberOfTryCatch": 1.6892670492492772e-05, "WMC_CK": 0.03316154351134618, "RFC": 0.11165835405485747, "LOCMethod_CK": 0.09974226783761923, "NumberOfVariables": 0.03235220227039687, "NumberOfParenthesizedExps": 0.006561673510357385, "NumberOfStringLiterals": 0.04676635398829037, "MaxNumberOfNestedBlocks": 0.020520128255983285, "NumberOfInnerClasses": 0.0, "NumberOfLambdas": 0.0, "CBO": 0.10543338696042871, "NumberOfMathOperations": 0.016921914565769507}