{"accuracy_score": 0.996424496006086, "precision_score": 0.0, "recall_score": 0.0, "f1_score": 0.0, "roc_auc_score": 0.5383046748686776, "pr_auc_score": 0.00308041929896276}