{"NPF": 0.12523827704283308, "RTLOC": 0.15050586034025906, "NOL": 0.0, "NSF": 0.1696882918081519, "NSM": 0.05952776943973889, "NOD": 0.0, "ClTCi": 0.1110625447344387, "TLOC": 0.15908511963688896, "PMd": 0.11343191320562045, "ClRCi": 0.11146022379206894, "NOA": 0.0}