{"accuracy_score": 0.9271523178807947, "precision_score": 0.25, "recall_score": 0.6, "f1_score": 0.35294117647058826, "roc_auc_score": 0.8136986301369863, "pr_auc_score": 0.15473544973544973}