{"DispersedCoupling_top": 0.004962705368455475, "AntiSingleton": 0.0, "NumberOfDistinctOperators": 0.2072486968935407, "Difficulty": 0.3299488371448741, "DispersedCoupling_unique": 0.021763189997777602, "DispersedCoupling_freq": 0.05614947361506173, "DispersedCoupling_count": 0.058322651029343586, "NumberOfDistinctOperands": 0.3216044459509469}