{"accuracy_score": 0.8594771241830066, "precision_score": 0.25, "recall_score": 0.36, "f1_score": 0.29508196721311475, "roc_auc_score": 0.7736476868327401, "pr_auc_score": 0.3289926691635499}