{"AnonymousInnerClassLength": 0.0004746389847931446, "FileLength": 0.02920487196361146, "MethodLength": 0.9703204890515954}