;AnonymousInnerClassLength;BuggedMethods;FileLength;MethodLength
count;2193.0;2193;2193.0;2193.0
unique;;2;;
top;;False;;
freq;;2150;;
mean;0.009575923392612859;;16.122207022343822;5.14546283629731
std;0.2605431104687922;;113.537774769045;11.123653805109276
min;0.0;;0.0;0.0
25%;0.0;;0.0;0.0
50%;0.0;;0.0;3.0
75%;0.0;;0.0;5.0
max;8.0;;3919.0;178.0
