{"NestedTryDepth": 2.260727888183004e-06, "NestedForDepth": 0.0006494604463013251, "NumberOfPrivateMethod": 0.009700613590044286, "NumberOfMethods_Checkstyle": 0.016422837972379065, "IsConstructor": 0.000359417353680788, "Si": 0.00040265569834233304, "MCLC": 0.008137837721527801, "NOP": 0.00263042468299584, "MaxNumberOfNestedBlocks": 0.02623492131485367, "NPathComplexity": 0.022844859074651953, "CyclomaticComplexity": 0.013012977300584257, "NumberOfParenthesizedExps": 0.008150430714175339, "AnonymousInnerClassLength": 0.012851116753367914, "VG": 0.0077449259772241555, "NCSSForThisFile": 0.017015243754156684, "Returns": 0.014299951560616702, "NumberOfMathOperations": 0.02319975124894674, "Fin": 0.0010202913528241171, "ExecutableStatementCount": 0.046869245802332864, "Di": 0.009016418280675014, "NumberOfInnerClasses": 0.0, "NBD": 0.010615873196843846, "NumberOfComparisons": 0.003981370680570644, "NVAR": 0.007863474938089893, "NestedIfElseDepth": 0.01826529475786028, "NumberOfPackageMethod": 0.00019957338836962358, "FileLength": 0.01940120631016402, "NumberOfPublicMethods_Checkstyle": 0.015108977481730472, "NumberOfParameters_CK": 0.006622705864609677, "NumberOfLoops": 0.006451029242880305, "NumberOfTryCatch": 0.00021795103762437795, "NumberOfLogStatements": 0.0027189533615762217, "NumberOfAssignments": 0.030553347349239614, "NCSSForThisClass": 0.01762245407640037, "NumberOfAnonymousClasses": 0.00021437781718561065, "Ci": 0.007867409627975877, "ThrowsCount": 0.009838717376350593, "ClassFanOutComplexity": 0.011336000643209318, "NumberOfVariables": 0.028527127721904886, "NumberOfStringLiterals": 0.07885802804835695, "LOCMethod_CK": 0.05026633832164054, "NumberOfLambdas": 0.0, "NumberOfModifiers": 0.015614002869020802, "IOVars": 0.00963677005330031, "NCOMP": 0.006669761782199614, "Maximum Depth": 0.020236368842963922, "WMC_CK": 0.014303794279722292, "Fout": 0.0002114870956678347, "CBO": 0.053757367738514666, "RFC": 0.05808716562755685, "MethodLength": 0.0668078136393065, "NumberOfProtectedMethod": 0.0002951257240104666, "NumberOfUniqueWords": 0.07898320180279493, "NCSSForThisMethod": 0.04872475772484205, "BooleanExpressionComplexity": 0.0021343912541807427, "ClassDataAbstractionCoupling": 0.009821876763756583, "NumberOfNumbers": 0.04762026223201033}