{"accuracy_score": 0.9175097276264591, "precision_score": 0.5, "recall_score": 0.03773584905660377, "f1_score": 0.07017543859649122, "roc_auc_score": 0.7367012338566422, "pr_auc_score": 0.2629234117957286}