{"AIF": 0.0, "MIF": 0.0, "AHF": 0.14655272598068897, "MHF": 0.6280547136123508, "Aa": 0.22539256040696032}