{"accuracy_score": 0.935609756097561, "precision_score": 0.0, "recall_score": 0.0, "f1_score": 0.0, "roc_auc_score": 0.652972027972028, "pr_auc_score": 0.016123636803896613}