{"NCSSForThisFile": 0.03357275283517998, "Ci": 0.014827654138688287, "Di": 0.016494320171863208, "NVAR": 0.03277205428159475, "MethodLength": 0.24483299724871338, "NestedTryDepth": 2.1142635392159872e-05, "WMC_CK": 0.02744444066320595, "Fin": 0.0314142959217379, "IOVars": 0.018189768228145574, "NCSSForThisClass": 0.015273014821540226, "NBD": 0.029883584013446145, "MaxNumberOfNestedBlocks": 0.01375694545380395, "AnonymousInnerClassLength": 3.923449465282902e-05, "VG": 0.024210275851475532, "NumberOfMethods_Checkstyle": 0.009983926420268354, "ExecutableStatementCount": 0.08344341641161297, "NCOMP": 0.027930619352478717, "NestedForDepth": 0.0006988259569780655, "NumberOfModifiers": 0.03195295280632972, "NOP": 0.0051258925315548366, "FileLength": 0.03048297755464265, "ClassFanOutComplexity": 0.019945341842578877, "BooleanExpressionComplexity": 0.0010409864836176687, "ClassDataAbstractionCoupling": 0.006758726184206442, "NumberOfProtectedMethod": 0.0005862041856210408, "NPathComplexity": 0.02938847977448361, "ThrowsCount": 0.0302696948544702, "Si": 0.003808011438738443, "Maximum Depth": 0.034840558800692284, "CyclomaticComplexity": 0.02044795567278311, "NumberOfPrivateMethod": 0.005038659246377084, "NCSSForThisMethod": 0.08577097934247177, "NestedIfElseDepth": 0.004535926909760744, "NumberOfPublicMethods_Checkstyle": 0.007367439226508464, "Fout": 0.0031139166188463288, "NumberOfMathOperations": 0.026846836803231446, "NumberOfPackageMethod": 0.0006723138050950568, "MCLC": 0.02721687701721231}