{"accuracy_score": 0.9754979035639413, "precision_score": 0.0, "recall_score": 0.0, "f1_score": 0.0, "roc_auc_score": 0.7156277956700663, "pr_auc_score": 0.030369939776988767}