{"IOVars": 0.05267360678202612, "NCOMP": 0.14093853166504955, "VG": 0.15607098817686027, "Fin": 0.016283568127558646, "Fout": 0.004790736238809246, "Ci": 0.07028334536413552, "Di": 0.056565734885337116, "NBD": 0.16811222697245046, "Si": 0.003660728047086474, "NOP": 0.03731669207058816, "MCLC": 0.1591766421180749, "NVAR": 0.13412719955202362}