{"WMC_CK_min": 0.013571426387821694, "WMC_CK_max": 0.09035473394520598, "WMC_CK_75%": 0.05594007800224026, "WMC_CK_mean": 0.10937411141713341, "WMC_CK_count": 0.15334394030444318, "WMC_CK_std": 0.10657494763551846, "DIT": 0.014675000784167969, "WMC_CK_50%": 0.04739982861576704, "WMC_CK_25%": 0.020740072081654303, "NPM": 0.20305834114799165, "NOCh": 0.0, "NORM": 0.0, "WMC": 0.1849675196780561, "NMI": 0.0}