{"MIF": 0.0, "MHF": 0.5471818368181197, "Aa": 0.40557887815261884, "AHF": 0.04723928502926165, "AIF": 0.0}