{"accuracy_score": 0.9200913242009132, "precision_score": 0.631578947368421, "recall_score": 0.06666666666666667, "f1_score": 0.1206030150753769, "roc_auc_score": 0.48118297401879484, "pr_auc_score": 0.1818021749673877}