;Bugged;MIF;MHF;Aa;AHF;AIF
count;1877;1877.0;1877.0;1877.0;1877.0;1877.0
unique;2;;;;;
top;False;;;;;
freq;1842;;;;;
mean;;0.0;0.2755162137037826;1.9222163026105488;0.019070284162493338;0.0
std;;0.0;0.3983429871014327;4.674400841859172;0.12288096664290263;0.0
min;;0.0;0.0;0.0;0.0;0.0
25%;;0.0;0.0;0.0;0.0;0.0
50%;;0.0;0.0;0.0;0.0;0.0
75%;;0.0;0.583333333;2.0;0.0;0.0
max;;0.0;1.0;33.0;1.0;0.0
