{"NumberOfModifiers": 0.04093298686935027, "ThrowsCount": 0.0008431045435522948, "WMC_CK": 0.014881279816515047, "CBO": 0.11382044240748711, "NumberOfLambdas": 0.0, "NumberOfAssignments": 0.024137856799517052, "Maximum Depth": 0.02757318838977033, "NumberOfLogStatements": 0.00713182617660941, "NumberOfPackageMethod": 0.010108913790825935, "NestedForDepth": 0.00014711772025026646, "IsConstructor": 0.0007828583533044496, "MethodLength": 0.06175372366735128, "NumberOfLoops": 0.005935783921376381, "RFC": 0.06915913206875295, "BooleanExpressionComplexity": 0.0048797116126404255, "NPathComplexity": 0.017076816058595273, "NumberOfMathOperations": 0.011692330509656445, "MaxNumberOfNestedBlocks": 0.010912169968841388, "NCSSForThisFile": 0.03966035392024887, "Returns": 0.019329108708322364, "ExecutableStatementCount": 0.03362187805267994, "NumberOfAnonymousClasses": 0.00018465845468064427, "FileLength": 0.040736475221917354, "NumberOfNumbers": 0.01215011765929059, "NumberOfPrivateMethod": 0.01060444980597167, "ClassDataAbstractionCoupling": 0.016382604650191222, "NumberOfParameters_CK": 0.012774173703407074, "NumberOfInnerClasses": 0.0, "NumberOfParenthesizedExps": 0.0031204039315376447, "NumberOfStringLiterals": 0.04276055511990775, "LOCMethod_CK": 0.04485496106696164, "NestedIfElseDepth": 0.003777087773765015, "NumberOfVariables": 0.020102826510253836, "NCSSForThisMethod": 0.03457803308575055, "CyclomaticComplexity": 0.015518738122477237, "NumberOfProtectedMethod": 0.011334051916654667, "NumberOfMethods_Checkstyle": 0.025613877215921746, "NumberOfPublicMethods_Checkstyle": 0.02492659681911418, "AnonymousInnerClassLength": 0.0003378550246099827, "NumberOfComparisons": 0.015095339556129498, "NestedTryDepth": 2.061307649131238e-05, "NumberOfTryCatch": 0.0002957047218598577, "ClassFanOutComplexity": 0.0301334536865195, "NCSSForThisClass": 0.03552889322765007, "NumberOfUniqueWords": 0.08478794629328945}