{"NumberOfNumbers": 0.053247799574848695, "NumberOfInnerClasses": 0.0, "NumberOfTryCatch": 0.005629857119988851, "NumberOfUniqueWords": 0.14325936083464444, "WMC_CK": 0.04586984992960749, "NumberOfStringLiterals": 0.06885507182419996, "IsConstructor": 0.0010043181826322432, "NumberOfModifiers": 0.06634711995638345, "RFC": 0.12243244457587868, "NumberOfVariables": 0.048280667726033275, "NumberOfParameters_CK": 0.02101414508929125, "LOCMethod_CK": 0.12248001501366604, "NumberOfLoops": 0.008093647802932822, "NumberOfMathOperations": 0.02636021672671881, "NumberOfAnonymousClasses": 0.005228104208671493, "NumberOfLogStatements": 0.03338580253243397, "NumberOfComparisons": 0.012647144438445852, "NumberOfLambdas": 0.0, "NumberOfAssignments": 0.060733593092658834, "CBO": 0.09981001706207072, "NumberOfParenthesizedExps": 0.009250720875454286, "Returns": 0.028333847389939274, "MaxNumberOfNestedBlocks": 0.0177362560434997}