{"accuracy_score": 0.9557656592942766, "precision_score": 0.04, "recall_score": 0.009259259259259259, "f1_score": 0.015037593984962405, "roc_auc_score": 0.7533296503968485, "pr_auc_score": 0.051065778480856014}