{"VG": 0.009033918031356105, "NCSSForThisFile": 0.011330154856177352, "NumberOfAssignments": 0.0318494491311328, "Calls": 0.06385579145481128, "Fout": 0.002106870522893491, "WMC_CK": 0.011301567853323258, "NumberOfParenthesizedExps": 0.006840343527705792, "NumberOfMathOperations": 0.0033825999811802313, "ClassDataAbstractionCoupling": 0.0069292185989455295, "NumberOfProtectedMethod": 0.000977461166090777, "NumberOfStringLiterals": 0.049531626932979626, "ClassFanOutComplexity": 0.011187700706590259, "MethodLength": 0.06688899882414164, "NumberOfPublicMethods_Checkstyle": 0.007725700439743014, "ExecutableStatementCount": 0.04158242038600708, "NCOMP": 0.002790287531666805, "NumberOfTryCatch": 0.0011215659535870083, "LOCMethod_CK": 0.04500170285836213, "IsConstructor": 0.000297002689122892, "NumberOfMethods_Checkstyle": 0.008461832321452345, "Di": 0.005714790250051036, "IOVars": 0.004016443887818415, "Ci": 0.005272897177752891, "NestedIfElseDepth": 0.0003567501805006382, "NumberOfVariables": 0.03301634571326857, "MCLC": 0.00325106894185773, "NBD": 0.008444019165181341, "NumberOfNumbers": 0.04842033949085553, "Fin": 0.0018573423235080807, "Maximum Depth": 0.009583869753130974, "NumberOfLambdas": 3.38173536133059e-08, "NumberOfAnonymousClasses": 6.670668391875274e-06, "NumberOfPackageMethod": 0.00011287105740794936, "MaxNumberOfNestedBlocks": 0.005643041013700605, "NestedForDepth": 0.0009452184609105558, "RFC": 0.07598317531018091, "Returns": 0.005117405125141156, "CyclomaticComplexity": 0.007983713784886702, "NestedTryDepth": 1.2693392798420179e-05, "Si": 0.0022348115358330656, "NVAR": 0.0017205215293505398, "NumberOfLoops": 0.004002697179543954, "Statements": 0.04106908713375777, "FileLength": 0.018645078012304642, "NumberOfModifiers": 0.009520094569677952, "ThrowsCount": 0.0189525134922304, "CBO": 0.11291610964692352, "NumberOfParameters_CK": 0.002103548148455751, "NumberOfUniqueWords": 0.09532500391483825, "NumberOfLogStatements": 0.0, "NOP": 0.0015541172317452099, "Complexity": 0.010285415866255134, "NumberOfPrivateMethod": 0.0025574111788219116, "BooleanExpressionComplexity": 0.008103099103419007, "AnonymousInnerClassLength": 0.0001741634721724632, "NCSSForThisClass": 0.011994688854243811, "NCSSForThisMethod": 0.04571068743922178, "NPathComplexity": 0.01218750720528888, "NumberOfComparisons": 0.003008541203949476, "NumberOfInnerClasses": 0.0}