{"accuracy_score": 0.9903887227680478, "precision_score": 0.0, "recall_score": 0.0, "f1_score": 0.0, "roc_auc_score": 0.7417470180701378, "pr_auc_score": 0.0070959642537723935}