{"MHF": 0.2664840511101572, "AIF": 0.0, "MIF": 0.0, "AHF": 0.3149742583526637, "Aa": 0.41854169053717916}