{"accuracy_score": 0.9337748344370861, "precision_score": 0.2727272727272727, "recall_score": 0.6, "f1_score": 0.37499999999999994, "roc_auc_score": 0.8054794520547945, "pr_auc_score": 0.15822981366459626}