{"accuracy_score": 0.9958378295051642, "precision_score": 0.0, "recall_score": 0.0, "f1_score": 0.0, "roc_auc_score": 0.6848415064531336, "pr_auc_score": 0.01815441786690971}