;BuggedMethods;WMC_CK
count;19313;19313.0
unique;2;
top;False;
freq;19254;
mean;;0.9242479159115622
std;;1.5453342446745988
min;;0.0
25%;;0.0
50%;;1.0
75%;;1.0
max;;29.0
