{"accuracy_score": 0.9657258064516129, "precision_score": 0.18181818181818182, "recall_score": 0.056338028169014086, "f1_score": 0.08602150537634409, "roc_auc_score": 0.6921725454428522, "pr_auc_score": 0.07362242385864935}