{"Maximum Depth": 0.23230153466578912, "NumberOfMathOperations": 0.3991531450237982, "NumberOfModifiers": 0.2942599799388127, "MaxNumberOfNestedBlocks": 0.07428534037160008}