{"accuracy_score": 0.9907988649066988, "precision_score": 0.0, "recall_score": 0.0, "f1_score": 0.0, "roc_auc_score": 0.5183078124766975, "pr_auc_score": 0.007148295580888808}