{"NumberOfModifiers": 0.04898596030565917, "NBD": 0.012156827684236331, "Si": 0.004044727466704072, "WMC_CK": 0.019922019020465073, "CBO": 0.13117224357842056, "NumberOfLambdas": 0.0, "NumberOfAssignments": 0.027494047909010142, "Maximum Depth": 0.026501318963084105, "NumberOfLogStatements": 0.006104466656916866, "VG": 0.014882612448287367, "IsConstructor": 0.0011657309950026627, "MethodLength": 0.07875320898998987, "NumberOfLoops": 0.006478526885548668, "NVAR": 0.009568550339088598, "RFC": 0.08950493591020545, "NumberOfMathOperations": 0.015600899304709445, "MaxNumberOfNestedBlocks": 0.015737269866119293, "Returns": 0.021472629019863264, "Di": 0.012325125912602682, "MCLC": 0.01492802562990461, "NCOMP": 0.010526168318736956, "IOVars": 0.007955101638585342, "NumberOfAnonymousClasses": 0.00029474902260866035, "FileLength": 0.10822788361024542, "Ci": 0.012028476427383222, "NumberOfNumbers": 0.013356468232408908, "NumberOfParameters_CK": 0.012423071354458956, "NumberOfInnerClasses": 0.0, "NumberOfParenthesizedExps": 0.0026043944282630573, "Fout": 0.0032130239687550425, "NumberOfStringLiterals": 0.0547532909351237, "LOCMethod_CK": 0.062176651171912456, "NumberOfVariables": 0.025999497414262992, "AnonymousInnerClassLength": 0.00021175902703690535, "Fin": 0.012800424761105867, "NumberOfComparisons": 0.01119911005048199, "NumberOfTryCatch": 0.00014991939339235841, "NumberOfUniqueWords": 0.10066462125659108, "NOP": 0.00461626210282899}