{"accuracy_score": 0.9878378378378379, "precision_score": 0.0, "recall_score": 0.0, "f1_score": 0.0, "roc_auc_score": 0.4908616456229389, "pr_auc_score": 0.012978264963122587}