{"NumberOfModifiers": 0.5095464287755642, "MaxNumberOfNestedBlocks": 0.15530876693527954, "NumberOfMathOperations": 0.09286071407636227, "Maximum Depth": 0.24228409021279387}