{"accuracy_score": 0.9965826569841948, "precision_score": 0.0, "recall_score": 0.0, "f1_score": 0.0, "roc_auc_score": 0.5636811656310263, "pr_auc_score": 0.002851616437472623}