;NumberOfModifiers;MaxNumberOfNestedBlocks;NumberOfMathOperations;BuggedMethods;Maximum Depth
count;4225.0;4225.0;4225.0;4225;4225.0
unique;;;;2;
top;;;;False;
freq;;;;4108;
mean;1.1488757396449705;0.298698224852071;0.29680473372781063;;1.029112426035503
std;2.5922998026828266;0.9020498069523103;2.1669110546852126;;1.5531477058883543
min;0.0;0.0;0.0;;0.0
25%;0.0;0.0;0.0;;0.0
50%;1.0;0.0;0.0;;0.0
75%;1.0;0.0;0.0;;2.0
max;42.0;9.0;75.0;;11.0
