{"NumberOfProtectedMethod": 0.00023294866057773264, "NumberOfPrivateMethod": 0.0025974124594115903, "NumberOfLogStatements": 0.038352550709157315, "MethodLength": 0.05898853106641729, "NumberOfTryCatch": 0.0014738508958815704, "NumberOfParameters_CK": 0.005035870178061196, "NPathComplexity": 0.021639888589351553, "NumberOfAnonymousClasses": 8.476730613534586e-07, "NumberOfStringLiterals": 0.04641985551250665, "CBO": 0.05438007756232409, "BooleanExpressionComplexity": 0.00384994570934871, "NumberOfNumbers": 0.028183095663096323, "CyclomaticComplexity": 0.012574665532288892, "IsConstructor": 0.0017869886327934123, "NumberOfVariables": 0.05787551044255944, "NumberOfAssignments": 0.043846792460138714, "ThrowsCount": 0.004998093918075206, "NumberOfMathOperations": 0.02773260090351356, "NCSSForThisClass": 0.02183139873225115, "NumberOfMethods_Checkstyle": 0.013797608150767688, "MaxNumberOfNestedBlocks": 0.015238941677633315, "LOCMethod_CK": 0.05275898057236364, "FileLength": 0.019911006742124548, "Maximum Depth": 0.018678267054408428, "ClassFanOutComplexity": 0.04062324302588696, "NestedTryDepth": 0.009994358000757196, "NumberOfLoops": 0.00396864968929065, "RFC": 0.05252938256247253, "ExecutableStatementCount": 0.04946800880170221, "AnonymousInnerClassLength": 2.2039812063525228e-08, "NumberOfPublicMethods_Checkstyle": 0.013257465681122831, "WMC_CK": 0.015472420518528464, "NumberOfLambdas": 0.0, "NumberOfPackageMethod": 0.00014204749113329226, "NestedForDepth": 6.699028872146258e-05, "NumberOfInnerClasses": 0.0, "NumberOfUniqueWords": 0.05449058820285166, "NumberOfParenthesizedExps": 0.029947819413710632, "ClassDataAbstractionCoupling": 0.053283752045514665, "NumberOfComparisons": 0.010870984016878336, "NCSSForThisMethod": 0.049164702416645466, "NumberOfModifiers": 0.0346750310209415, "Returns": 0.0043628676894020635, "NCSSForThisFile": 0.023318017259561816, "NestedIfElseDepth": 0.0021779203369527806}