{"accuracy_score": 0.9413759689922481, "precision_score": 0.46, "recall_score": 0.40707964601769914, "f1_score": 0.431924882629108, "roc_auc_score": 0.816152823829849, "pr_auc_score": 0.36736235696954056}