{"NestedTryDepth": 3.867466443481419e-07, "NestedForDepth": 0.0005849430678290194, "NumberOfPrivateMethod": 0.009238258259199217, "Statements": 0.04241951489997588, "NumberOfMethods_Checkstyle": 0.015302018808699944, "IsConstructor": 0.0005860204904793681, "Si": 0.0002970498992026296, "MCLC": 0.007781926501273377, "NOP": 0.002446469420916344, "MaxNumberOfNestedBlocks": 0.022758521521398577, "NPathComplexity": 0.020444941072062055, "CyclomaticComplexity": 0.013983133221994081, "NumberOfParenthesizedExps": 0.007503647495757609, "AnonymousInnerClassLength": 0.013553828646136546, "VG": 0.007937616215269215, "Returns": 0.013695563903358307, "NumberOfMathOperations": 0.022756205827633432, "Fin": 0.0007391913764973087, "ExecutableStatementCount": 0.04051827138572558, "Di": 0.009236383992547283, "NumberOfInnerClasses": 0.0, "NBD": 0.010069163812992115, "NumberOfComparisons": 0.0034327552624357402, "NVAR": 0.007158926984524165, "NestedIfElseDepth": 0.01764567814395475, "NumberOfPackageMethod": 0.0004404476899572553, "FileLength": 0.014617991373099716, "NumberOfPublicMethods_Checkstyle": 0.014036935165369299, "NumberOfParameters_CK": 0.006046979093617982, "NumberOfLoops": 0.005134245968765995, "NumberOfTryCatch": 4.430906247529643e-05, "NumberOfLogStatements": 0.002921786690458567, "Complexity": 0.011211647254697848, "NumberOfAssignments": 0.024859348636665068, "NCSSForThisClass": 0.017404455810418863, "NumberOfAnonymousClasses": 0.00026873366070902845, "Ci": 0.008813280139332446, "ThrowsCount": 0.008278092705931089, "ClassFanOutComplexity": 0.010811247399256294, "NumberOfVariables": 0.024398291089942008, "NumberOfStringLiterals": 0.07447733772740907, "LOCMethod_CK": 0.044105502876024924, "NumberOfLambdas": 0.0, "NumberOfModifiers": 0.012563746999245767, "IOVars": 0.00764787629263237, "NCOMP": 0.0071136477891560685, "Maximum Depth": 0.014600015730769729, "WMC_CK": 0.012391574300515556, "Calls": 0.05318821223228745, "Fout": 0.00025616384878791594, "CBO": 0.046081623388750895, "RFC": 0.04445474679007786, "MethodLength": 0.05895125694248077, "NumberOfProtectedMethod": 4.291613336556514e-05, "NumberOfUniqueWords": 0.07400867567056522, "BooleanExpressionComplexity": 0.0020339335945153488, "NCSSForThisMethod": 0.04437085850650975, "NCSSForThisFile": 0.015252744955194835, "ClassDataAbstractionCoupling": 0.007562393345733641, "NumberOfNumbers": 0.041518564178773566}