{"MethodLength": 0.7336040203810921, "AnonymousInnerClassLength": 0.002647967793014901, "FileLength": 0.2637480118258929}