{"accuracy_score": 0.9696473739026931, "precision_score": 0.3333333333333333, "recall_score": 0.0049261083743842365, "f1_score": 0.00970873786407767, "roc_auc_score": 0.6897881879206804, "pr_auc_score": 0.039515054800647875}