;MethodLength;AnonymousInnerClassLength;BuggedMethods;FileLength
count;6725.0;6725.0;6725;6725.0
unique;;;2;
top;;;False;
freq;;;6609;
mean;4.663791821561338;0.12728624535315985;;10.851152416356877
std;13.007713090227602;1.4735948233646217;;58.20807208195469
min;0.0;0.0;;0.0
25%;0.0;0.0;;0.0
50%;3.0;0.0;;0.0
75%;3.0;0.0;;0.0
max;367.0;52.0;;1377.0
