{"accuracy_score": 0.8085106382978723, "precision_score": 0.0, "recall_score": 0.0, "f1_score": 0.0, "roc_auc_score": 0.6682692307692307, "pr_auc_score": 0.22776286955701402}