{"accuracy_score": 0.9151750972762646, "precision_score": 0.44, "recall_score": 0.10377358490566038, "f1_score": 0.1679389312977099, "roc_auc_score": 0.7215500824171428, "pr_auc_score": 0.22352904778331273}