{"NestedTryDepth": 2.2575577601114134e-05, "NestedForDepth": 0.0006563513512495089, "NumberOfPrivateMethod": 0.010036850327941608, "NumberOfMethods_Checkstyle": 0.016452141690410794, "IsConstructor": 0.0008753929577188524, "MaxNumberOfNestedBlocks": 0.03245543134540535, "NPathComplexity": 0.02387570848647436, "CyclomaticComplexity": 0.015467671885834637, "NumberOfParenthesizedExps": 0.009096002429765753, "AnonymousInnerClassLength": 0.013706563294321399, "NCSSForThisFile": 0.016579013715591413, "Returns": 0.017492654415522654, "NumberOfMathOperations": 0.02977693790227714, "ExecutableStatementCount": 0.04679053229103647, "NumberOfInnerClasses": 0.0, "NumberOfComparisons": 0.005632165648027906, "NestedIfElseDepth": 0.02332958900705856, "NumberOfPackageMethod": 0.00024044148747217486, "FileLength": 0.019011461118347405, "NumberOfPublicMethods_Checkstyle": 0.01551556279372456, "NumberOfParameters_CK": 0.012159404665813233, "NumberOfLoops": 0.005632726309208536, "NumberOfTryCatch": 6.355253206605353e-05, "NumberOfLogStatements": 0.004141482198586302, "NumberOfAssignments": 0.033835732865949764, "NCSSForThisClass": 0.0187351356362776, "NumberOfAnonymousClasses": 0.00010221235039227774, "ThrowsCount": 0.010115570981131328, "ClassFanOutComplexity": 0.013359207493500454, "NumberOfVariables": 0.030723845228541116, "NumberOfStringLiterals": 0.09183030870900973, "LOCMethod_CK": 0.04990486411363664, "NumberOfLambdas": 0.0, "NumberOfModifiers": 0.01161393183595965, "Maximum Depth": 0.016965623908893137, "WMC_CK": 0.014203298004244079, "CBO": 0.057315888658313774, "RFC": 0.06037265232285845, "MethodLength": 0.0710037381964447, "NumberOfProtectedMethod": 0.0003367721725099002, "NumberOfUniqueWords": 0.08814410362272337, "NCSSForThisMethod": 0.05149177925605313, "BooleanExpressionComplexity": 0.002948981522603994, "ClassDataAbstractionCoupling": 0.008595425394161778, "NumberOfNumbers": 0.04939071429533917}