{"MethodLength": 0.058117162419051474, "Fout": 0.003050377016356729, "LOCMethod_CK": 0.04202386248573487, "MaxNumberOfNestedBlocks": 0.011663436479859427, "NumberOfNumbers": 0.033448151927231926, "VG": 0.013451843996980857, "NumberOfMethods_Checkstyle": 0.007245327546547214, "NumberOfVariables": 0.03268680915509867, "NCSSForThisClass": 0.010757318823767832, "ClassDataAbstractionCoupling": 0.00667853218237107, "NumberOfTryCatch": 0.00012023353014796283, "NBD": 0.011804823834009317, "NumberOfAnonymousClasses": 5.594128211361916e-05, "NumberOfLambdas": 0.0, "NCOMP": 0.015494916507559697, "CBO": 0.061464398064970595, "MCLC": 0.020730544998338336, "CyclomaticComplexity": 0.023974913547863973, "Maximum Depth": 0.028729067642372118, "NumberOfPublicMethods_Checkstyle": 0.008412342832804131, "ExecutableStatementCount": 0.04573718062564848, "NumberOfParameters_CK": 0.007595965967810596, "NOP": 0.006405510927484191, "NCSSForThisFile": 0.009117673025978552, "NestedTryDepth": 0.0, "NumberOfModifiers": 0.02701418441385317, "NumberOfInnerClasses": 0.0, "NumberOfAssignments": 0.043952675225994, "NumberOfLogStatements": 0.017331015566429537, "FileLength": 0.008179980781536323, "NPathComplexity": 0.024815112298571602, "IOVars": 0.009242233067881375, "ThrowsCount": 0.009331730539265209, "NestedForDepth": 0.0010946149500324232, "NumberOfPackageMethod": 0.00041919452069610127, "NumberOfStringLiterals": 0.05406555835402354, "NVAR": 0.014435836220063537, "RFC": 0.051471969197754104, "NumberOfPrivateMethod": 0.00029828343498619923, "BooleanExpressionComplexity": 0.00715388506804605, "WMC_CK": 0.019275741059143328, "NumberOfParenthesizedExps": 0.01387191938924078, "NumberOfMathOperations": 0.008433553480087485, "NestedIfElseDepth": 0.0046059438598877196, "NumberOfUniqueWords": 0.08862141810161, "NCSSForThisMethod": 0.04545931168605564, "Ci": 0.009921606737422572, "Di": 0.009271053669006542, "NumberOfComparisons": 0.019543764282474826, "AnonymousInnerClassLength": 0.004843625398324676, "NumberOfLoops": 0.008242485896772676, "Fin": 0.010923596610804338, "Si": 0.0025322781826248517, "ClassFanOutComplexity": 0.009513165025086015, "Returns": 0.015328861545299551, "IsConstructor": 0.0013270712074112097, "NumberOfProtectedMethod": 0.0007119954095128843}