{"accuracy_score": 0.9661290322580646, "precision_score": 0.19047619047619047, "recall_score": 0.056338028169014086, "f1_score": 0.08695652173913043, "roc_auc_score": 0.6539531919620671, "pr_auc_score": 0.06979320171476701}