{"accuracy_score": 0.856996935648621, "precision_score": 0.6049382716049383, "recall_score": 0.31210191082802546, "f1_score": 0.411764705882353, "roc_auc_score": 0.7208222914438918, "pr_auc_score": 0.4760332761274068}