{"MethodLength": 0.08334548469009388, "Fout": 0.0025185839319998753, "LOCMethod_CK": 0.06520485349247152, "MaxNumberOfNestedBlocks": 0.017549194780528004, "NumberOfNumbers": 0.03974282815151819, "VG": 0.017732871338489532, "NumberOfVariables": 0.04019837850324619, "NBD": 0.015452749418594482, "NumberOfAnonymousClasses": 0.00010357530783835203, "NumberOfLambdas": 0.0, "NCOMP": 0.01660970013169566, "CBO": 0.07164546168193417, "MCLC": 0.025748535946567497, "Maximum Depth": 0.034970940452396515, "NumberOfParameters_CK": 0.010888833065231154, "NOP": 0.008371740045960172, "NumberOfInnerClasses": 0.0, "NumberOfAssignments": 0.05309499790430487, "NumberOfLogStatements": 0.01671911188187882, "FileLength": 0.03415493919893535, "IOVars": 0.011074264229326664, "NumberOfStringLiterals": 0.05812502547412166, "NVAR": 0.017138751233753836, "RFC": 0.06328065723086514, "WMC_CK": 0.028505459119037214, "NumberOfParenthesizedExps": 0.016312136968796506, "NumberOfMathOperations": 0.011233019056012343, "Di": 0.01161369098181746, "Ci": 0.013404529073369522, "NumberOfUniqueWords": 0.10366771138770753, "NumberOfComparisons": 0.02360303236207797, "AnonymousInnerClassLength": 0.005076626462074723, "NumberOfLoops": 0.010427444811066921, "Fin": 0.011783877009303069, "Si": 0.002710315442739552, "NumberOfModifiers": 0.03445967833835057, "Returns": 0.021245349323503797, "IsConstructor": 0.002076679446833102, "NumberOfTryCatch": 0.00020897212555808162}