{"accuracy_score": 0.9899891774891775, "precision_score": 0.0, "recall_score": 0.0, "f1_score": 0.0, "roc_auc_score": 0.7786585365853658, "pr_auc_score": 0.007218982986986671}