{"NumberOfTryCatch": 0.0, "NumberOfAnonymousClasses": 0.0, "NumberOfLambdas": 0.0, "Maximum Depth": 0.03709292979441751, "NumberOfPackageMethod": 0.0, "NumberOfComparisons": 0.02538260580926006, "MaxNumberOfNestedBlocks": 0.02863836821731387, "CBO": 0.050579227907269396, "FileLength": 0.0004319763923334269, "NumberOfInnerClasses": 0.0, "NCSSForThisFile": 0.0010993003560616373, "MethodLength": 0.07567026805909043, "ClassFanOutComplexity": 0.0021844323566047323, "NumberOfParameters_CK": 0.022446543718913397, "NumberOfLogStatements": 0.0, "NumberOfPrivateMethod": 0.0002940492885974843, "NumberOfMethods_Checkstyle": 0.0008661923360316796, "IsConstructor": 0.0010718689082118622, "NumberOfStringLiterals": 0.04187428386113238, "NumberOfParenthesizedExps": 0.0016315577119003196, "AnonymousInnerClassLength": 0.0, "NCSSForThisClass": 0.0013090331592252927, "NCSSForThisMethod": 0.05294883620095217, "NumberOfLoops": 0.0038748576217958928, "NumberOfModifiers": 0.09961485906120263, "BooleanExpressionComplexity": 0.004926554437648694, "NumberOfPublicMethods_Checkstyle": 0.0005695929378488906, "ClassDataAbstractionCoupling": 0.0006856934970824339, "NumberOfProtectedMethod": 0.0, "NumberOfMathOperations": 0.0036154158318478964, "NestedIfElseDepth": 0.0025678059731595497, "NumberOfAssignments": 0.027245922347023808, "NumberOfUniqueWords": 0.08486520296717069, "CyclomaticComplexity": 0.038798303842774794, "RFC": 0.061014581209588595, "NPathComplexity": 0.03269107406559017, "Returns": 0.023022787146946045, "ExecutableStatementCount": 0.056053737627695596, "WMC_CK": 0.03665901924998762, "LOCMethod_CK": 0.07331538123589279, "NumberOfNumbers": 0.011673649089766104, "NestedForDepth": 0.0, "ThrowsCount": 0.05449261346541496, "NumberOfVariables": 0.04079147431424737}