{"accuracy_score": 0.8905908096280087, "precision_score": 0.0, "recall_score": 0.0, "f1_score": 0.0, "roc_auc_score": 0.5899692874692875, "pr_auc_score": 0.07426412243483958}