{"MHF": 0.4201957238558888, "AIF": 0.0, "Aa": 0.3997461227313575, "AHF": 0.1800581534127537, "MIF": 0.0}