{"accuracy_score": 0.8932169241101411, "precision_score": 0.2222222222222222, "recall_score": 0.026845637583892617, "f1_score": 0.04790419161676647, "roc_auc_score": 0.42204497645998207, "pr_auc_score": 0.10868922887102304}