{"FileLength": 0.49618448946243837, "MethodLength": 0.5027273550041833, "AnonymousInnerClassLength": 0.0010881555333783757}