{"NumberOfAnonymousClasses_count": 0.005188373835600699, "NumberOfAssignments_count": 0.005883982483286587, "NumberOfStringLiterals_75%": 0.007049079932856062, "Returns_25%": 0.0057350476778414245, "NumberOfParenthesizedExps_max": 0.0021702972624135074, "NumberOfParenthesizedExps_25%": 0.002349829792748434, "NumberOfTryCatch_min": 0.0008884088304120827, "NumberOfVariables_count": 0.005262974652287278, "NumberOfLambdas_25%": 0.0003226074519423864, "NumberOfStringLiterals_50%": 0.005966365368566622, "RFC_std": 0.009656759432937324, "NumberOfTryCatch_mean": 0.002985755142221421, "RFC_mean": 0.012779739341712566, "CBO_75%": 0.019476591561936075, "WMC_CK_count": 0.005054836056172064, "NumberOfParameters_CK_count": 0.004681001161320317, "NumberOfComparisons_75%": 0.0023517763675118164, "IsConstructor_unique": 0.0013864397025226175, "Returns_std": 0.008750283247315782, "NumberOfLambdas_count": 0.005487551216977856, "NumberOfLogStatements_max": 0.000119885383236494, "NumberOfInnerClasses_count": 0.004642346367099207, "MaxNumberOfNestedBlocks_std": 0.004534478929603085, "NumberOfUniqueWords_std": 0.013291343150552151, "NumberOfMathOperations_25%": 0.0008212264462558671, "IsConstructor_count": 0.005204661246130114, "NumberOfParameters_CK_min": 0.00670517724962349, "NumberOfStringLiterals_max": 0.006291785571665016, "Returns_min": 0.0024689700141314473, "LOCMethod_CK_50%": 0.0074223456205179785, "NumberOfTryCatch_50%": 0.0011799439258284462, "NumberOfAssignments_std": 0.007735918715951796, "NumberOfUniqueWords_mean": 0.016430692502930912, "NumberOfInnerClasses_mean": 0.0, "NumberOfLambdas_50%": 0.0004507601230746025, "NumberOfParenthesizedExps_std": 0.003017645019602003, "NumberOfAssignments_75%": 0.0059798262105640486, "NumberOfNumbers_75%": 0.004961386821564202, "NumberOfInnerClasses_25%": 0.0, "WMC_CK_max": 0.005123147325757784, "NumberOfTryCatch_25%": 0.0010193165977495397, "NumberOfMathOperations_mean": 0.004399102341775688, "WMC_CK_50%": 0.0027931937779899197, "NumberOfModifiers_25%": 0.008058196904334744, "NumberOfMathOperations_max": 0.003277588520910521, "NumberOfVariables_std": 0.007052013861927048, "NumberOfAssignments_max": 0.007553735267473156, "NumberOfComparisons_std": 0.0037220750264371338, "WMC_CK_min": 0.0010323755650435739, "NumberOfLambdas_75%": 0.0007338916486793025, "RFC_75%": 0.011340988223100779, "NumberOfLogStatements_25%": 0.0, "NumberOfLoops_25%": 0.000649590304407151, "NumberOfStringLiterals_min": 0.002377322876203605, "LOCMethod_CK_std": 0.008505118175664019, "NumberOfAnonymousClasses_max": 8.334947281077761e-05, "NumberOfComparisons_max": 0.0021555097458720754, "NumberOfStringLiterals_mean": 0.00887914406794629, "CBO_count": 0.005920156400544976, "RFC_count": 0.005076406895746205, "NumberOfLogStatements_50%": 2.4350795086306064e-05, "NumberOfModifiers_std": 0.01661619838887173, "WMC_CK_25%": 0.0031327835122696435, "LOCMethod_CK_75%": 0.010058769474150107, "NumberOfParameters_CK_75%": 0.013545462699705087, "LOCMethod_CK_25%": 0.00920001311024355, "NumberOfParameters_CK_max": 0.010502710032248874, "NumberOfLambdas_max": 0.000859766857032663, "NumberOfAnonymousClasses_min": 1.4595984727183142e-05, "LOCMethod_CK_max": 0.010883565627932319, "NumberOfAssignments_min": 0.0028580021672645907, "NumberOfLoops_max": 0.0028923580648821754, "RFC_50%": 0.008751799286993838, "IsConstructor_top": 0.00070267514653237, "NumberOfLoops_mean": 0.0034697901150233463, "NumberOfAnonymousClasses_mean": 3.139445249087763e-05, "NumberOfVariables_25%": 0.0042265482561316065, "NumberOfParameters_CK_mean": 0.020748648802159788, "NumberOfNumbers_std": 0.006724734340734002, "LOCMethod_CK_min": 0.007062338796455908, "NumberOfAssignments_mean": 0.00907477295055236, "NumberOfModifiers_75%": 0.01415832718435863, "NumberOfNumbers_max": 0.005148029454543417, "MaxNumberOfNestedBlocks_75%": 0.0035365764363304835, "NumberOfAnonymousClasses_50%": 0.0, "RFC_max": 0.011782247501074448, "NumberOfModifiers_min": 0.005872816927144579, "NumberOfNumbers_count": 0.005310043618916893, "NumberOfStringLiterals_std": 0.007931780006687171, "NumberOfLogStatements_mean": 0.0001745929514382647, "NumberOfTryCatch_75%": 0.0033749071935667966, "CBO_max": 0.024997015692806563, "NumberOfLambdas_mean": 0.0011143901920513321, "NumberOfStringLiterals_25%": 0.005053598872138889, "WMC_CK_mean": 0.005523490338793631, "NumberOfAnonymousClasses_std": 8.91184682128986e-05, "NumberOfUniqueWords_max": 0.015581129938858507, "NumberOfLoops_50%": 0.0016186972928958654, "NumberOfInnerClasses_max": 0.0, "NumberOfTryCatch_std": 0.0038583600214924553, "NumberOfModifiers_max": 0.021448736696119627, "NumberOfMathOperations_std": 0.004245499609767174, "NumberOfLoops_count": 0.004460831425643637, "NumberOfModifiers_50%": 0.011985885255807913, "NumberOfParenthesizedExps_75%": 0.002303736508430639, "NumberOfLoops_min": 0.00022274866859858005, "Returns_75%": 0.005588885790177083, "MaxNumberOfNestedBlocks_mean": 0.005160547510972532, "NumberOfMathOperations_50%": 0.0011714302560122992, "NumberOfNumbers_min": 0.001271507157255766, "NumberOfParenthesizedExps_50%": 0.0014313396419534572, "NumberOfParenthesizedExps_mean": 0.0034822094839127593, "MaxNumberOfNestedBlocks_count": 0.005243454278038455, "NumberOfVariables_50%": 0.00436467795739228, "NumberOfComparisons_mean": 0.0031067404094029406, "NumberOfUniqueWords_25%": 0.012742517685945618, "CBO_25%": 0.015044518246879322, "RFC_min": 0.00669040607381886, "WMC_CK_std": 0.0046466350373867435, "NumberOfParameters_CK_std": 0.009778907792427625, "NumberOfAnonymousClasses_75%": 0.0, "NumberOfStringLiterals_count": 0.005234245356561267, "MaxNumberOfNestedBlocks_max": 0.00351670615264645, "Returns_max": 0.003523965984517901, "LOCMethod_CK_count": 0.0054857775908573, "NumberOfParenthesizedExps_min": 0.0006240494172241446, "NumberOfMathOperations_min": 0.00045139658646543135, "NumberOfComparisons_min": 0.0003964392242742922, "NumberOfInnerClasses_min": 0.0, "NumberOfModifiers_mean": 0.017048479801214874, "NumberOfUniqueWords_count": 0.004980099239357031, "NumberOfLogStatements_std": 0.00013015412266825191, "LOCMethod_CK_mean": 0.011025402598895688, "NumberOfParameters_CK_50%": 0.01124970204553379, "NumberOfComparisons_50%": 0.00116632492698881, "NumberOfAssignments_50%": 0.004933952519737349, "NumberOfNumbers_mean": 0.006135098996000333, "MaxNumberOfNestedBlocks_50%": 0.00200981526264632, "NumberOfVariables_mean": 0.007632637633095284, "NumberOfInnerClasses_50%": 0.0, "NumberOfTryCatch_count": 0.004708115586439844, "CBO_mean": 0.02561324824287727, "NumberOfAssignments_25%": 0.003777193547769636, "NumberOfLogStatements_75%": 0.0, "NumberOfNumbers_25%": 0.0032121234686377986, "NumberOfUniqueWords_75%": 0.014145153153277515, "MaxNumberOfNestedBlocks_min": 0.0010407219518935068, "Returns_count": 0.004694015312363481, "CBO_50%": 0.014932758495111519, "Returns_mean": 0.007978052240848604, "NumberOfModifiers_count": 0.004188674818865919, "WMC_CK_75%": 0.004400371569025842, "NumberOfVariables_max": 0.006917999220272423, "NumberOfLogStatements_count": 0.004785603550812325, "IsConstructor_freq": 0.006587037739750425, "NumberOfVariables_min": 0.0033306472773955574, "NumberOfLoops_75%": 0.0025019858995833076, "NumberOfVariables_75%": 0.0052863591065841166, "NumberOfComparisons_count": 0.0046653570330392686, "NumberOfTryCatch_max": 0.0027459422674486074, "NumberOfComparisons_25%": 0.0013020050358024896, "NumberOfAnonymousClasses_25%": 2.656590931146101e-05, "NumberOfMathOperations_count": 0.004069792842354231, "MaxNumberOfNestedBlocks_25%": 0.0030768742610895205, "NumberOfUniqueWords_50%": 0.013048191387863171, "NumberOfLogStatements_min": 0.0, "NumberOfNumbers_50%": 0.0035369418418324822, "NumberOfInnerClasses_std": 0.0, "NumberOfInnerClasses_75%": 0.0, "NumberOfParameters_CK_25%": 0.01464429401534047, "NumberOfLambdas_std": 0.001193221385280453, "NumberOfParenthesizedExps_count": 0.004822632313073897, "NumberOfLoops_std": 0.003274458349532345, "CBO_min": 0.010365064832025296,