{"accuracy_score": 0.9463414634146341, "precision_score": 0.022727272727272728, "recall_score": 0.07692307692307693, "f1_score": 0.03508771929824561, "roc_auc_score": 0.5834600182426268, "pr_auc_score": 0.015187460827101653}