{"ThrowsCount": 0.0136767329651558, "NOP": 0.003968967265341846, "NumberOfVariables": 0.0249415968136211, "NumberOfComparisons": 0.005551959631537893, "CyclomaticComplexity": 0.012549203384785703, "NPathComplexity": 0.016143421320737032, "NumberOfModifiers": 0.016659683268925116, "NumberOfLogStatements": 0.00296772863701662, "Statements": 0.02717580974656161, "NumberOfPublicMethods_Checkstyle": 0.011394010596782246, "Fout": 0.011401688493508338, "NestedForDepth": 0.0002297308616677724, "Fin": 0.0011250640385757267, "VG": 0.014380414322050934, "NumberOfProtectedMethod": 0.0008538292204918038, "IsConstructor": 0.004101234767502951, "NumberOfUniqueWords": 0.09005087911707083, "NCSSForThisMethod": 0.037694766190497574, "NVAR": 0.009698226404241169, "NCSSForThisFile": 0.009975708631132004, "NumberOfPrivateMethod": 0.001085391729471456, "NumberOfAssignments": 0.030359396354401262, "NumberOfNumbers": 0.030868098390222334, "FileLength": 0.009930924577417923, "NumberOfTryCatch": 0.00038618527325458095, "NBD": 0.016231369134005153, "NumberOfMathOperations": 0.0022875493392200646, "IOVars": 0.009485967132020306, "NestedTryDepth": 0.00022090439256737424, "LOCMethod_CK": 0.044926412215553, "NumberOfMethods_Checkstyle": 0.01232063734175291, "MethodLength": 0.06843599702131554, "AnonymousInnerClassLength": 0.005609267146339246, "NumberOfLambdas": 0.0, "MCLC": 0.012566031443406726, "Si": 0.010592471064273173, "Calls": 0.05108088868109794, "Complexity": 0.013987047041731591, "NumberOfInnerClasses": 0.0, "NumberOfParameters_CK": 0.0080980773986987, "ClassDataAbstractionCoupling": 0.011111264532276692, "RFC": 0.06404149304609433, "Maximum Depth": 0.0142999832788675, "NumberOfLoops": 0.004765324874733025, "BooleanExpressionComplexity": 0.0016709796075089227, "NumberOfPackageMethod": 2.1958146239824663e-06, "Di": 0.012703563638942627, "CBO": 0.0837179299039375, "Returns": 0.010968032288467247, "ClassFanOutComplexity": 0.01640613005721361, "NCSSForThisClass": 0.0177241928439576, "WMC_CK": 0.017554348860364492, "ExecutableStatementCount": 0.0334950445701558, "NumberOfParenthesizedExps": 0.0013825790754913067, "NCOMP": 0.009025039960432262, "NumberOfStringLiterals": 0.03739749614093797, "MaxNumberOfNestedBlocks": 0.004975073523137951, "NumberOfAnonymousClasses": 3.4335390195908356e-05, "Ci": 0.014373964681280237, "NestedIfElseDepth": 0.0013377565574275963}