{"accuracy_score": 0.9767357324609233, "precision_score": 0.0, "recall_score": 0.0, "f1_score": 0.0, "roc_auc_score": 0.6039555774368246, "pr_auc_score": 0.027126314309925688}