{"NumberOfModifiers": 0.23921649364680922, "Maximum Depth": 0.09132890095087669, "NumberOfMathOperations": 0.17617607000386276, "MaxNumberOfNestedBlocks": 0.4932785353984513}