{"accuracy_score": 0.9950315075133301, "precision_score": 0.0, "recall_score": 0.0, "f1_score": 0.0, "roc_auc_score": 0.5149263273258645, "pr_auc_score": 0.0035203523515302143}