;NumberOfModifiers;Maximum Depth;NumberOfMathOperations;BuggedMethods;MaxNumberOfNestedBlocks
count;7760.0;7760.0;7760.0;7760;7760.0
unique;;;;2;
top;;;;False;
freq;;;;7667;
mean;1.073582474226804;0.6896907216494845;0.36997422680412373;;0.19574742268041237
std;16.626233060361198;1.2210707165318009;1.569739130429288;;0.5832719511157975
min;0.0;0.0;0.0;;0.0
25%;0.0;0.0;0.0;;0.0
50%;0.0;0.0;0.0;;0.0
75%;1.0;2.0;0.0;;0.0
max;1025.0;8.0;28.0;;7.0
