{"NumberOfInnerClasses": 0.0, "FileLength": 0.004856429266485113, "NumberOfPublicMethods_Checkstyle": 0.00202028416577374, "NumberOfStringLiterals": 0.008762359442957795, "NumberOfLambdas": 0.0, "NumberOfModifiers": 0.016669607624731644, "ThrowsCount": 0.0004840838966842012, "CyclomaticComplexity": 0.07069907949891999, "Fout": 0.02972266865432142, "Di": 0.005642680832282768, "NCSSForThisFile": 0.0010873361173432676, "NumberOfAnonymousClasses": 0.0, "NumberOfMethods_Checkstyle": 0.002470429588815185, "NumberOfAssignments": 0.011567195212540442, "NumberOfUniqueWords": 0.03259325136995567, "Ci": 0.04235484618350965, "NBD": 0.08231886613817375, "LOCMethod_CK": 0.052255716729610276, "Si": 0.031484636874134345, "NumberOfLoops": 0.0017183533389957234, "NestedForDepth": 0.0, "NCSSForThisMethod": 0.035792560994254444, "NumberOfParameters_CK": 0.0004214438044914641, "NCOMP": 0.04332352503022589, "NumberOfMathOperations": 0.0013626299418921827, "BooleanExpressionComplexity": 0.0036482996834532456, "Fin": 0.0, "NCSSForThisClass": 0.007471650510658008, "MaxNumberOfNestedBlocks": 0.019206942316974677, "MCLC": 0.0424388730720818, "MethodLength": 0.04215189634126977, "IsConstructor": 0.0, "AnonymousInnerClassLength": 0.0, "NPathComplexity": 0.016238628893163274, "ClassFanOutComplexity": 0.0037994778251832454, "NumberOfNumbers": 0.005232167732195192, "NumberOfLogStatements": 0.0, "NestedTryDepth": 0.0, "IOVars": 0.0005781076984261048, "Returns": 0.0029199125600378457, "NumberOfComparisons": 0.08427596107314095, "VG": 0.042712659900602426, "NumberOfProtectedMethod": 0.0, "NumberOfPrivateMethod": 0.004179165863168075, "ExecutableStatementCount": 0.03780839864577237, "NumberOfTryCatch": 0.0, "CBO": 0.014732896421615613, "NVAR": 0.07486535742474969, "ClassDataAbstractionCoupling": 0.0034740977522546147, "NumberOfVariables": 0.008406499319413405, "NumberOfParenthesizedExps": 0.012620102042279204, "NestedIfElseDepth": 0.0015709239328732135, "NOP": 0.0012637482440678127, "RFC": 0.015557089273820482, "WMC_CK": 0.07723915731636143, "NumberOfPackageMethod": 1.4503386077044133e-09}