{"NVAR": 0.08706602485321208, "NBD": 0.10300214949521798, "NCOMP": 0.13201766744134052, "IOVars": 0.03343809079234719, "Si": 0.02648709887929749, "Ci": 0.05566782607267377, "Fin": 0.12771210956506812, "MCLC": 0.148417077085983, "Fout": 0.024921074107490924, "VG": 0.1755559798110429, "Di": 0.05332310140574338, "NOP": 0.032391800490582504}