{"accuracy_score": 0.9886100386100386, "precision_score": 0.0, "recall_score": 0.0, "f1_score": 0.0, "roc_auc_score": 0.5791853731537511, "pr_auc_score": 0.006999416918693251}