{"Volume": 0.024320809265248607, "blame_merge_blame_getEffort_min": 0.0, "blamemerge_blamegetVolume_std": 0.025938492922214732, "FileLength_75%": 0.005279423441836746, "blame_merge_blame_getLength_min": 0.0, "AnonymousInnerClassLength_min": 2.384094271113499e-05, "blamemerge_blamegetEffort_mean": 0.0204888762964443, "blame_merge_blame_getLength_max": 0.0, "blamemerge_blamegetVolume_mean": 0.019988582105756096, "NumberOfDistinctOperands": 0.02621737826092255, "AnonymousInnerClassLength_25%": 2.0268539882895385e-05, "blame_merge_blame_getDifficulty_std": 0.0, "blamemerge_blamegetLength_std": 0.028641140319231925, "blamemerge_blamegetVocabulary_count": 0.025404503311063628, "MethodLength_max": 0.017425648773118096, "blame_merge_blame_getVocabulary_mean": 0.0, "blamemerge_blamegetDifficulty_std": 0.023345662377160004, "MethodLength_min": 0.008185112949263768, "blame_merge_blame_getVolume_min": 0.0, "MethodLength_75%": 0.017538686179366967, "blamemerge_blamegetEffort_max": 0.03134008658652826, "blamemerge_blamegetVolume_max": 0.0231975537853485, "FileLength_count": 0.016245103995476167, "MethodLength_std": 0.01845494704762888, "MethodLength_25%": 0.011396875049594905, "blamemerge_blamegetVocabulary_mean": 0.021454103704904973, "blame_merge_blame_getDifficulty_count": 0.0, "blame_merge_blame_getVolume_max": 0.0, "FileLength_min": 0.00012766931598534083, "blame_merge_blame_getEffort_count": 0.0, "blame_merge_blame_getVolume_mean": 0.0, "FileLength_50%": 0.001687027052645923, "MethodLength_mean": 0.019334793103459296, "blamemerge_blamegetDifficulty_count": 0.02400212876231475, "blamemerge_blamegetLength_mean": 0.020474248309867094, "blame_merge_blame_getEffort_std": 0.0, "AnonymousInnerClassLength_count": 0.016764967507506657, "AnonymousInnerClassLength_max": 0.02346490622204163, "blame_merge_blame_getLength_std": 0.0, "AnonymousInnerClassLength_75%": 0.00285732675124159, "blame_merge_blame_getEffort_max": 0.0, "blamemerge_blamegetVolume_count": 0.024351471739216538, "blame_merge_blame_getVocabulary_max": 0.0, "AnonymousInnerClassLength_std": 0.01667691913884045, "TotalNumberOfOperators": 0.024970618671644247, "blame_merge_blame_getVocabulary_count": 0.0, "blame_merge_blame_getLength_mean": 0.0, "blame_merge_blame_getVocabulary_std": 0.0, "blame_merge_blame_getDifficulty_min": 0.0, "Effort": 0.02568541202215144, "FileLength_25%": 0.0010611237972576414, "blame_merge_blame_getDifficulty_max": 0.0, "blame_merge_blame_getVocabulary_min": 0.0, "blamemerge_blamegetLength_count": 0.025293151412866748, "blamemerge_blamegetLength_max": 0.01983246572778423, "blamemerge_blamegetDifficulty_mean": 0.01993612960622373, "blame_merge_blame_getVolume_std": 0.0, "blame_merge_blame_getVolume_count": 0.0, "Vocabulary": 0.02286194016867349, "AnonymousInnerClassLength_mean": 0.013467393918183202, "MethodLength_count": 0.0160872947728462, "blamemerge_blamegetVocabulary_std": 0.023656642619163126, "FileLength_std": 0.025291333714074174, "blame_merge_blame_getEffort_mean": 0.0, "blamemerge_blamegetEffort_std": 0.02269120381170163, "blamemerge_blamegetDifficulty_max": 0.05054336760171258, "MethodLength_50%": 0.01072057222014793, "FileLength_mean": 0.02349914316054791, "blame_merge_blame_getLength_count": 0.0, "AnonymousInnerClassLength_50%": 8.746142279661927e-05, "blamemerge_blamegetEffort_count": 0.02483492084781937, "NumberOfDistinctOperators": 0.018141115513695454, "Difficulty": 0.028028009858533615, "blame_merge_blame_getDifficulty_mean": 0.0, "TotalNumberOfOperands": 0.025182533523631603, "Length": 0.024128701927405724, "blamemerge_blamegetVocabulary_max": 0.017610069316677884, "FileLength_max": 0.021740840607639103}