{"Fout_max": 0.0024891826256421266, "NVAR_count": 0.005106531665837766, "Si_min": 0.0, "NBD_max": 0.004028496061449451, "blamemerge_blamegetDistinctOperatorsCnt_mean": 0.038470741791813444, "VG_75%": 0.0032650798761366447, "Ci_min": 0.0016256933121435169, "Fout_50%": 4.040954400114876e-05, "blamemerge_blamegetDistinctOperatorsCnt_std": 0.04174092170826834, "Ci_mean": 0.006078007403832219, "NCOMP_mean": 0.006345728733381431, "MCLC_max": 0.007586622532336014, "blame_merge_blame_getDistinctOperatorsCnt_mean": 0.0, "NBD_25%": 0.0017818468403306826, "MCLC_mean": 0.006603675391051832, "NumberOfDistinctOperands": 0.04397429896861199, "Ci_75%": 0.002977635844688185, "Ci_std": 0.005202111125930861, "Fin_min": 0.0, "NBD_mean": 0.0048584004872579845, "blame_merge_blame_getDifficulty_std": 0.0, "Si_25%": 9.868586818075477e-05, "blame_merge_blame_getDistinctOperatorsCnt_count": 0.0, "blame_merge_blame_getDistinctOperatorsCnt_min": 0.0, "blamemerge_blamegetDifficulty_std": 0.046097528935458654, "Fin_max": 0.002247482518432664, "VG_25%": 0.0018584201094043805, "IOVars_25%": 0.0017217841025939191, "Fout_75%": 0.0015960177643195498, "NVAR_75%": 0.0035229787205289546, "NBD_count": 0.00471597870215789, "IOVars_max": 0.004240068196116873, "NCOMP_75%": 0.005853674351737432, "NOP_75%": 0.004336209995117973, "NOP_std": 0.0072049602883719355, "VG_min": 0.0017794028546819817, "Fin_25%": 5.4039470145239304e-05, "NCOMP_25%": 0.0022201957587634383, "Si_mean": 0.004100029625105699, "blamemerge_blamegetDistinctOperandsCnt_max": 0.027210382942612524, "blame_merge_blame_getDistinctOperandsCnt_mean": 0.0, "Di_std": 0.008804696622779861, "NVAR_min": 0.0009437132256820397, "NVAR_max": 0.0034243508179846727, "Fout_min": 4.6693087398298746e-06, "blame_merge_blame_getDistinctOperandsCnt_max": 0.0, "NOP_count": 0.004922715504291731, "IOVars_count": 0.0045430419460121, "Ci_25%": 0.002348601859822633, "Di_min": 0.0024992351530383535, "blamemerge_blamegetDistinctOperandsCnt_mean": 0.03914708398119474, "Si_75%": 0.0015957704460068322, "blame_merge_blame_getDifficulty_count": 0.0, "MCLC_75%": 0.004942863816434401, "Si_count": 0.004741064426108373, "NBD_std": 0.005130838599742929, "blamemerge_blamegetDistinctOperatorsCnt_max": 0.025071840735091763, "blamemerge_blamegetDifficulty_count": 0.04918727720715022, "ClTCi": 0.017227045353759327, "NCOMP_50%": 0.0020299551529551632, "IOVars_50%": 0.003245343953283032, "IOVars_75%": 0.003534954509489942, "NBD_min": 0.0012485192059781304, "NVAR_50%": 0.0020200748840160797, "Fin_count": 0.004384472307177053, "NOP_50%": 0.0023317962680733935, "NBD_50%": 0.004028023200727198, "NVAR_mean": 0.005150713602030205, "ClRCi": 0.019300476780053855, "MCLC_25%": 0.0022620111892932126, "Fin_50%": 0.00012458396733796165, "NVAR_25%": 0.0015388354175861067, "Fout_count": 0.0048395239150718266, "VG_count": 0.004464741932197005, "NOP_min": 0.0009610235115265662, "NCOMP_max": 0.006943863640999408, "blamemerge_blamegetDistinctOperatorsCnt_count": 0.05003505797535175, "blame_merge_blame_getDistinctOperandsCnt_count": 0.0, "VG_50%": 0.002238551352889085, "blame_merge_blame_getDifficulty_min": 0.0, "blamemerge_blamegetDistinctOperandsCnt_count": 0.04618651501749445, "Fout_std": 0.003685020145096439, "Ci_max": 0.0041504020764474535, "Fout_25%": 1.4158430667864652e-05, "Fin_std": 0.002890205935552544, "blame_merge_blame_getDifficulty_max": 0.0, "Di_max": 0.004332774215683052, "blame_merge_blame_getDistinctOperatorsCnt_std": 0.0, "blamemerge_blamegetDifficulty_mean": 0.039101647498617755, "Si_std": 0.004125313831913728, "Di_25%": 0.0021950939360641042, "NOP_max": 0.003692184128877946, "IOVars_std": 0.009365907929906235, "Fout_mean": 0.004494498472530634, "Ci_count": 0.005222567362400594, "Si_50%": 9.343783909388382e-05, "blamemerge_blamegetDistinctOperandsCnt_std": 0.04092851191844882, "Di_count": 0.0051482306977886335, "VG_mean": 0.005129782350002439, "blamemerge_blamegetDifficulty_max": 0.057947792019923054, "MCLC_min": 0.0007136761289044025, "Di_75%": 0.0027498154771728118, "VG_max": 0.005707068393677865, "MCLC_50%": 0.002824091945638852, "Fin_75%": 0.0038648565400913044, "MCLC_std": 0.0062520251619024424, "Di_50%": 0.005208074430423504, "NCOMP_count": 0.00511832895902179, "Si_max": 0.0026912713006081493, "VG_std": 0.005416641312541631, "MCLC_count": 0.00512112445567805, "Fin_mean": 0.003083573479550847, "NOP_25%": 0.002032959418643202, "Ci_50%": 0.0033623761138394763, "NCOMP_min": 0.00041083023922010894, "NumberOfDistinctOperators": 0.03083271614921802, "Difficulty": 0.04639885545189503, "NBD_75%": 0.004553553797700347, "blame_merge_blame_getDifficulty_mean": 0.0, "NCOMP_std": 0.005194724405532855, "IOVars_min": 0.0012974981551813073, "blame_merge_blame_getDistinctOperandsCnt_std": 0.0, "Di_mean": 0.0064649679739561625, "blame_merge_blame_getDistinctOperatorsCnt_max": 0.0, "IOVars_mean": 0.005825031060880865, "blame_merge_blame_getDistinctOperandsCnt_min": 0.0, "NOPa": 0.0, "NOP_mean": 0.005028248277207921, "NVAR_std": 0.004893091678683218}