{"issues_priorityBlocker_min": 2.542842870667442e-05, "blame_merge_resolutionWontFix_count": 0.0, "blame_merge_issuetypeTask_max": 0.0, "blamemerge_blamegetVolume_std": 0.006564353261254691, "blamemerge_issuetypeTask_mean": 0.0049507019167112695, "blame_merge_issuetypeBug_count": 0.0, "issues_changes_count": 0.007206586641001306, "blame_merge_count": 0.005674692043767252, "blame_merge_resolutionFixed_std": 0.0, "blame_merge_blame_getDistinctOperatorsCnt_min": 0.0, "blamemerge_priorityMajor_count": 0.005419582838576473, "blame_merge_blame_getLength_count": 0.0, "issues_issuetypeBug_max": 0.0006180510825027373, "issues_resolutionIncomplete_count": 0.0064183433964798906, "fixes_insertions_max": 0.017648790896741397, "issues_deletions_min": 0.0012961489372635966, "blame_merge_blame_getDifficulty_min": 0.0, "blame_merge_issuetypeSubtask_mean": 0.0, "blamemerge_issuetypeNewFeature_count": 0.005264036980920138, "blamemerge_issuetypeTask_max": 0.0005243235331552287, "blamemerge_resolutionFixed_std": 0.0003957428960800146, "blame_merge_resolutionFixed_count": 0.0, "fixes_changes_min": 0.002871854400036442, "blamemerge_issuetypeImprovement_std": 0.004932940116351715, "blame_merge_priorityTrivial_std": 0.0, "non_fixes_changes_max": 0.0, "issues_issuetypeWish_std": 0.0007034927712489752, "blamemerge_blamegetEffort_max": 0.017277923525543706, "issues_issuetypeNewFeature_std": 0.00474845920972476, "blamemerge_priorityMajor_mean": 0.0045046933847164685, "issues_changes_mean": 0.008703108761007742, "blamemerge_resolutionFixed_min": 0.00012653347691959557, "blame_merge_priorityBlocker_max": 0.0, "fixes_deletions_count": 0.017548724302612995, "blame_merge_issuetypeImprovement_min": 0.0, "issues_count": 0.0048293678304566256, "issues_issuetypeWish_max": 0.00023263454938364452, "blame_merge_blame_getVocabulary_max": 0.0, "blamemerge_resolutionWontFix_count": 0.006126268015649588, "blamemerge_issuetypeWish_count": 0.004637087337868778, "blame_merge_blame_getLength_max": 0.0, "blame_merge_issuetypeBug_mean": 0.0, "fixes_changes_max": 0.010073456401334021, "blame_merge_resolutionPendingClosed_min": 0.0, "blamemerge_blamegetDistinctOperatorsCnt_std": 0.0050874357552455575, "issues_priorityTrivial_count": 0.005756903491002849, "blamemerge_blamegetLength_std": 0.005579726098217938, "blame_merge_blame_getDistinctOperandsCnt_count": 0.0, "blamemerge_blamegetLength_count": 0.004654559082731782, "blamemerge_issuetypeImprovement_max": 0.000607252822741596, "issues_issuetypeNewFeature_mean": 0.004017286656508057, "issues_insertions_min": 0.0031203694296896597, "issues_priorityCritical_min": 0.0, "blamemerge_blamegetDistinctOperatorsCnt_mean": 0.007458218220721727, "blamemerge_issuetypeNewFeature_mean": 0.008715557881038463, "blamemerge_priorityMinor_count": 0.005735613107736878, "blamemerge_issuetypeTask_std": 0.007448117107243429, "blame_merge_resolutionFixed_min": 0.0, "blamemerge_blamegetVocabulary_count": 0.006450519923832276, "issues_priorityMinor_max": 0.0007490690863752806, "blame_merge_blame_getVocabulary_std": 0.0, "blame_merge_blame_getEffort_min": 0.0, "blame_merge_blame_getEffort_std": 0.0, "blamemerge_issuetypeSubtask_max": 0.0006807134384175298, "blamemerge_priorityCritical_max": 0.0009666506660398902, "blamemerge_blamegetDistinctOperandsCnt_std": 0.006345503047551657, "non_fixes_deletions_std": 0.0, "blame_merge_blame_getVolume_std": 0.0, "issues_issuetypeBug_std": 0.0060110276338922585, "blame_merge_resolutionWontFix_mean": 0.0, "blamemerge_issuetypeWish_mean": 0.0004314539045420675, "issues_issuetypeWish_count": 0.006045156449146858, "blamemerge_blamegetVolume_count": 0.00552746877263566, "blamemerge_priorityMinor_mean": 0.0028519375213823207, "blame_merge_issuetypeNewFeature_mean": 0.0, "blamemerge_priorityTrivial_max": 0.0006027903059138269, "fixes_count": 0.013295589091503248, "blame_merge_resolutionNotAProblem_count": 0.0, "blame_merge_resolutionFixed_max": 0.0, "issues_deletions_max": 0.0068434482975254, "blame_merge_blame_getDistinctOperandsCnt_mean": 0.0, "blame_merge_blame_getVolume_mean": 0.0, "blamemerge_blamegetDifficulty_std": 0.0058998808145328124, "fixes_insertions_std": 0.01190386386038812, "blame_merge_priorityBlocker_count": 0.0, "blame_merge_resolutionFixed_mean": 0.0, "blame_merge_issuetypeTask_count": 0.0, "blamemerge_resolutionNone_max": 5.494002508787901e-05, "blame_merge_issuetypeNewFeature_std": 0.0, "blamemerge_resolutionFixed_count": 0.005344021258872104, "blame_merge_priorityBlocker_min": 0.0, "blamemerge_priorityTrivial_mean": 0.0006808263561391778, "blamemerge_priorityCritical_std": 0.0015742640941052374, "blame_merge_resolutionDuplicate_mean": 0.0, "issues_resolutionNone_mean": 0.0001424293360348792, "blamemerge_blamegetTotalOperatorsCnt_mean": 0.006814096262808848, "blame_merge_resolutionDuplicate_min": 0.0, "blamemerge_resolutionFixed_mean": 0.00036609402185594926, "non_fixes_deletions_min": 0.0, "blame_merge_blame_getDistinctOperatorsCnt_std": 0.0, "issues_deletions_mean": 0.008489291954512881, "issues_priorityMajor_max": 6.148886290569365e-05, "blame_merge_priorityTrivial_count": 0.0, "issues_resolutionFixed_min": 0.0002741040711424799, "blamemerge_blamegetDistinctOperandsCnt_max": 0.012685840754970435, "blame_merge_issuetypeWish_min": 0.0, "blame_merge_issuetypeBug_min": 0.0, "fixes_changes_std": 0.006057487106302265, "blame_merge_resolutionCannotReproduce_min": 0.0, "blame_merge_resolutionNone_count": 0.0, "blame_merge_resolutionNotAProblem_min": 0.0, "issues_issuetypeSubtask_count": 0.005724672713694231, "blame_merge_issuetypeTest_max": 0.0, "blamemerge_blamegetDifficulty_max": 0.008887993809010978, "blamemerge_priorityMajor_max": 4.623122440583685e-05, "blamemerge_priorityMinor_std": 0.002711318157479238, "issues_resolutionNotAProblem_mean": 0.0, "issues_priorityCritical_std": 0.002197971679718613, "issues_issuetypeSubtask_std": 0.0012632282596687662, "issues_resolutionIncomplete_max": 0.0, "issues_resolutionNotAProblem_count": 0.00582196394250275, "issues_resolutionPendingClosed_std": 0.0, "blamemerge_issuetypeSubtask_count": 0.00472911887865263, "issues_issuetypeTest_max": 0.0, "blame_merge_issuetypeImprovement_std": 0.0, "issues_changes_max": 0.020168073488983446, "blame_merge_priorityTrivial_min": 0.0, "blamemerge_priorityBlocker_std": 0.006746835699804681, "blame_merge_issuetypeSubtask_count": 0.0, "issues_resolutionDuplicate_max": 0.0, "blame_merge_blame_getTotalOparandsCnt_min": 0.0, "blamemerge_issuetypeSubtask_std": 0.0015856304908482455, "blame_merge_priorityTrivial_mean": 0.0, "issues_insertions_count": 0.005906510976905622, "fixes_changes_count": 0.015319844347221863, "issues_priorityCritical_mean": 0.0016347454116463973, "blame_merge_resolutionNotAProblem_std": 0.0, "blame_merge_blame_getDistinctOperandsCnt_max": 0.0, "blame_merge_issuetypeWish_std": 0.0, "issues_resolutionDuplicate_mean": 0.0, "blamemerge_resolutionIncomplete_count": 0.005233553796437447, "issues_deletions_std": 0.008450661785582255, "blamemerge_resolutionNone_count": 0.005128370429717435, "blamemerge_priorityCritical_mean": 0.001891532481080475, "blamemerge_issuetypeTask_min": 0.00015436028474080033, "issues_issuetypeNewFeature_min": 0.0, "blame_merge_issuetypeSubtask_min": 0.0, "fixes_insertions_mean": 0.00769079423519109, "blame_merge_resolutionCannotReproduce_count": 0.0, "issues_issuetypeNewFeature_max": 0.0011376415253734485, "issues_resolutionPendingClosed_max": 0.0, "blame_merge_issuetypeWish_mean": 0.0, "blame_merge_issuetypeSubtask_std": 0.0, "blame_merge_resolutionNone_min": 0.0, "blamemerge_blamegetVolume_max": 0.016769566021442157, "blame_merge_blame_getLength_std": 0.0, "blamemerge_blamegetVocabulary_max": 0.010353959991372614, "blame_merge_priorityMinor_min": 0.0, "issues_priorityBlocker_max": 0.004172810210415264, "blame_merge_issuetypeTest_std": 0.0, "blamemerge_blamegetVolume_mean": 0.007046443653675902, "blamemerge_issuetypeImprovement_count": 0.005612995184627556, "issues_resolutionNone_min": 0.0,