{"accuracy_score": 0.6872309899569584, "precision_score": 0.23873873873873874, "recall_score": 0.5196078431372549, "f1_score": 0.3271604938271605, "roc_auc_score": 0.6096391497775581, "pr_auc_score": 0.2758073657093416}