{"accuracy_score": 0.9800210304942166, "precision_score": 0.06666666666666667, "recall_score": 0.04, "f1_score": 0.05, "roc_auc_score": 0.7440490143846563, "pr_auc_score": 0.04059646224806758}