{"NCSSForThisFile_max": 0.013096340103438277, "NCSSForThisMethod_mean": 0.01281252608817705, "ClassFanOutComplexity_max": 0.019003931885135987, "FileLength_max": 0.016891154807730745, "NestedIfElseDepth_75%": 0.0025844092843938173, "CyclomaticComplexity_count": 0.005330284954557403, "ExecutableStatementCount_max": 0.0131343680261583, "NumberOfPrivateMethod_max": 0.015388792237809827, "ClassFanOutComplexity_50%": 0.006255889728229577, "ClassDataAbstractionCoupling_50%": 0.001342452193996706, "MethodLength_count": 0.0053941009189174965, "NCSSForThisFile_50%": 0.007452794046861688, "BooleanExpressionComplexity_min": 0.0055704174583359, "NCSSForThisFile_75%": 0.009216183789462071, "CyclomaticComplexity_min": 0.00835874361209819, "NCSSForThisFile_25%": 0.007908077572606613, "ClassFanOutComplexity_count": 0.005427075899658772, "ClassFanOutComplexity_min": 0.007405403118284521, "NumberOfPackageMethod_max": 0.00042806661580090707, "NumberOfPrivateMethod_75%": 0.003659783262962127, "AnonymousInnerClassLength_max": 0.0017713810492114993, "NumberOfPackageMethod_min": 3.661671633650782e-07, "CyclomaticComplexity_max": 0.008951478804961267, "FileLength_std": 0.01127841826933532, "NestedIfElseDepth_mean": 0.005674860198418616, "NestedTryDepth_std": 0.0040413489288864705, "NestedForDepth_50%": 9.716724026166194e-05, "NumberOfProtectedMethod_max": 0.0006704081422270521, "ClassFanOutComplexity_std": 0.007523279100161412, "MethodLength_min": 0.011539077787589086, "NCSSForThisClass_25%": 0.006286952771046507, "ExecutableStatementCount_25%": 0.010709509609842448, "ExecutableStatementCount_min": 0.011852726105015497, "AnonymousInnerClassLength_mean": 0.0017859170522979248, "NCSSForThisClass_min": 0.005097947482474989, "ClassDataAbstractionCoupling_std": 0.004736990940549293, "ClassDataAbstractionCoupling_25%": 0.001403653004913313, "AnonymousInnerClassLength_50%": 0.0, "NumberOfPublicMethods_Checkstyle_count": 0.00495047849106242, "NestedIfElseDepth_max": 0.005129426698607382, "MethodLength_75%": 0.012124172834557943, "NumberOfProtectedMethod_25%": 0.001380566589116591, "NumberOfPackageMethod_50%": 0.0, "NestedForDepth_max": 0.0010534106502644992, "AnonymousInnerClassLength_25%": 0.0, "BooleanExpressionComplexity_50%": 0.007764828105438422, "NumberOfPublicMethods_Checkstyle_25%": 0.0022477276588935757, "ClassDataAbstractionCoupling_mean": 0.006550557089228167, "FileLength_count": 0.00561346899428359, "NestedTryDepth_mean": 0.002969279207473883, "FileLength_75%": 0.009751824807393332, "CyclomaticComplexity_mean": 0.011272605424987632, "NumberOfMethods_Checkstyle_25%": 0.002168480282714336, "FileLength_25%": 0.00851293791259342, "BooleanExpressionComplexity_75%": 0.005668087485086128, "NCSSForThisClass_50%": 0.0054645675044560724, "NumberOfMethods_Checkstyle_max": 0.007566553156377555, "NPathComplexity_50%": 0.011362299585683158, "NumberOfPrivateMethod_mean": 0.008305150906013298, "NumberOfPublicMethods_Checkstyle_min": 0.0023119099918658716, "NumberOfPublicMethods_Checkstyle_std": 0.006386501080603924, "ThrowsCount_50%": 0.00336062218006497, "BooleanExpressionComplexity_count": 0.006167638417526448, "NumberOfProtectedMethod_mean": 0.00147430649421273, "NCSSForThisClass_75%": 0.006814290463823166, "NestedIfElseDepth_25%": 0.0012381817093677387, "NestedForDepth_mean": 0.0007990963004256275, "NumberOfPackageMethod_25%": 0.0, "MethodLength_25%": 0.010295179608254618, "NestedTryDepth_75%": 0.00409122385082016, "BooleanExpressionComplexity_std": 0.004332672481686085, "ThrowsCount_max": 0.004203688836136199, "NumberOfProtectedMethod_std": 0.00048203577055174797, "NestedTryDepth_min": 5.886099471670615e-05, "NumberOfPublicMethods_Checkstyle_75%": 0.003810339580576807, "NPathComplexity_75%": 0.010503794317001783, "NCSSForThisFile_min": 0.005772348893291614, "CyclomaticComplexity_std": 0.006553562152010631, "NumberOfProtectedMethod_50%": 0.0011035876270031255, "NumberOfPrivateMethod_min": 0.0005309769536606881, "ThrowsCount_75%": 0.0035694235873979423, "NestedTryDepth_25%": 0.0, "AnonymousInnerClassLength_std": 0.001299395916832774, "NPathComplexity_count": 0.004611274472925017, "CyclomaticComplexity_75%": 0.008611156982959611, "NCSSForThisMethod_25%": 0.011550550686472726, "ClassDataAbstractionCoupling_max": 0.009766524689788588, "ExecutableStatementCount_50%": 0.009999243209555773, "NumberOfPrivateMethod_std": 0.016223609308824452, "MethodLength_mean": 0.013656886279722277, "NCSSForThisFile_count": 0.005740977164899915, "NestedForDepth_75%": 0.00016398244217142682, "NestedForDepth_25%": 0.00020823606131798784, "ClassFanOutComplexity_75%": 0.008881936254927293, "NestedForDepth_min": 7.246891219494168e-05, "ExecutableStatementCount_75%": 0.011234147718942183, "BooleanExpressionComplexity_25%": 0.005565700909144062, "NumberOfProtectedMethod_count": 0.006537415460410952, "NPathComplexity_min": 0.00795933547950261, "NCSSForThisClass_max": 0.014072441223310967, "NPathComplexity_std": 0.007159376561977881, "AnonymousInnerClassLength_count": 0.005324266122364044, "NCSSForThisMethod_75%": 0.012039750781295384, "NumberOfMethods_Checkstyle_min": 0.0019881610997771627, "FileLength_min": 0.0065468565378024, "BooleanExpressionComplexity_mean": 0.009133905590001852, "FileLength_50%": 0.008520611411571644, "NumberOfMethods_Checkstyle_50%": 0.0015512113371226493, "NestedTryDepth_max": 0.0007105327076951164, "CyclomaticComplexity_25%": 0.007172174912997763, "NCSSForThisFile_std": 0.009392126469499855, "CyclomaticComplexity_50%": 0.009339056457961474, "ClassDataAbstractionCoupling_75%": 0.002695264652774633, "NumberOfMethods_Checkstyle_75%": 0.0037247354704467947, "NestedTryDepth_count": 0.00596315470918618, "ExecutableStatementCount_mean": 0.012576100621984807, "ThrowsCount_count": 0.004994277212878762, "NumberOfPrivateMethod_50%": 0.0008304809897908456, "AnonymousInnerClassLength_75%": 0.0, "NumberOfMethods_Checkstyle_std": 0.007028357817269502, "NCSSForThisMethod_count": 0.00542952573315844, "NumberOfPrivateMethod_25%": 0.0012884878549233967, "MethodLength_50%": 0.010153599695229188, "NumberOfPublicMethods_Checkstyle_mean": 0.007499573656567483, "MethodLength_max": 0.014582692646981477, "NumberOfMethods_Checkstyle_count": 0.005862469283324802, "ThrowsCount_min": 0.003972611431605589, "NCSSForThisMethod_std": 0.005268748682880679, "ThrowsCount_mean": 0.007116596753898671, "NPathComplexity_max": 0.011498314005269131, "ExecutableStatementCount_std": 0.005980991116612504, "ExecutableStatementCount_count": 0.005206713744101972, "NumberOfPackageMethod_75%": 1.5287636558074382e-06, "NestedForDepth_count": 0.004892617371405714, "NumberOfMethods_Checkstyle_mean": 0.003726430783217704, "ClassFanOutComplexity_25%": 0.006627427299322575, "NumberOfPackageMethod_mean": 0.000738613724456157, "ThrowsCount_25%": 0.0027042351938210193, "ClassFanOutComplexity_mean": 0.012858423717841655, "NPathComplexity_25%": 0.00967317081599054, "NestedIfElseDepth_std": 0.004502156319075899, "NCSSForThisClass_count": 0.005714974116880994, "NCSSForThisMethod_50%": 0.011356651836490518, "NumberOfPackageMethod_count": 0.0053656286808882354, "NestedForDepth_std": 0.0008534185791885542, "NCSSForThisClass_mean": 0.010610471190332456, "NestedIfElseDepth_50%": 0.0019407703009764337, "NumberOfPublicMethods_Checkstyle_max": 0.005437955870977262, "NestedTryDepth_50%": 3.543486894273384e-05, "NestedIfElseDepth_min": 0.0004541339154471191, "NumberOfPrivateMethod_count": 0.0054838374374042275, "NCSSForThisMethod_max": 0.012587409312097063, "MethodLength_std": 0.00716863916503366, "NumberOfPublicMethods_Checkstyle_50%": 0.0018049821344578187, "ClassDataAbstractionCoupling_count": 0.00469159391772999, "NumberOfProtectedMethod_min": 0.0007456390892421092, "BooleanExpressionComplexity_max": 0.005172214726275573, "NCSSForThisMethod_min": 0.012348737188243763, "ThrowsCount_std": 0.0037816037294732094, "NCSSForThisFile_mean": 0.0168085791748435, "ClassDataAbstractionCoupling_min": 0.0008047631348792047,