{"accuracy_score": 0.8912021490933513, "precision_score": 0.15789473684210525, "recall_score": 0.020134228187919462, "f1_score": 0.03571428571428571, "roc_auc_score": 0.6802539316838626, "pr_auc_score": 0.17477250666429672}