{"ExecutableStatementCount": 0.08297480986059398, "NCSSForThisMethod": 0.07292817123677482, "NumberOfMethods_Checkstyle": 0.017813536210373432, "Si": 0.00981852243480801, "CyclomaticComplexity": 0.039706786060475126, "NestedIfElseDepth": 0.006600854957490082, "NumberOfProtectedMethod": 8.433578068376674e-05, "MethodLength": 0.11284772089284661, "ThrowsCount": 0.02336703982880355, "VG": 0.01481264797622145, "MaxNumberOfNestedBlocks": 0.025173864398472055, "NOP": 0.006704948622508477, "NVAR": 0.010249974485963794, "ClassDataAbstractionCoupling": 0.0127270506764562, "NPathComplexity": 0.05652837438384528, "BooleanExpressionComplexity": 0.010502704470069811, "NumberOfMathOperations": 0.03147913130958529, "NumberOfPrivateMethod": 0.010533077383128336, "ClassFanOutComplexity": 0.02983208047422426, "Fin": 0.005188954566087735, "FileLength": 0.04322551781484039, "NumberOfPublicMethods_Checkstyle": 0.013276813304848834, "NumberOfPackageMethod": 0.011568726490216558, "IOVars": 0.010694859731671126, "AnonymousInnerClassLength": 0.0003856374819601562, "NCOMP": 0.02283643221582586, "Maximum Depth": 0.05131720589921614, "NestedForDepth": 0.0007241988975439972, "Fout": 0.009250185556501991, "WMC_CK": 0.033198255382182754, "NestedTryDepth": 0.000502363829565918, "Di": 0.015745935336293822, "NumberOfModifiers": 0.08157333976516366, "NCSSForThisClass": 0.03481250592038457, "MCLC": 0.026796383858846855, "NBD": 0.01251019398795686, "NCSSForThisFile": 0.03514792058070075, "Ci": 0.016558937936867708}