{"NOP_mean": 0.003009300472802834, "Di_50%": 0.0046018579988110105, "Ci_25%": 0.002589833959366069, "blamemerge_blamegetDifficulty_count": 0.06298858428804778, "VG_max": 0.008438548136138889, "Fout_count": 0.015634180935512464, "Ci_count": 0.010588390725590141, "IOVars_50%": 0.003631825733220523, "Fin_75%": 0.0, "Ci_mean": 0.005064872137694264, "Si_mean": 0.0029143802114553535, "Fin_count": 0.015637774795830818, "NVAR_max": 0.006141504315043233, "Fout_25%": 0.0, "Ci_max": 0.007176296432763864, "blamemerge_blamegetDistinctOperatorsCnt_count": 0.06453297589980127, "blame_merge_blame_getDistinctOperatorsCnt_mean": 0.0, "MCLC_min": 0.0, "blame_merge_blame_getDistinctOperandsCnt_min": 0.0, "Si_std": 0.0062889151510844826, "Fin_std": 0.005494736961959936, "IOVars_max": 0.0027775385164936347, "NBD_count": 0.00940978131768764, "blame_merge_blame_getDifficulty_min": 0.0, "blamemerge_blamegetDistinctOperandsCnt_std": 0.041474008874355414, "blame_merge_blame_getDifficulty_std": 0.0, "blamemerge_blamegetDistinctOperatorsCnt_max": 0.030485502725643845, "blamemerge_blamegetDistinctOperandsCnt_mean": 0.03802407319149139, "Fin_50%": 0.0, "NVAR_25%": 0.0, "Fout_min": 0.0, "Difficulty": 0.03802986934751586, "NOP_std": 0.001311207166506882, "VG_std": 0.005978364231870036, "VG_75%": 0.007198299337540887, "Di_min": 0.00472081100358754, "NCOMP_75%": 0.004719225186339246, "IOVars_75%": 0.0025069657032327653, "blame_merge_blame_getDistinctOperatorsCnt_count": 0.0, "Si_75%": 0.0, "MCLC_75%": 0.005887138945512633, "MCLC_std": 0.009297512235752502, "NBD_std": 0.0116186539310521, "Fin_25%": 0.0, "blame_merge_blame_getDistinctOperandsCnt_count": 0.0, "NOP_25%": 0.0007481413875423091, "blame_merge_blame_getDifficulty_count": 0.0, "Si_50%": 0.0, "blamemerge_blamegetDistinctOperatorsCnt_mean": 0.03809794678403841, "MCLC_max": 0.005586461550452547, "blame_merge_blame_getDistinctOperatorsCnt_std": 0.0, "Fin_max": 0.00235080442927096, "NCOMP_25%": 0.0, "blamemerge_blamegetDifficulty_mean": 0.037472472865394034, "Fout_50%": 0.0, "Di_25%": 0.0038885640020392916, "NCOMP_max": 0.004726027291645402, "Fout_75%": 0.0, "IOVars_min": 0.007107272717060555, "NBD_75%": 0.002765330270513039, "IOVars_25%": 0.0033061963912269354, "MCLC_count": 0.008147918037434344, "Fout_max": 0.0032345309840877442, "NVAR_count": 0.012617004391722775, "VG_mean": 0.007883166309048421, "blamemerge_blamegetDistinctOperandsCnt_max": 0.011027928541307875, "MCLC_25%": 0.0, "NBD_25%": 0.0018102879083719224, "blamemerge_blamegetDifficulty_max": 0.02221617573152014, "NBD_max": 0.011169682979649063, "NBD_min": 0.0003749832004588281, "NCOMP_mean": 0.00948247964886635, "Ci_std": 0.007424731176883619, "VG_min": 0.003992085890274583, "IOVars_count": 0.015133203278291258, "blamemerge_blamegetDifficulty_std": 0.04242379690365547, "NCOMP_min": 0.0, "Fout_std": 0.003928187279372943, "NBD_50%": 0.0017550133209177712, "IOVars_std": 0.004188354946422285, "NVAR_min": 0.0, "NCOMP_count": 0.01051261903093462, "NumberOfDistinctOperands": 0.03222882109462632, "Di_75%": 0.0015033794282517574, "NOP_50%": 0.0023553592908775356, "NOP_max": 0.0006888324910765297, "VG_count": 0.014287128288402081, "NVAR_50%": 0.0, "IOVars_mean": 0.005776966500849298, "NCOMP_std": 0.00568796420263226, "Di_std": 0.0009289160309774952, "blame_merge_blame_getDistinctOperatorsCnt_max": 0.0, "blame_merge_blame_getDistinctOperandsCnt_max": 0.0, "MCLC_mean": 0.007696275699975961, "NumberOfDistinctOperators": 0.02369007776984754, "Fin_mean": 0.004334974856016412, "NOP_count": 0.009190741468715055, "Si_max": 0.0046713645532079455, "Si_count": 0.011417394476326132, "NVAR_75%": 0.0, "ClRCi": 0.008666476889483386, "ClTCi": 0.012205474176187309, "NOP_75%": 0.0009416950510919646, "NCOMP_50%": 0.0, "blame_merge_blame_getDifficulty_max": 0.0, "NOP_min": 0.0006714715456074903, "Di_count": 0.010524753956673594, "blamemerge_blamegetDistinctOperandsCnt_count": 0.05503773575371607, "NBD_mean": 0.004884180713412535, "Fin_min": 0.0, "blame_merge_blame_getDifficulty_mean": 0.0, "blamemerge_blamegetDistinctOperatorsCnt_std": 0.029150667192234067, "Si_25%": 0.0, "MCLC_50%": 0.00040109233657620747, "blame_merge_blame_getDistinctOperandsCnt_std": 0.0, "Di_mean": 0.004032365713650438, "NOPa": 0.0, "blame_merge_blame_getDistinctOperatorsCnt_min": 0.0, "Di_max": 0.0011598752013184895, "Ci_50%": 0.0008081475315042791, "Ci_75%": 0.0025128192923975336, "VG_50%": 0.0025963378061529723, "Fout_mean": 0.0029047884261551435, "NVAR_mean": 0.005908284322555009, "VG_25%": 0.0018935137528597037, "Si_min": 0.0, "Ci_min": 0.004747541417728628, "NVAR_std": 0.004950285650804075, "blame_merge_blame_getDistinctOperandsCnt_mean": 0.0}