{"accuracy_score": 0.9784437434279706, "precision_score": 0.05555555555555555, "recall_score": 0.04, "f1_score": 0.046511627906976744, "roc_auc_score": 0.7919126265316996, "pr_auc_score": 0.04744893838958048}