{"accuracy_score": 0.8986301369863013, "precision_score": 0.24390243902439024, "recall_score": 0.1111111111111111, "f1_score": 0.15267175572519084, "roc_auc_score": 0.6373341625207297, "pr_auc_score": 0.19257049215897454}