{"WMC_CK_std": 0.10216926945450186, "WMC": 0.2867361353558971, "WMC_CK_max": 0.05853267649131525, "NOCh": 0.00019207721989542, "WMC_CK_count": 0.09390162563288897, "NMIR": 0.0, "WMC_CK_min": 0.01600399828548131, "DIT": 0.005933489577409007, "NPM": 0.21239733038889555, "NORM": 0.0, "WMC_CK_25%": 0.031815775461214814, "WMC_CK_50%": 0.0359029881121342, "NMI": 0.0, "WMC_CK_75%": 0.058071480055248516, "WMC_CK_mean": 0.09834315396511806}