{"accuracy_score": 0.9641129032258065, "precision_score": 0.125, "recall_score": 0.04225352112676056, "f1_score": 0.06315789473684211, "roc_auc_score": 0.6939382246154386, "pr_auc_score": 0.07832044722294428}