{"RTLOC": 0.1732926029572815, "NSM": 0.08082129080854986, "TLOC": 0.18558518591380146, "NOD": 0.00013646000648691474, "ClRCi": 0.1496178410585769, "ClTCi": 0.18319418571554164, "NPF": 0.0331254717946659, "NSF": 0.07117614991639187, "NOA": 0.0, "NOL": 0.00037482822794887506, "PMd": 0.12267598360075506}