{"accuracy_score": 0.9616935483870968, "precision_score": 0.14705882352941177, "recall_score": 0.07042253521126761, "f1_score": 0.09523809523809525, "roc_auc_score": 0.552321400382369, "pr_auc_score": 0.05167548157666424}