{"accuracy_score": 0.8611111111111112, "precision_score": 0.2602739726027397, "recall_score": 0.38, "f1_score": 0.30894308943089427, "roc_auc_score": 0.8249110320284698, "pr_auc_score": 0.36087499807331685}