{"Statements": 0.015237940350159641, "FileLength": 0.0010399801704455273, "IOVars": 0.013046561637646, "NumberOfMethods_Checkstyle": 0.0007936895486435453, "Maximum Depth": 0.007488646341382921, "NVAR": 0.014219998411048332, "NCSSForThisFile": 0.0012093014080383306, "NumberOfParameters_CK": 0.003933189517435289, "NumberOfLogStatements": 0.0, "BooleanExpressionComplexity": 0.008895658933747691, "NestedTryDepth": 0.0, "NestedForDepth": 0.0, "NumberOfLoops": 0.0006983435989609475, "NCOMP": 0.021303047513604838, "Returns": 0.015377983919086199, "Calls": 0.01963263404302763, "NumberOfVariables": 0.011061637603196482, "ClassFanOutComplexity": 0.0013445662588324366, "NumberOfTryCatch": 0.0002698056064068931, "NBD": 0.014083069637530064, "NumberOfInnerClasses": 0.0, "NumberOfProtectedMethod": 2.300263291798112e-05, "Di": 0.02043451138621072, "ThrowsCount": 0.05268778650437474, "NumberOfMathOperations": 0.0018006358978945678, "NumberOfUniqueWords": 0.19154216914772196, "NOP": 0.004006163429058535, "NPathComplexity": 0.020246908077139518, "CBO": 0.06336411067447552, "RFC": 0.031266174832352674, "NumberOfPrivateMethod": 0.00013944234478271864, "NCSSForThisClass": 0.0009645230228711762, "WMC_CK": 0.017916555916135477, "NumberOfComparisons": 0.013472334732561392, "Ci": 0.018840959333191465, "IsConstructor": 0.00038026007402700577, "AnonymousInnerClassLength": 0.0, "Si": 0.0030909719550900523, "MaxNumberOfNestedBlocks": 0.0036833337215423853, "NumberOfParenthesizedExps": 0.0018892731406648584, "NumberOfLambdas": 0.0, "NumberOfModifiers": 0.04387615402245216, "NestedIfElseDepth": 0.049481936663168594, "VG": 0.02290375025590899, "CyclomaticComplexity": 0.018151773508828326, "MethodLength": 0.06440267259823397, "Complexity": 0.00791453138530369, "NumberOfNumbers": 0.011484131659359756, "NumberOfAssignments": 0.028613277225699417, "ExecutableStatementCount": 0.043293130871340166, "NumberOfPublicMethods_Checkstyle": 0.0017388198276968205, "NCSSForThisMethod": 0.04364003871261116, "LOCMethod_CK": 0.03978142586297024, "NumberOfAnonymousClasses": 0.0, "MCLC": 0.02071014099661932, "NumberOfStringLiterals": 0.003101606540183843, "ClassDataAbstractionCoupling": 0.0009711527965645917, "Fin": 0.0015206819423122947, "NumberOfPackageMethod": 0.00017230293455730567, "Fout": 0.002857300873983895}