{"NORM": 0.0, "NMIR": 0.0, "WMC_CK_max": 0.07511646225686915, "WMC": 0.3011381696064098, "WMC_CK_25%": 0.027472015631457965, "NPM": 0.20488563390079143, "WMC_CK_count": 0.08398110219716304, "DIT": 0.016396902131385442, "NOCh": 0.0, "WMC_CK_std": 0.10874583639421165, "WMC_CK_50%": 0.027018165400024472, "WMC_CK_min": 0.02963268736604193, "WMC_CK_mean": 0.09222658560816552, "WMC_CK_75%": 0.03338643950747958, "NMI": 0.0}