{"accuracy_score": 0.9473684210526315, "precision_score": 1.0, "recall_score": 0.38461538461538464, "f1_score": 0.5555555555555556, "roc_auc_score": 0.6920309905921417, "pr_auc_score": 0.48073170923435243}