{"ClTCi": 0.16695700876821537, "RTLOC": 0.2127350488330519, "NOD": 0.0, "NOL": 0.0009339576041516351, "NSM": 0.042892464412104016, "NSF": 0.030866841995400615, "NPF": 0.017613871158780138, "NOA": 0.0, "TLOC": 0.21703731032713136, "ClRCi": 0.15348008530865287, "PMd": 0.15748341159251217}