{"accuracy_score": 0.9136186770428015, "precision_score": 0.41379310344827586, "recall_score": 0.11320754716981132, "f1_score": 0.17777777777777776, "roc_auc_score": 0.5896426456702994, "pr_auc_score": 0.16060677900135337}