{"VG": 0.014610466025591223, "NumberOfComparisons": 0.008594196114755356, "NPathComplexity": 0.02610185877112668, "NumberOfAnonymousClasses": 0.010173421203692001, "BooleanExpressionComplexity": 0.040759018936149895, "NumberOfNumbers": 0.01896628937574003, "NumberOfUniqueWords": 0.16728539735638298, "IOVars": 0.007989647707064172, "NumberOfProtectedMethod": 0.0003319525820761219, "ExecutableStatementCount": 0.03945116971686158, "ThrowsCount": 0.0008624449014178984, "NCSSForThisFile": 0.00844504469414701, "NumberOfParameters_CK": 0.008992899773512213, "NCSSForThisMethod": 0.038105152018431586, "NumberOfLogStatements": 0.006736994937942637, "IsConstructor": 0.002856764420135026, "AnonymousInnerClassLength": 0.008404865721981378, "CyclomaticComplexity": 0.016315370145223225, "NCOMP": 0.014082292806469275, "NumberOfAssignments": 0.02455879574412176, "Calls": 0.014270408551742516, "NumberOfModifiers": 0.02757122944205743, "Fout": 0.004289591711076486, "NCSSForThisClass": 0.007286202365320661, "Returns": 0.028574156065391633, "NumberOfLoops": 0.0024574352953382317, "ClassDataAbstractionCoupling": 0.007085534734985616, "NumberOfTryCatch": 8.35163614957813e-05, "MethodLength": 0.04736675813808777, "NestedForDepth": 0.0004764828833114262, "WMC_CK": 0.013120194203437602, "Si": 0.005625548753880651, "RFC": 0.061041847543340085, "Ci": 0.014987683173316666, "NVAR": 0.009396944742153364, "FileLength": 0.009589363687846514, "Di": 0.012753303679864748, "NBD": 0.01498764409622093, "ClassFanOutComplexity": 0.005033132251509336, "Complexity": 0.007244177647779098, "LOCMethod_CK": 0.038506378502009046, "NumberOfMathOperations": 0.010374812751538122, "NOP": 0.004690859421755886, "MCLC": 0.016672452953887553, "Maximum Depth": 0.006586246772255547, "NumberOfVariables": 0.021564116778018345, "NestedTryDepth": 3.4179039949743e-08, "NumberOfParenthesizedExps": 0.0037327571126023213, "NumberOfStringLiterals": 0.033221369976821784, "NumberOfMethods_Checkstyle": 0.010239699562310977, "NumberOfPrivateMethod": 0.005588611306815101, "MaxNumberOfNestedBlocks": 0.009473987359146535, "NumberOfInnerClasses": 0.0, "NumberOfLambdas": 0.0, "Statements": 0.012023173979620154, "CBO": 0.05268460301597331, "NumberOfPackageMethod": 2.1893943672341297e-05, "NumberOfPublicMethods_Checkstyle": 0.006580370581514076, "Fin": 0.004426670313072594, "NestedIfElseDepth": 0.006746763208967713}