{"accuracy_score": 0.9962723468999619, "precision_score": 0.0, "recall_score": 0.0, "f1_score": 0.0, "roc_auc_score": 0.5815699356745841, "pr_auc_score": 0.003924329213823987}