{"accuracy_score": 0.9212328767123288, "precision_score": 0.4666666666666667, "recall_score": 0.3181818181818182, "f1_score": 0.3783783783783784, "roc_auc_score": 0.8329124579124578, "pr_auc_score": 0.4836428527334118}