{"accuracy_score": 0.9653225806451613, "precision_score": 0.17391304347826086, "recall_score": 0.056338028169014086, "f1_score": 0.0851063829787234, "roc_auc_score": 0.7010477142639983, "pr_auc_score": 0.07332719779713955}