{"MethodLength_min": 0.005318357093363446, "AnonymousInnerClassLength_mean": 0.0004991036291764094, "FileLength_min": 0.00012518951700238242, "blame_merge_blame_getEffort_min": 0.0, "TotalNumberOfOperands": 0.02647536283019144, "FileLength_std": 0.017146180617216615, "blame_merge_blame_getVolume_max": 0.0, "blame_merge_blame_getDifficulty_std": 0.0, "blamemerge_blamegetVocabulary_max": 0.013613225369867967, "blamemerge_blamegetDifficulty_max": 0.023988843983044107, "AnonymousInnerClassLength_count": 0.030302826007538853, "MethodLength_std": 0.017133462930066058, "blame_merge_blame_getLength_min": 0.0, "blamemerge_blamegetLength_mean": 0.02895638607346045, "blame_merge_blame_getEffort_std": 0.0, "blame_merge_blame_getVocabulary_std": 0.0, "blamemerge_blamegetEffort_max": 0.02785963626258906, "blamemerge_blamegetDifficulty_mean": 0.04142551667860785, "blame_merge_blame_getVolume_std": 0.0, "blame_merge_blame_getLength_mean": 0.0, "blamemerge_blamegetEffort_std": 0.022203041368465203, "blame_merge_blame_getVolume_min": 0.0, "blame_merge_blame_getDifficulty_max": 0.0, "blamemerge_blamegetVolume_max": 0.020902744974750212, "FileLength_25%": 0.0007086160906753433, "FileLength_mean": 0.011066244710080619, "AnonymousInnerClassLength_75%": 0.00014567890442890432, "AnonymousInnerClassLength_50%": 5.6384474043742465e-08, "blamemerge_blamegetVolume_count": 0.028721473682804855, "blame_merge_blame_getVocabulary_count": 0.0, "blamemerge_blamegetVolume_std": 0.01836481831495956, "blame_merge_blame_getVocabulary_max": 0.0, "blamemerge_blamegetVolume_mean": 0.02830592672422367, "MethodLength_mean": 0.013035036532774958, "blame_merge_blame_getVolume_count": 0.0, "NumberOfDistinctOperands": 0.04055797308253647, "blamemerge_blamegetDifficulty_count": 0.03303435320829329, "blame_merge_blame_getDifficulty_mean": 0.0, "TotalNumberOfOperators": 0.027102267485407033, "FileLength_50%": 0.0003056874186340327, "blamemerge_blamegetLength_max": 0.02344491485821927, "MethodLength_max": 0.015413253322514345, "MethodLength_25%": 0.007224069885890178, "Difficulty": 0.017283219953540353, "blame_merge_blame_getEffort_max": 0.0, "blamemerge_blamegetVocabulary_std": 0.022076238645328535, "AnonymousInnerClassLength_25%": 0.0, "blame_merge_blame_getVolume_mean": 0.0, "MethodLength_50%": 0.009798814637958038, "blame_merge_blame_getEffort_count": 0.0, "blamemerge_blamegetVocabulary_count": 0.032205742959789764, "AnonymousInnerClassLength_min": 0.0, "blamemerge_blamegetLength_count": 0.03759876052831416, "blamemerge_blamegetEffort_count": 0.03540653684580013, "blame_merge_blame_getVocabulary_mean": 0.0, "AnonymousInnerClassLength_max": 0.000341439265529515, "FileLength_75%": 0.003046421971596899, "blamemerge_blamegetVocabulary_mean": 0.034758343987927424, "blame_merge_blame_getLength_max": 0.0, "AnonymousInnerClassLength_std": 0.00023733525526940764, "blamemerge_blamegetEffort_mean": 0.019533546837375158, "blame_merge_blame_getLength_count": 0.0, "blamemerge_blamegetDifficulty_std": 0.0175292433790666, "blame_merge_blame_getDifficulty_min": 0.0, "Effort": 0.027100184113736884, "MethodLength_count": 0.025789819577488465, "Volume": 0.030151189443730932, "NumberOfDistinctOperators": 0.02077144629296032, "MethodLength_75%": 0.012654872285193602, "Length": 0.026926457555762184, "blame_merge_blame_getEffort_mean": 0.0, "Vocabulary": 0.032817612398267165, "FileLength_max": 0.02514676969906601, "blame_merge_blame_getVocabulary_min": 0.0, "blame_merge_blame_getLength_std": 0.0, "blame_merge_blame_getDifficulty_count": 0.0, "blamemerge_blamegetLength_std": 0.01612982343721342, "FileLength_count": 0.029315932987828232}