{"accuracy_score": 0.9417808219178082, "precision_score": 0.7777777777777778, "recall_score": 0.3181818181818182, "f1_score": 0.45161290322580644, "roc_auc_score": 0.8158249158249158, "pr_auc_score": 0.4457627893677709}