{"accuracy_score": 0.9729264655271309, "precision_score": 0.0, "recall_score": 0.0, "f1_score": 0.0, "roc_auc_score": 0.6513485278159156, "pr_auc_score": 0.025643132438971497}