;BuggedMethods;WMC_CK
count;8138;8138.0
unique;2;
top;False;
freq;7671;
mean;;0.7815188006881297
std;;1.405564024971261
min;;0.0
25%;;0.0
50%;;1.0
75%;;1.0
max;;36.0
