{"Maximum Block Depth": 0.029361312073369773, "NumberOfMathOperations_75%": 0.010869338077583997, "Ma": 0.009837197554105497, "NumberOfModifiers_min": 0.004275430623719503, "NumberOfModifiers_count": 0.023275329315661456, "blame_merge_priorityMajor_max": 0.0, "NumberOfMathOperations_count": 0.022786727643524005, "PMd": 0.010964366001707181, "Maximum Depth_50%": 0.004648637517006261, "NMA": 0.008523839235913145, "NumberOfMethods_Mood": 0.02221892133176904, "blamemerge_priorityMajor_std": 0.009109002647018399, "blame_merge_priorityMajor_std": 0.0, "SIX": 0.0, "Maximum Depth_std": 0.009061845127413187, "NumberOfMathOperations_50%": 0.002859816675301573, "blamemerge_priorityMinor_count": 0.020111871945061706, "Maximum Depth_mean": 0.010477975115345163, "blamemerge_priorityMajor_min": 0.0060075032794964026, "issues_priorityMajor_max": 0.0186257148308949, "PMi": 0.0, "Maximum Depth_min": 0.006411096855731663, "Average Block Depth": 0.036996354706309756, "Average Complexity*": 0.06670415156279162, "NMI": 0.0, "issues_priorityMinor_mean": 0.002615522891006531, "blame_merge_priorityMinor_min": 0.0, "NumberOfModifiers_50%": 0.009995113054983597, "NumberOfMathOperations_mean": 0.013660175020904178, "issues_priorityMinor_count": 0.04849565765604901, "MaxNumberOfNestedBlocks_mean": 0.0122554242192931, "NumberOfMathOperations_25%": 0.0034571074918044787, "Mi": 0.0, "NumberOfMathOperations_std": 0.015428688717091434, "Mit": 0.0, "Maximum Depth_count": 0.021156555349696276, "blamemerge_priorityMinor_max": 0.002355182218373973, "Ad": 0.022665894227754974, "Average Statements per Method": 0.04420844844627298, "issues_priorityMajor_count": 0.05030401088788654, "Maximum Depth_75%": 0.005725244014450669, "NumberOfMathOperations_min": 0.0005404664871394896, "NumberOfModifiers_75%": 0.014447157532014821, "NM": 0.007159970661954674, "Maximum Depth_25%": 0.005751289935709595, "blamemerge_priorityMajor_count": 0.02022301378328664, "MaxNumberOfNestedBlocks_75%": 0.012679841410652875, "issues_priorityMinor_max": 0.0018602048225973473, "blame_merge_priorityMinor_std": 0.0, "HMd": 0.006129906894418528, "NOPa": 0.0, "issues_priorityMajor_mean": 0.030160174776282807, "MaxNumberOfNestedBlocks_min": 0.0013383269240715282, "blamemerge_priorityMajor_mean": 0.015730926443820945, "NumberOfModifiers_25%": 0.011027229020250738, "blame_merge_priorityMajor_count": 0.0, "blame_merge_priorityMinor_mean": 0.0, "issues_priorityMinor_min": 0.00023468774439606985, "blame_merge_priorityMajor_min": 0.0, "Ao": 0.0, "blame_merge_priorityMinor_count": 0.0, "MaxNumberOfNestedBlocks_count": 0.02108448746532661, "Av": 0.026039802180829453, "issues_priorityMajor_std": 0.022274520229533197, "issues_priorityMajor_min": 0.005309641336749807, "MaxNumberOfNestedBlocks_50%": 0.0047279880635588, "blamemerge_priorityMinor_std": 0.00635558857525568, "Maximum Complexity*": 0.04456502793141958, "MaxNumberOfNestedBlocks_std": 0.01980206736866896, "Mo": 0.0, "Md": 0.007058721340643771, "NumberOfModifiers_max": 0.01186670128996701, "blamemerge_priorityMajor_max": 0.004703022990333162, "Ai": 0.0, "Maximum Depth_max": 0.00935058945065725, "blamemerge_priorityMinor_mean": 0.006523844386368823, "MaxNumberOfNestedBlocks_25%": 0.005335654848543195, "HMi": 0.0, "NumberOfModifiers_mean": 0.017603049972520497, "PMR": 0.009901949966324253, "Ait": 0.0, "blame_merge_priorityMinor_max": 0.0, "blame_merge_priorityMajor_mean": 0.0, "MaxNumberOfNestedBlocks_max": 0.012831312146143834, "blamemerge_priorityMinor_min": 0.0009838959429417885, "NumberOfMathOperations_max": 0.012199454520068822, "issues_priorityMinor_std": 0.007162278457499094, "NumberOfModifiers_std": 0.010706699447008269, "NF": 0.020881049337750156}