{"accuracy_score": 0.8940397350993378, "precision_score": 0.23809523809523808, "recall_score": 1.0, "f1_score": 0.3846153846153846, "roc_auc_score": 0.9698630136986301, "pr_auc_score": 0.32591269841269843}