{"NumberOfComparisons": 0.018667063417825425, "Maximum Depth": 0.04267072415909149, "ClassDataAbstractionCoupling": 0.008207579705756501, "RFC": 0.0681016143083093, "NumberOfInnerClasses": 0.0, "NumberOfAssignments": 0.030816242267137403, "NumberOfParameters_CK": 0.011581141386114192, "NumberOfLoops": 0.006937121609386515, "NumberOfLambdas": 0.018924522881166406, "NPathComplexity": 0.029492369626570175, "NumberOfUniqueWords": 0.11089253728433034, "NumberOfPublicMethods_Checkstyle": 0.009423252497942836, "NCSSForThisMethod": 0.05199406242167098, "BooleanExpressionComplexity": 0.008740374092281473, "NestedIfElseDepth": 0.0009664402702179063, "LOCMethod_CK": 0.050724885694366666, "NumberOfModifiers": 0.02924106554226137, "NumberOfPrivateMethod": 0.0032849383147915442, "NestedForDepth": 0.0012831150500694603, "MaxNumberOfNestedBlocks": 0.00906903204391268, "NumberOfMethods_Checkstyle": 0.010438840068055939, "NestedTryDepth": 4.626155360395257e-06, "CyclomaticComplexity": 0.023151118653235454, "FileLength": 0.014291384238148812, "Returns": 0.01877741341762864, "ClassFanOutComplexity": 0.018078430213166685, "NumberOfMathOperations": 0.020918294042447775, "NumberOfNumbers": 0.02502987700394959, "NumberOfAnonymousClasses": 0.003862759816707053, "NumberOfLogStatements": 0.0004994941090987024, "NumberOfTryCatch": 0.00022676973667298494, "CBO": 0.06578800865009501, "MethodLength": 0.0741785269005198, "NumberOfVariables": 0.028216476756131433, "NCSSForThisClass": 0.01621385977385471, "NumberOfPackageMethod": 0.0035221873953466872, "NumberOfParenthesizedExps": 0.00916972054267785, "AnonymousInnerClassLength": 0.009576796070899068, "IsConstructor": 0.001562427185726804, "WMC_CK": 0.023397926987613605, "ThrowsCount": 0.014780762277049797, "NumberOfStringLiterals": 0.04922448754591914, "NCSSForThisFile": 0.012269883067384057, "ExecutableStatementCount": 0.04552537972204395, "NumberOfProtectedMethod": 0.0002764670970634546}