{"accuracy_score": 0.9701732247332798, "precision_score": 0.07142857142857142, "recall_score": 0.00847457627118644, "f1_score": 0.015151515151515148, "roc_auc_score": 0.6984790528779186, "pr_auc_score": 0.047475716870169965}