{"Returns_min": 0.003104383453902679, "RFC_max": 0.009644655445698593, "NumberOfMathOperations_std": 0.005808873684743573, "WMC_CK_min": 0.0033859142717701306, "NumberOfAnonymousClasses_std": 0.006004259108626434, "NumberOfUniqueWords_min": 0.014636152487033864, "NumberOfModifiers_min": 0.01166747340448413, "MaxNumberOfNestedBlocks_50%": 0.0029303860400660825, "NumberOfLogStatements_count": 0.007742792770912983, "LOCMethod_CK_50%": 0.012387195264854583, "NumberOfParenthesizedExps_50%": 0.0001081732867098396, "CBO_std": 0.006179816574903517, "NumberOfUniqueWords_50%": 0.017600175918716463, "NumberOfTryCatch_50%": 0.00013058113553171788, "NumberOfVariables_std": 0.009202302652221413, "NumberOfComparisons_75%": 0.0020999774088093165, "RFC_mean": 0.012155724885457379, "RFC_50%": 0.010454486050597416, "NumberOfAnonymousClasses_75%": 0.0008127851199725983, "NumberOfInnerClasses_75%": 0.0, "NumberOfParameters_CK_max": 0.006837656522870149, "Returns_std": 0.004946163844928977, "MaxNumberOfNestedBlocks_25%": 0.0018035359136750787, "Returns_count": 0.007758824576273292, "NumberOfLogStatements_75%": 0.0016313383758638446, "NumberOfParenthesizedExps_min": 1.712015230000457e-05, "NumberOfNumbers_std": 0.004404207149004239, "NumberOfLambdas_max": 0.0, "NumberOfLogStatements_max": 0.005248629254019029, "LOCMethod_CK_max": 0.011016103863867636, "NumberOfComparisons_std": 0.0032792742695101585, "NumberOfModifiers_mean": 0.010821730191795385, "NumberOfNumbers_25%": 0.004147163243667923, "LOCMethod_CK_min": 0.010557678899787898, "NumberOfMathOperations_max": 0.00557983322650272, "IsConstructor_top": 0.001419565300760833, "NumberOfAnonymousClasses_25%": 0.0004735639156418698, "NumberOfAssignments_max": 0.008566004253501087, "NumberOfAssignments_25%": 0.004822975335046328, "NumberOfVariables_50%": 0.004795353257450394, "NumberOfNumbers_mean": 0.004263662765051317, "NumberOfAnonymousClasses_max": 0.004387038305575276, "CBO_50%": 0.007404266470798246, "NumberOfAssignments_std": 0.004880177629564288, "NumberOfLambdas_mean": 0.0, "NumberOfLambdas_50%": 0.0, "NumberOfStringLiterals_50%": 0.0048282189955790025, "Returns_max": 0.00463840509957399, "NumberOfInnerClasses_min": 0.0, "NumberOfLoops_25%": 0.0016476052736172427, "NumberOfModifiers_50%": 0.0060316274886468456, "NumberOfNumbers_75%": 0.003428488595267129, "NumberOfLoops_count": 0.007845876528237603, "NumberOfMathOperations_25%": 0.0016934545045810133, "NumberOfComparisons_min": 0.0008999927195327211, "NumberOfTryCatch_count": 0.0064314772366498, "WMC_CK_max": 0.006657333740345056, "Returns_mean": 0.007903446821523153, "NumberOfParameters_CK_mean": 0.014274565685393984, "NumberOfComparisons_50%": 0.0017466235809883075, "NumberOfParameters_CK_75%": 0.010863213166968227, "NumberOfLogStatements_min": 0.0048244093572620585, "IsConstructor_unique": 0.0008282779167380654, "NumberOfInnerClasses_count": 0.007820442505610398, "NumberOfParameters_CK_min": 0.010887055295383518, "NumberOfLambdas_std": 0.0, "NumberOfInnerClasses_50%": 0.0, "NumberOfStringLiterals_mean": 0.005938716119334764, "NumberOfTryCatch_min": 7.476134330429258e-05, "NumberOfComparisons_mean": 0.003961143965042668, "NumberOfLambdas_count": 0.008358720438834687, "NumberOfLogStatements_std": 0.003466541486322931, "WMC_CK_mean": 0.008514437860012406, "NumberOfParenthesizedExps_25%": 0.00011362601472223492, "NumberOfInnerClasses_max": 0.0, "CBO_count": 0.007398283013680614, "NumberOfAssignments_75%": 0.006964544756553304, "NumberOfLambdas_min": 0.0, "NumberOfUniqueWords_count": 0.006597095370228573, "WMC_CK_25%": 0.004947848634059464, "NumberOfLambdas_25%": 0.0, "LOCMethod_CK_count": 0.006971137057478654, "NumberOfAnonymousClasses_count": 0.0073710391647183685, "NumberOfUniqueWords_mean": 0.018229998522029993, "NumberOfTryCatch_75%": 0.0005373934631510626, "NumberOfTryCatch_25%": 6.0694439818601934e-05, "RFC_std": 0.006215447345933287, "WMC_CK_50%": 0.0033136383840467395, "NumberOfLogStatements_mean": 0.007139601569132056, "NumberOfMathOperations_min": 0.0016351481292112635, "CBO_25%": 0.007086691602033977, "NumberOfTryCatch_std": 0.0013983024367727965, "NumberOfLoops_std": 0.0047311235306903695, "NumberOfAnonymousClasses_mean": 0.005849873444973503, "NumberOfParenthesizedExps_std": 0.005730345306035468, "RFC_min": 0.010046575912786685, "NumberOfParameters_CK_std": 0.006696545335309304, "NumberOfUniqueWords_75%": 0.014462037064192208, "LOCMethod_CK_mean": 0.013449119458426407, "IsConstructor_freq": 0.00827887528524893, "MaxNumberOfNestedBlocks_mean": 0.007128901404211537, "MaxNumberOfNestedBlocks_std": 0.005280485971129103, "NumberOfParenthesizedExps_75%": 0.0013212428757846913, "NumberOfLoops_min": 0.0016407059775616474, "NumberOfVariables_max": 0.009298022564538466, "NumberOfStringLiterals_min": 0.0028010400426145246, "LOCMethod_CK_75%": 0.012175328783173872, "NumberOfVariables_25%": 0.00287647408421221, "RFC_count": 0.007445664878304984, "NumberOfMathOperations_count": 0.008092227976290388, "NumberOfModifiers_max": 0.007288243650466209, "CBO_max": 0.007576672583549982, "NumberOfStringLiterals_25%": 0.005268105372159656, "RFC_25%": 0.011107948545891816, "NumberOfUniqueWords_std": 0.011503370656935174, "NumberOfNumbers_min": 0.0008466267900893816, "NumberOfInnerClasses_25%": 0.0, "NumberOfVariables_min": 0.0012771189402592269, "NumberOfAssignments_min": 0.0020447898596835643, "NumberOfAssignments_count": 0.007824376146387806, "CBO_75%": 0.006908961702259304, "NumberOfAssignments_mean": 0.009024078634028904, "NumberOfModifiers_25%": 0.007393289277010779, "NumberOfParameters_CK_50%": 0.009772099448968974, "NumberOfParenthesizedExps_max": 0.004003393219769357, "NumberOfLogStatements_50%": 0.0035292833065845826, "NumberOfStringLiterals_max": 0.006141556782833932, "NumberOfUniqueWords_25%": 0.015679550432377766, "WMC_CK_std": 0.005121495400883186, "MaxNumberOfNestedBlocks_max": 0.004928628532004675, "NumberOfMathOperations_mean": 0.005779291267298391, "NumberOfLoops_mean": 0.0054827928505949836, "WMC_CK_75%": 0.006776506872752434, "LOCMethod_CK_25%": 0.012424587978218611, "NumberOfVariables_count": 0.006735453862649315, "NumberOfComparisons_25%": 0.0015504950400063847, "NumberOfMathOperations_75%": 0.003885659647737643, "NumberOfParenthesizedExps_mean": 0.003705040718471522, "NumberOfModifiers_75%": 0.007044606712481965, "NumberOfInnerClasses_std": 0.0, "NumberOfInnerClasses_mean": 0.0, "WMC_CK_count": 0.008845596725127308, "NumberOfStringLiterals_std": 0.00562426935339204, "Returns_50%": 0.0033279345565788094, "NumberOfComparisons_max": 0.0030975364074311345, "NumberOfAnonymousClasses_50%": 0.00016249274365523413, "NumberOfVariables_mean": 0.01028264668295783, "NumberOfLambdas_75%": 0.0, "MaxNumberOfNestedBlocks_min": 0.0013357095902225772, "NumberOfStringLiterals_count": 0.008803558845394324, "NumberOfTryCatch_max": 0.0014786801902926714, "MaxNumberOfNestedBlocks_count": 0.008651736383404373, "NumberOfParameters_CK_25%": 0.0121639241094393, "NumberOfLoops_max": 0.0032560474808951924, "NumberOfNumbers_count": 0.006515258083440144, "Returns_25%": 0.003490030252989885, "NumberOfModifiers_count": 0.006095973487447618, "IsConstructor_count": 0.0069010619911705, "NumberOfLoops_75%": 0.001913536438712926, "NumberOfLoops_50%": 0.001781158258091547, "NumberOfStringLiterals_75%": 0.005339511402116712, "NumberOfMathOperations_50%": 0.001553083641944884, "NumberOfUniqueWords_max": 0.019400385585966733, "CBO_mean": 0.008305384645472298, "NumberOfParameters_CK_count": 0.007692004430627942, "NumberOfParenthesizedExps_count": 0.007831191800792845, "NumberOfComparisons_count": 0.007476692771357709, "Returns_75%": 0.010386570759242703, "NumberOfAnonymousClasses_min": 0.00021504929389219306, "NumberOfNumbers_50%": 0.0022407475745264294, "MaxNumberOfNestedBlocks_75%": 0.0036860418997520317, "NumberOfAssignments_50%": 0.0061881521700478575, "NumberOfModifiers_std": 0.007189577958718519, "RFC_75%": 0.010570473173979467, "NumberOfNumbers_max": 0.003623351583862875,