{"accuracy_score": 0.9687034277198212, "precision_score": 0.0, "recall_score": 0.0, "f1_score": 0.0, "roc_auc_score": 0.6488905891354246, "pr_auc_score": 0.04073740073482614}