{"IsConstructor": 0.0014303629697098189, "MaxNumberOfNestedBlocks": 0.054406619328634005, "NumberOfParenthesizedExps": 0.01249690569259567, "NumberOfMathOperations": 0.03964161184328373, "Returns": 0.028762870230807976, "NumberOfInnerClasses": 0.0, "NumberOfComparisons": 0.01122740197518555, "NumberOfParameters_CK": 0.02356432751736758, "NumberOfLoops": 0.013195984627667365, "NumberOfTryCatch": 0.00017358502155656263, "NumberOfLogStatements": 0.005866790285203095, "NumberOfAssignments": 0.056546691530437565, "NumberOfAnonymousClasses": 0.00043648377145184423, "NumberOfVariables": 0.048949110962346803, "NumberOfStringLiterals": 0.11331429504419112, "NumberOfLambdas": 0.0, "LOCMethod_CK": 0.12390584189083456, "NumberOfModifiers": 0.0228927043575437, "WMC_CK": 0.03040275159532212, "CBO": 0.0891829554637729, "RFC": 0.09736117718248923, "NumberOfUniqueWords": 0.15430724697315976, "NumberOfNumbers": 0.071934281736439}