{"accuracy_score": 0.9946679592825982, "precision_score": 0.0, "recall_score": 0.0, "f1_score": 0.0, "roc_auc_score": 0.6011568436434487, "pr_auc_score": 0.008120191858247857}