{"NumberOfModifiers_50%": 0.007501844857544673, "MaxNumberOfNestedBlocks_std": 0.018059174536700907, "Maximum Depth_mean": 0.028228148251603972, "issues_priorityMinor_max": 0.005324487950447184, "NumberOfModifiers_min": 0.0014611884078856619, "HMd": 0.007094729276840834, "NMI": 0.0, "Maximum Complexity*": 0.022668535726917127, "Maximum Depth_min": 0.005327905889779392, "NMA": 0.010433549431116249, "Mi": 0.0, "blame_merge_priorityMinor_max": 0.0, "Av": 0.0011907127497567925, "blamemerge_priorityMajor_mean": 0.010783782846957926, "MaxNumberOfNestedBlocks_max": 0.011062050657470375, "blamemerge_priorityMinor_std": 0.004720780177101984, "blame_merge_priorityMinor_mean": 0.0, "NumberOfModifiers_mean": 0.03535057133045222, "Maximum Depth_max": 0.016684572999312537, "issues_priorityMinor_min": 0.006398606998950306, "MaxNumberOfNestedBlocks_count": 0.018581608740042665, "Ao": 0.0, "NumberOfModifiers_count": 0.016434504519406656, "PMi": 0.0, "NumberOfMathOperations_count": 0.01616620078609405, "issues_priorityMajor_min": 0.002620677003767394, "blamemerge_priorityMinor_count": 0.02687534292144282, "MaxNumberOfNestedBlocks_50%": 0.0047521493784980166, "PMd": 0.008906596932669706, "Ai": 0.0, "NM": 0.01275915015301942, "Ad": 0.00544204452831344, "Ait": 0.0, "NumberOfMathOperations_75%": 0.009439015765653333, "blamemerge_priorityMajor_count": 0.02840853746286066, "Mo": 0.0, "blame_merge_priorityMajor_count": 0.0, "NumberOfMathOperations_std": 0.02900600264644045, "NumberOfMathOperations_max": 0.02009617668992499, "PMR": 0.005766350334070877, "NumberOfMathOperations_min": 0.00019085648809309463, "NumberOfMethods_Mood": 0.02058205500418892, "NF": 0.004213039401011745, "NumberOfMathOperations_25%": 0.0018611044063198865, "NumberOfModifiers_std": 0.05145183488200014, "blamemerge_priorityMinor_min": 0.0070896226833732775, "Average Complexity*": 0.020386643454646365, "blamemerge_priorityMajor_max": 0.002644008028331714, "Maximum Depth_50%": 0.008883663715776537, "NumberOfModifiers_max": 0.0298148546611029, "MaxNumberOfNestedBlocks_min": 0.0006564532658274271, "Md": 0.012116071261101312, "blame_merge_priorityMinor_std": 0.0, "Maximum Depth_count": 0.022854337601901243, "NumberOfModifiers_75%": 0.009084569910892683, "blamemerge_priorityMinor_max": 0.005216482411184741, "Maximum Depth_75%": 0.018244308369687854, "NumberOfMathOperations_50%": 0.0025715973565917285, "Mit": 0.0, "blame_merge_priorityMinor_min": 0.0, "issues_priorityMajor_count": 0.035498830819986456, "issues_priorityMajor_std": 0.02114851602241494, "HMi": 0.0, "NumberOfModifiers_25%": 0.005708834727655365, "blame_merge_priorityMajor_max": 0.0, "blamemerge_priorityMinor_mean": 0.011620323554195277, "blame_merge_priorityMajor_mean": 0.0, "blamemerge_priorityMajor_std": 0.04671067062525392, "SIX": 0.0, "blamemerge_priorityMajor_min": 0.0021050615035810905, "MaxNumberOfNestedBlocks_25%": 0.003291891335299144, "Maximum Block Depth": 0.015390914737947525, "blame_merge_priorityMajor_min": 0.0, "issues_priorityMinor_count": 0.03275529541273149, "MaxNumberOfNestedBlocks_75%": 0.011620043027912632, "issues_priorityMinor_std": 0.004326685689256878, "blame_merge_priorityMajor_std": 0.0, "issues_priorityMajor_mean": 0.009680778025356728, "Average Statements per Method": 0.05861626288543839, "Average Block Depth": 0.030053782118432962, "issues_priorityMajor_max": 0.0024749252086703416, "Ma": 0.012643631754891995, "NumberOfMathOperations_mean": 0.023474108214030117, "Maximum Depth_std": 0.01828204514591866, "issues_priorityMinor_mean": 0.013813149384865806, "blame_merge_priorityMinor_count": 0.0, "MaxNumberOfNestedBlocks_mean": 0.01918410061911501, "NOPa": 0.0, "Maximum Depth_25%": 0.006193646333971105}