{"accuracy_score": 0.9500263019463441, "precision_score": 0.7777777777777778, "recall_score": 0.19090909090909092, "f1_score": 0.30656934306569344, "roc_auc_score": 0.877709253337394, "pr_auc_score": 0.4713021563698756}