{"blame_merge_priorityMinor_mean": 0.0, "issues_priorityMajor_max": 0.0013795173773553933, "issues_priorityMinor_mean": 0.00919962073662077, "NM": 0.014371214992908525, "issues_priorityMinor_std": 0.008453124646217796, "NumberOfMathOperations_mean": 0.012689737908175852, "Maximum Complexity*": 0.010411337571223374, "issues_priorityMajor_std": 0.016005996408826006, "Maximum Depth_max": 0.008789065850123049, "PMi": 0.0, "MaxNumberOfNestedBlocks_25%": 0.003940369949018785, "blame_merge_priorityMinor_min": 0.0, "NMIR": 0.0, "Maximum Depth_min": 0.007131878002761851, "NMI": 0.0, "SIX": 0.0, "blame_merge_priorityMinor_count": 0.0, "blamemerge_priorityMinor_mean": 0.01123080673611736, "Ad": 0.009500454765103045, "Average Statements per Method": 0.041298095951682955, "NumberOfMathOperations_25%": 0.005375251471505247, "Ai": 0.0, "MaxNumberOfNestedBlocks_max": 0.007406509906837607, "blame_merge_priorityMajor_max": 0.0, "NumberOfMathOperations_75%": 0.011039341486673264, "NOPa": 0.0, "NumberOfModifiers_std": 0.03996885436554115, "blamemerge_priorityMajor_mean": 0.01408866407689203, "Maximum Block Depth": 0.009221013010841158, "NumberOfModifiers_50%": 0.014076789623153632, "NumberOfModifiers_max": 0.025858920421035513, "Maximum Depth_std": 0.005250225962614883, "NumberOfMethods_Mood": 0.021181522924056187, "Mi": 0.0, "Ao": 0.0, "blamemerge_priorityMajor_max": 0.001438299805212488, "MaxNumberOfNestedBlocks_50%": 0.0037335174262820995, "issues_priorityMinor_max": 0.0028662963355057486, "blame_merge_priorityMajor_std": 0.0, "NumberOfModifiers_count": 0.01628831313400583, "blamemerge_priorityMinor_std": 0.010186748348088687, "Maximum Depth_50%": 0.0066289336715264656, "Maximum Depth_75%": 0.010244523935689274, "NumberOfMathOperations_50%": 0.005183663349284365, "NF": 0.009017324284848648, "NumberOfMathOperations_std": 0.012273155935358887, "blame_merge_priorityMajor_min": 0.0, "NumberOfMathOperations_min": 0.0020347782028135213, "MaxNumberOfNestedBlocks_std": 0.01327315587207599, "NumberOfModifiers_75%": 0.023002617081244747, "Ait": 0.0, "HMi": 0.0, "MaxNumberOfNestedBlocks_min": 0.0011175111669721974, "blame_merge_priorityMajor_mean": 0.0, "MaxNumberOfNestedBlocks_75%": 0.008237202210959626, "NumberOfModifiers_min": 0.004822872911243285, "blame_merge_priorityMinor_std": 0.0, "NumberOfMathOperations_max": 0.011831215106108526, "Av": 0.003292199458662735, "issues_priorityMajor_min": 0.004520003484069151, "issues_priorityMajor_count": 0.0554193862408656, "issues_priorityMinor_min": 0.0007071936504476933, "Maximum Depth_25%": 0.00826023655736788, "issues_priorityMinor_count": 0.05290592698800254, "issues_priorityMajor_mean": 0.013116909244039875, "HMd": 0.009302296313443046, "blamemerge_priorityMajor_std": 0.015508466734039201, "blamemerge_priorityMajor_count": 0.062188510672053214, "blame_merge_priorityMajor_count": 0.0, "MaxNumberOfNestedBlocks_mean": 0.011448571197297445, "Average Block Depth": 0.05153030454896553, "Ma": 0.012586293945288499, "NumberOfModifiers_mean": 0.031795764976077626, "PMR": 0.010309565374755884, "Maximum Depth_mean": 0.012839219070009174, "Mit": 0.0, "blamemerge_priorityMinor_count": 0.06296143200492878, "NMA": 0.013562993702699776, "Maximum Depth_count": 0.02298119945553048, "Md": 0.013337734540308049, "NumberOfMathOperations_count": 0.015634268471506355, "Average Complexity*": 0.013551784536362514, "blamemerge_priorityMinor_max": 0.0029729941766058836, "blame_merge_priorityMinor_max": 0.0, "Mo": 0.0, "blamemerge_priorityMinor_min": 0.0008056715725366392, "MaxNumberOfNestedBlocks_count": 0.016539602552858912, "blamemerge_priorityMajor_min": 0.0038407906250317557, "NumberOfModifiers_25%": 0.013286821967404012, "PMd": 0.014745415016335991}