{"accuracy_score": 0.968476357267951, "precision_score": 0.1568627450980392, "recall_score": 0.42105263157894735, "f1_score": 0.22857142857142856, "roc_auc_score": 0.9052849064810787, "pr_auc_score": 0.12193871797562128}