{"NumberOfParenthesizedExps": 0.08777438317417702, "WMC_CK": 0.038682026566425116, "NumberOfLogStatements": 0.002040081123970957, "LOCMethod_CK": 0.11005088243935793, "IsConstructor": 0.047663765144849456, "NumberOfStringLiterals": 0.05101720682718636, "MaxNumberOfNestedBlocks": 0.027726526309750657, "RFC": 0.0924214475826693, "NumberOfAnonymousClasses": 6.190293724972574e-05, "NumberOfNumbers": 0.04189351591209511, "NumberOfMathOperations": 0.013522928517873243, "NumberOfInnerClasses": 1.6125552607564267e-05, "NumberOfLambdas": 1.7384944183525039e-09, "NumberOfModifiers": 0.046232725013814556, "NumberOfParameters_CK": 0.03499441556120747, "CBO": 0.0548412209599952, "NumberOfVariables": 0.04504692684163717, "NumberOfTryCatch": 0.00041566831092006905, "NumberOfUniqueWords": 0.16054296256588754, "NumberOfComparisons": 0.052492755624930734, "Returns": 0.028888992016966472, "NumberOfAssignments": 0.056970471478547786, "NumberOfLoops": 0.006703067799386155}