{"accuracy_score": 0.9758909853249476, "precision_score": 0.0, "recall_score": 0.0, "f1_score": 0.0, "roc_auc_score": 0.7020322657601239, "pr_auc_score": 0.026597670264782387}