{"activation": "tanh", "alpha": 0.0001, "batch_size": 128, "early_stopping": false, "hidden_layer_sizes": [64, 128, 512], "max_iter": 1000, "random_state": 1, "shuffle": true, "solver": "adam", "accuracy_score": 0.9463148316651502, "precision_score": 0.2857142857142857, "recall_score": 0.22727272727272727, "f1_score": 0.2531645569620253, "roc_auc_score": 0.778845325290823, "pr_auc_score": 0.2116784846635096, "tn": 1030, "fp": 25, "fn": 34, "tp": 10}