{"NCSSForThisFile": 0.025047556739847314, "NumberOfParenthesizedExps": 0.06000453852446756, "MethodLength": 0.09775707674927478, "NestedTryDepth": 2.750153283230803e-06, "WMC_CK": 0.019605411025779958, "NumberOfLogStatements": 0.001700630807752444, "LOCMethod_CK": 0.04887364764394284, "IsConstructor": 0.0024623077230454095, "NCSSForThisClass": 0.016205049617042375, "NumberOfStringLiterals": 0.03404956342280547, "MaxNumberOfNestedBlocks": 0.016061246741977227, "AnonymousInnerClassLength": 3.146139722910583e-05, "RFC": 0.05257516356982331, "NumberOfMethods_Checkstyle": 0.008757117058737798, "NumberOfAnonymousClasses": 7.373967635535229e-05, "NumberOfNumbers": 0.028584703385619362, "ExecutableStatementCount": 0.04866083495003889, "NumberOfMathOperations": 0.00789670548707363, "NestedForDepth": 0.00033821406174058355, "NumberOfInnerClasses": 0.0, "NumberOfLambdas": 7.698188409302438e-05, "NumberOfModifiers": 0.022683637202476157, "NumberOfParameters_CK": 0.018596083411961166, "CBO": 0.042347747014464886, "FileLength": 0.024554503776851692, "NumberOfVariables": 0.033216273039955765, "NumberOfTryCatch": 0.0009027567180910559, "NumberOfUniqueWords": 0.08446973786043578, "ClassFanOutComplexity": 0.01817250257772272, "BooleanExpressionComplexity": 0.002102466716431774, "ClassDataAbstractionCoupling": 0.006351121893702825, "NumberOfProtectedMethod": 0.0010748965465925088, "NPathComplexity": 0.02469013948381794, "ThrowsCount": 0.021152531365241294, "NumberOfComparisons": 0.03846340495135145, "Maximum Depth": 0.04298713211309235, "CyclomaticComplexity": 0.020831766041039694, "NumberOfPrivateMethod": 0.005184345339571725, "Returns": 0.014848455062937803, "NCSSForThisMethod": 0.05256022743221587, "NumberOfAssignments": 0.031757891910493295, "NestedIfElseDepth": 0.008291217103101935, "NumberOfPublicMethods_Checkstyle": 0.010321302769680124, "NumberOfLoops": 0.005024585548273419, "NumberOfPackageMethod": 0.0006505735005669658}