{"accuracy_score": 0.9757599580712788, "precision_score": 0.0, "recall_score": 0.0, "f1_score": 0.0, "roc_auc_score": 0.7172328830440746, "pr_auc_score": 0.03125373206565272}