;BuggedMethods;WMC_CK
count;2193;2193.0
unique;2;
top;False;
freq;2150;
mean;;1.039671682626539
std;;1.7968886029141078
min;;0.0
25%;;0.0
50%;;1.0
75%;;1.0
max;;32.0
