{"NumberOfTryCatch": 9.518512431106168e-05, "NumberOfAnonymousClasses": 0.0, "NumberOfLambdas": 0.0, "NumberOfComparisons": 0.03635393322281077, "MaxNumberOfNestedBlocks": 0.045098580411764636, "CBO": 0.08572079838517029, "NumberOfInnerClasses": 0.0, "NumberOfParameters_CK": 0.04161350207961252, "NumberOfLogStatements": 0.0, "IsConstructor": 8.41968955335032e-05, "NumberOfStringLiterals": 0.05997395482460213, "NumberOfParenthesizedExps": 0.0021640514955317885, "NumberOfLoops": 0.0072089078137638546, "NumberOfModifiers": 0.13698825701862954, "NumberOfMathOperations": 0.0018021542800348966, "NumberOfAssignments": 0.04896159469125327, "NumberOfUniqueWords": 0.13894604235658106, "RFC": 0.09686604659958307, "Returns": 0.03585874233452221, "WMC_CK": 0.07185892105854771, "LOCMethod_CK": 0.11535915516649167, "NumberOfNumbers": 0.017246930227486447, "NumberOfVariables": 0.057799046013769506}