{"VG": 0.009167081157608023, "NCSSForThisFile": 0.012650622556436468, "NumberOfAssignments": 0.03744526939650134, "Fout": 0.0021248858919021294, "WMC_CK": 0.012584502594102685, "NumberOfParenthesizedExps": 0.007068813762980522, "NumberOfMathOperations": 0.0038057216526435384, "ClassDataAbstractionCoupling": 0.007468635837980506, "NumberOfProtectedMethod": 0.0012664698971292417, "NumberOfStringLiterals": 0.056689179408796045, "ClassFanOutComplexity": 0.012200932232591067, "MethodLength": 0.08030447639893161, "NumberOfPublicMethods_Checkstyle": 0.007894210843379025, "ExecutableStatementCount": 0.047724917772861634, "NCOMP": 0.003430350630311664, "NumberOfTryCatch": 0.0012023978574285934, "LOCMethod_CK": 0.05165273714504294, "IsConstructor": 0.0002636574464143824, "NumberOfMethods_Checkstyle": 0.008432106400604277, "Di": 0.006810975125709133, "IOVars": 0.004968290006056407, "Ci": 0.006423728252670372, "NestedIfElseDepth": 0.00046865809298030526, "NumberOfVariables": 0.03666571252076443, "MCLC": 0.0036205962631965607, "NBD": 0.008544993316579447, "NumberOfNumbers": 0.05134787551553794, "Fin": 0.0025988419818670206, "NumberOfLambdas": 8.567401600249888e-06, "NumberOfAnonymousClasses": 2.1870859850950517e-05, "NumberOfPackageMethod": 0.00028156752714922356, "MaxNumberOfNestedBlocks": 0.006365833975557147, "NestedForDepth": 0.0007755472379306558, "RFC": 0.09246785969164786, "Returns": 0.0052898188985925805, "CyclomaticComplexity": 0.00889871591032098, "NestedTryDepth": 1.4913986103920202e-05, "Si": 0.0018848335083325642, "NVAR": 0.0021728142360850963, "NumberOfLoops": 0.005177584067194661, "FileLength": 0.018606454869903123, "NumberOfModifiers": 0.010056408189813851, "ThrowsCount": 0.019624676532138983, "CBO": 0.12197903187609736, "NumberOfParameters_CK": 0.003071204852517112, "NumberOfUniqueWords": 0.12255937013255608, "NumberOfLogStatements": 9.480047178678045e-06, "NOP": 0.0021623055657536377, "NumberOfPrivateMethod": 0.0027278812945818786, "BooleanExpressionComplexity": 0.008185028295139498, "AnonymousInnerClassLength": 0.0001747992737987866, "NCSSForThisClass": 0.01298342326179689, "NCSSForThisMethod": 0.05114112025481903, "NPathComplexity": 0.015313837837777011, "NumberOfComparisons": 0.003218410456754992, "NumberOfInnerClasses": 0.0}