{"accuracy_score": 0.99017513882956, "precision_score": 0.0, "recall_score": 0.0, "f1_score": 0.0, "roc_auc_score": 0.7072566245268196, "pr_auc_score": 0.0048372646555978885}