{"NumberOfTryCatch": 0.0, "NumberOfAnonymousClasses": 0.0, "NumberOfLambdas": 0.0, "NumberOfComparisons": 0.017766613426661935, "NumberOfPackageMethod": 4.945999895703923e-05, "NBD": 0.020386918067803156, "MaxNumberOfNestedBlocks": 0.008704887652463142, "CBO": 0.045689139756035904, "FileLength": 0.0005264244026129271, "NumberOfInnerClasses": 0.0, "NCSSForThisFile": 0.0017968121833559334, "MethodLength": 0.07950199466319531, "ClassFanOutComplexity": 1.0033970554434667e-05, "NumberOfParameters_CK": 0.020632762953314975, "NumberOfLogStatements": 0.0, "NumberOfPrivateMethod": 0.0004960627843302664, "NumberOfMethods_Checkstyle": 0.0010596604562153977, "IsConstructor": 0.00037931479849394925, "NumberOfStringLiterals": 0.023473887324734294, "NVAR": 0.022859740198380052, "NumberOfParenthesizedExps": 0.0001643758157149847, "AnonymousInnerClassLength": 0.0, "NCSSForThisClass": 0.0007414516176870647, "NCSSForThisMethod": 0.05271783135668949, "NumberOfLoops": 0.002404353544892522, "Di": 0.025882313547378483, "NCOMP": 0.018158345950977633, "NumberOfModifiers": 0.07258964707359968, "BooleanExpressionComplexity": 0.004424835053841721, "NOP": 0.0203448314091035, "NumberOfPublicMethods_Checkstyle": 0.0006189027330022412, "ClassDataAbstractionCoupling": 0.00026019873166170356, "NumberOfProtectedMethod": 2.2365242583243841e-07, "NumberOfMathOperations": 0.0005579166908097426, "NestedIfElseDepth": 0.0005939887508298795, "NumberOfAssignments": 0.027490572922778896, "IOVars": 0.01714484505665283, "NumberOfUniqueWords": 0.0701867819772687, "CyclomaticComplexity": 0.036347003418234165, "VG": 0.026272816371186558, "RFC": 0.04594429883143437, "NPathComplexity": 0.024657735460833715, "Returns": 0.016082853355407954, "ExecutableStatementCount": 0.04267418651522711, "WMC_CK": 0.0326302439168386, "Ci": 0.013466632716110176, "Si": 0.022998299370838176, "LOCMethod_CK": 0.05897100833783044, "NumberOfNumbers": 0.006030228277236932, "Fin": 0.0052210133410868775, "NestedForDepth": 0.0, "MCLC": 0.014285291049791024, "ThrowsCount": 0.053694244753839986, "Fout": 0.023862158516216925, "NumberOfVariables": 0.01924685724546337}