{"FileLength": 0.0034925319053067095, "IOVars": 0.018264285436985356, "Maximum Depth": 0.013686185123236331, "NVAR": 0.019480142182780394, "NumberOfParameters_CK": 0.006438206350576626, "NumberOfLogStatements": 0.0, "NumberOfLoops": 0.0005130340460074933, "NCOMP": 0.02708027075683908, "Returns": 0.029331370450851057, "NumberOfVariables": 0.014267850629988197, "NBD": 0.017498857177809895, "NumberOfTryCatch": 0.00024758968533023407, "NumberOfInnerClasses": 0.0, "Di": 0.025650390367775174, "NumberOfAnonymousClasses": 0.0, "NumberOfMathOperations": 0.00240543579471711, "NumberOfUniqueWords": 0.22885823216152593, "NOP": 0.00729046638556113, "CBO": 0.08455847677821898, "RFC": 0.05582233784848396, "WMC_CK": 0.027205329284310468, "NumberOfComparisons": 0.017997146817521584, "Ci": 0.02595384431945715, "IsConstructor": 0.0015863933957383782, "AnonymousInnerClassLength": 6.013512032235542e-06, "Si": 0.006050637912909933, "MaxNumberOfNestedBlocks": 0.007567074097286724, "NumberOfParenthesizedExps": 0.0014969778287762254, "NumberOfLambdas": 0.0, "NumberOfModifiers": 0.0648202627232869, "VG": 0.023015705481493724, "MethodLength": 0.1036516894863346, "NumberOfNumbers": 0.013093229513340205, "NumberOfAssignments": 0.04727106870173957, "LOCMethod_CK": 0.06474400885816584, "MCLC": 0.028425539001591595, "NumberOfStringLiterals": 0.00517434453365419, "Fin": 0.003126246528885223, "Fout": 0.003928824921481827}