{"accuracy_score": 0.9759656652360515, "precision_score": 0.0, "recall_score": 0.0, "f1_score": 0.0, "roc_auc_score": 0.6812552886805963, "pr_auc_score": 0.03792603775827055}