{"MaxNumberOfNestedBlocks": 0.2253288248460911, "NumberOfMathOperations": 0.3721815618061487, "NumberOfModifiers": 0.27084626859653965, "Maximum Depth": 0.13164334475122047}