{"accuracy_score": 0.9913793103448276, "precision_score": 0.0, "recall_score": 0.0, "f1_score": 0.0, "roc_auc_score": 0.684251968503937, "pr_auc_score": 0.013873249064819128}