;MaxNumberOfNestedBlocks;NumberOfMathOperations;NumberOfModifiers;Maximum Depth;BuggedMethods
count;1228.0;1228.0;1228.0;1228.0;1228
unique;;;;;2
top;;;;;False
freq;;;;;1186
mean;0.1490228013029316;0.24674267100977199;1.0;0.8298045602605864;
std;0.5040413911684776;1.1094309248090244;2.1098596499438744;1.1076635884504198;
min;0.0;0.0;0.0;0.0;
25%;0.0;0.0;0.0;0.0;
50%;0.0;0.0;1.0;0.0;
75%;0.0;0.0;1.0;2.0;
max;5.0;21.0;36.0;5.0;
