{"accuracy_score": 0.9484481851657023, "precision_score": 0.8333333333333334, "recall_score": 0.13636363636363635, "f1_score": 0.23437499999999997, "roc_auc_score": 0.8096670219785798, "pr_auc_score": 0.3509182357142623}