{"accuracy_score": 0.9326829268292683, "precision_score": 0.017241379310344827, "recall_score": 0.07692307692307693, "f1_score": 0.028169014084507043, "roc_auc_score": 0.6470431742170872, "pr_auc_score": 0.01710609916609946}