{"accuracy_score": 0.6642754662840746, "precision_score": 0.22033898305084745, "recall_score": 0.5098039215686274, "f1_score": 0.3076923076923077, "roc_auc_score": 0.6180260339429889, "pr_auc_score": 0.2575644237113627}