{"AIF": 0.0, "MHF": 0.4653138863349452, "AHF": 0.11911898533548315, "MIF": 0.0, "Aa": 0.4155671283295717}