{"accuracy_score": 0.8211206896551724, "precision_score": 0.024096385542168676, "recall_score": 0.5, "f1_score": 0.04597701149425288, "roc_auc_score": 0.6820652173913044, "pr_auc_score": 0.016036612030097864}