{"NumberOfAnonymousClasses_std": 0.00215175138146299, "WMC_CK_min": 0.000815799141275726, "NumberOfAssignments_min": 0.0016525431041925628, "NumberOfNumbers_50%": 0.0011477471013223107, "NumberOfMathOperations_max": 0.005635679240017599, "WMC_CK_50%": 0.0018883629097797912, "MaxNumberOfNestedBlocks_count": 0.00882157786825899, "NumberOfNumbers_25%": 0.0005566574582981974, "NumberOfLogStatements_count": 0.007465426554137752, "NumberOfLambdas_count": 0.008413335574000758, "NumberOfUniqueWords_25%": 0.01198223566371034, "NumberOfInnerClasses_std": 0.0, "CBO_std": 0.0205439984276605, "Returns_std": 0.006653235404673257, "RFC_max": 0.01876366413213795, "NumberOfMathOperations_std": 0.0072743000131795955, "CBO_mean": 0.0203118716559245, "MaxNumberOfNestedBlocks_mean": 0.005286709088120391, "NumberOfUniqueWords_count": 0.007605782094999854, "NumberOfTryCatch_max": 0.0026474274067315447, "LOCMethod_CK_max": 0.011418010793866425, "NumberOfParenthesizedExps_mean": 0.0022328737641160567, "NumberOfInnerClasses_min": 0.0, "MaxNumberOfNestedBlocks_75%": 0.0029067362259341135, "NumberOfNumbers_max": 0.006564143815545977, "Returns_min": 0.002030762562847295, "NumberOfLogStatements_std": 0.0055218300418846105, "LOCMethod_CK_50%": 0.00541835079559926, "RFC_std": 0.020837616176078964, "NumberOfParameters_CK_max": 0.010515358893139738, "NumberOfInnerClasses_25%": 0.0, "NumberOfAnonymousClasses_25%": 0.0, "NumberOfUniqueWords_std": 0.011608043122316006, "NumberOfModifiers_max": 0.006539175352838209, "LOCMethod_CK_75%": 0.0069024180488109115, "NumberOfUniqueWords_mean": 0.013046835504066564, "NumberOfAssignments_50%": 0.005229646458987255, "NumberOfLambdas_mean": 0.0, "NumberOfLambdas_75%": 0.0, "NumberOfMathOperations_50%": 0.001139386533858773, "NumberOfParameters_CK_50%": 0.007158116109603273, "NumberOfLambdas_50%": 0.0, "MaxNumberOfNestedBlocks_25%": 0.0016745398743738588, "WMC_CK_mean": 0.006300183901727809, "NumberOfParenthesizedExps_25%": 3.7770177375315254e-05, "NumberOfNumbers_75%": 0.002177766666425902, "NumberOfModifiers_50%": 0.0051044701291768834, "NumberOfParameters_CK_mean": 0.01565350236977426, "NumberOfLambdas_min": 0.0, "NumberOfStringLiterals_max": 0.007038294476237718, "NumberOfParenthesizedExps_count": 0.007879002996307151, "NumberOfLoops_count": 0.007513148741981719, "Returns_50%": 0.0034206969679001754, "RFC_75%": 0.010925540976849642, "NumberOfInnerClasses_75%": 0.0, "NumberOfNumbers_std": 0.008522990985750913, "WMC_CK_75%": 0.003776638826644026, "RFC_min": 0.005186660082397583, "NumberOfLogStatements_min": 0.0001301087683824413, "RFC_25%": 0.007900265776537206, "NumberOfStringLiterals_25%": 0.004794954059795649, "NumberOfAnonymousClasses_50%": 0.0, "NumberOfInnerClasses_mean": 0.0, "NumberOfUniqueWords_max": 0.015724538137795716, "NumberOfStringLiterals_mean": 0.008432878299903487, "NumberOfTryCatch_count": 0.007279870215586774, "NumberOfStringLiterals_std": 0.007236608947422901, "NumberOfParameters_CK_75%": 0.01133778323892813, "NumberOfTryCatch_std": 0.003205918552370275, "NumberOfParenthesizedExps_min": 9.114860812793108e-06, "NumberOfModifiers_std": 0.011925446153819288, "NumberOfUniqueWords_75%": 0.01088640623280052, "NumberOfComparisons_25%": 0.0009626541293338039, "MaxNumberOfNestedBlocks_std": 0.009603350526717076, "NumberOfParenthesizedExps_max": 0.0018852832087922723, "NumberOfParameters_CK_25%": 0.005519668446056146, "MaxNumberOfNestedBlocks_min": 0.0009618470536596153, "NumberOfVariables_mean": 0.008718520203969864, "RFC_mean": 0.014691613398184018, "MaxNumberOfNestedBlocks_max": 0.00643838750601457, "NumberOfAnonymousClasses_max": 0.0014156896863977372, "NumberOfLoops_std": 0.007294810744749778, "NumberOfStringLiterals_count": 0.008046291766630487, "NumberOfInnerClasses_max": 0.0, "WMC_CK_count": 0.007861527299678287, "NumberOfComparisons_count": 0.009273744273147899, "NumberOfLogStatements_mean": 0.00388714000369651, "NumberOfUniqueWords_50%": 0.010640720005087137, "NumberOfVariables_std": 0.009679353194175141, "NumberOfVariables_max": 0.00930977090421827, "NumberOfModifiers_count": 0.007910065426745902, "NumberOfNumbers_mean": 0.007021198904297562, "NumberOfParenthesizedExps_std": 0.0030610102414238387, "NumberOfNumbers_count": 0.007732571336341971, "NumberOfModifiers_min": 0.0034087118076461496, "NumberOfMathOperations_25%": 0.0005208578036349086, "NumberOfAssignments_max": 0.008804961857976606, "CBO_25%": 0.011779898806609332, "NumberOfAssignments_75%": 0.008084518319514154, "NumberOfComparisons_std": 0.008165966863927619, "NumberOfMathOperations_min": 0.00032096033881993496, "NumberOfStringLiterals_50%": 0.003836686225862202, "NumberOfMathOperations_75%": 0.0035073896358962663, "WMC_CK_std": 0.0067035721511008615, "NumberOfVariables_50%": 0.0034372155024851012, "CBO_count": 0.007555407395042782, "NumberOfAssignments_count": 0.007000375318775854, "NumberOfComparisons_75%": 0.0026690628442379754, "NumberOfLogStatements_50%": 0.0005527665429943814, "NumberOfInnerClasses_50%": 0.0, "NumberOfLoops_75%": 0.0013708705361813473, "Returns_max": 0.004027558279614857, "NumberOfLogStatements_75%": 0.001233737401230694, "LOCMethod_CK_count": 0.008241696513498133, "NumberOfParameters_CK_std": 0.01269023934385878, "NumberOfTryCatch_50%": 0.0007473073825086657, "MaxNumberOfNestedBlocks_50%": 0.0020667580255964812, "NumberOfAnonymousClasses_count": 0.008659605335530639, "NumberOfUniqueWords_min": 0.008961265027901393, "NumberOfLoops_mean": 0.005291771992614788, "LOCMethod_CK_std": 0.010752160108445985, "NumberOfAssignments_std": 0.012248342091950984, "CBO_50%": 0.012192702496429243, "NumberOfAssignments_25%": 0.0035457626435175782, "NumberOfParameters_CK_min": 0.00258150506308125, "NumberOfAnonymousClasses_min": 0.0, "NumberOfAssignments_mean": 0.011143236604742415, "NumberOfTryCatch_mean": 0.0036319495366581773, "IsConstructor_top": 1.955483040214302e-05, "NumberOfParenthesizedExps_50%": 6.505749201789681e-05, "NumberOfLoops_25%": 0.0012198888537290704, "Returns_count": 0.007360059740525369, "NumberOfTryCatch_25%": 0.0006181263232926752, "CBO_75%": 0.012408064010856637, "LOCMethod_CK_min": 0.0050045150271205265, "NumberOfModifiers_75%": 0.006546065625453492, "WMC_CK_25%": 0.0014884538788242085, "IsConstructor_unique": 0.002518329067841469, "NumberOfLambdas_std": 0.0, "NumberOfTryCatch_min": 0.00036493963215532906, "NumberOfStringLiterals_75%": 0.005417538615980533, "NumberOfVariables_25%": 0.0033065885259905285, "RFC_count": 0.007872529680018907, "RFC_50%": 0.008172871624263113, "NumberOfLogStatements_max": 0.006557837933335341, "NumberOfInnerClasses_count": 0.007830052163983916, "NumberOfParenthesizedExps_75%": 0.0004317267567513599, "WMC_CK_max": 0.0054286866287953876, "NumberOfModifiers_mean": 0.011473469502181652, "NumberOfModifiers_25%": 0.003953173938400923, "NumberOfMathOperations_mean": 0.007076095314714067, "IsConstructor_freq": 0.008328945523884579, "LOCMethod_CK_mean": 0.00942858515489828, "NumberOfLambdas_25%": 0.0, "NumberOfParameters_CK_count": 0.0082340844251203, "NumberOfVariables_count": 0.007963895578306223, "NumberOfVariables_min": 0.0017011933945805806, "NumberOfLoops_50%": 0.0012286600269971442, "IsConstructor_count": 0.006589147470235019, "CBO_max": 0.025594492843495326, "NumberOfAnonymousClasses_mean": 0.0019664088338137487, "Returns_75%": 0.00366112277509953, "Returns_25%": 0.0025907208786752024, "NumberOfComparisons_50%": 0.0011012516728782476, "Returns_mean": 0.010042573856836644, "NumberOfComparisons_mean": 0.006048083590316018, "NumberOfLambdas_max": 0.0, "NumberOfMathOperations_count": 0.007400670161368652, "NumberOfVariables_75%": 0.0050566653114618295, "NumberOfComparisons_max": 0.005789570950706549, "NumberOfLoops_max": 0.0030888215089663485, "NumberOfTryCatch_75%": 0.0015195634367542769, "NumberOfLoops_min": 0.0007994201735173578, "NumberOfLogStatements_25%": 0.00028504039459628183, "NumberOfNumbers_min": 0.00016536036463284885, "CBO_min": 0.00758141034510597,