{"accuracy_score": 0.8513071895424836, "precision_score": 0.22666666666666666, "recall_score": 0.34, "f1_score": 0.272, "roc_auc_score": 0.7548220640569395, "pr_auc_score": 0.27784496953857424}