{"accuracy_score": 0.7112068965517241, "precision_score": 0.014925373134328358, "recall_score": 0.5, "f1_score": 0.02898550724637681, "roc_auc_score": 0.4885869565217391, "pr_auc_score": 0.009924919495764744}