{"MethodLength": 0.5044137797452694, "FileLength": 0.48404344708298, "AnonymousInnerClassLength": 0.011542773171750629}