{"accuracy_score": 0.9966527196652719, "precision_score": 0.0, "recall_score": 0.0, "f1_score": 0.0, "roc_auc_score": 0.5446140475050483, "pr_auc_score": 0.00453838065201158}