{"blame_merge_blame_getDistinctOperandsCnt_min": 0.0, "NVAR_50%": 0.0012369423637451217, "blame_merge_blame_getDistinctOperandsCnt_mean": 0.0, "Si_min": 0.0001229072771247122, "NOP_min": 0.0011081995801321776, "blame_merge_blame_getDistinctOperandsCnt_count": 0.0, "ClTCi": 0.03950344447834518, "Di_50%": 0.001992967959137901, "Fin_50%": 2.6257750761076377e-05, "blamemerge_blamegetDistinctOperatorsCnt_mean": 0.037692655125399974, "Si_75%": 0.001065109295802765, "MCLC_min": 0.0015168227553246528, "Di_count": 0.005700235030339967, "Di_min": 0.00389662800585229, "NOP_max": 0.001278655986959756, "Difficulty": 0.056135288079050466, "VG_50%": 0.0019563255755609514, "blamemerge_blamegetDistinctOperandsCnt_count": 0.05456843573295248, "Fin_25%": 2.0526322514192273e-05, "Si_max": 0.00133266625035035, "Fout_mean": 0.0017792488869031824, "blame_merge_blame_getDistinctOperatorsCnt_count": 0.0, "blame_merge_blame_getDistinctOperatorsCnt_mean": 0.0, "VG_min": 0.0012581122355186795, "Di_max": 0.0017862949497573733, "Ci_75%": 0.0025107918396733973, "blame_merge_blame_getDifficulty_mean": 0.0, "blamemerge_blamegetDifficulty_mean": 0.037244101619669755, "blamemerge_blamegetDistinctOperatorsCnt_count": 0.05549072763007477, "blame_merge_blame_getDistinctOperatorsCnt_min": 0.0, "Fout_75%": 0.0008579354331475341, "VG_mean": 0.0032511630270980413, "blamemerge_blamegetDistinctOperandsCnt_std": 0.041362446363251204, "Fin_std": 0.0011993140180352902, "IOVars_75%": 0.002221570617962098, "blame_merge_blame_getDistinctOperandsCnt_std": 0.0, "MCLC_25%": 0.001402639242420004, "Di_25%": 0.002439310549099064, "NBD_50%": 0.0011856792626506116, "blame_merge_blame_getDistinctOperatorsCnt_std": 0.0, "NOP_std": 0.0030757794931752292, "Fin_min": 1.044051391921033e-05, "NVAR_max": 0.0026123034960684943, "MCLC_std": 0.0026970060630793153, "NCOMP_min": 0.001854979939537731, "NOP_50%": 0.00190222556767838, "NVAR_std": 0.002494181722353691, "blamemerge_blamegetDifficulty_count": 0.05088323788048141, "NCOMP_75%": 0.002779108119859862, "IOVars_mean": 0.00304845743755983, "NVAR_25%": 0.0006315712714250201, "blame_merge_blame_getDifficulty_count": 0.0, "IOVars_min": 0.0035180544025384688, "NCOMP_25%": 0.0015497489336552376, "NVAR_min": 0.0008418075023036392, "NBD_max": 0.002716513058718412, "Ci_50%": 0.002219484253908919, "NOPa": 0.0, "blamemerge_blamegetDistinctOperandsCnt_mean": 0.037087885344582676, "Ci_25%": 0.002911816955625495, "NOP_25%": 0.0016754367664182327, "IOVars_max": 0.0016932177479151418, "Ci_min": 0.0038562546363202247, "MCLC_50%": 0.0017761423861940232, "blame_merge_blame_getDifficulty_min": 0.0, "VG_std": 0.0020878872744520428, "VG_25%": 0.0014841244642083082, "NumberOfDistinctOperands": 0.07994332067761853, "IOVars_25%": 0.0027392915553126783, "MCLC_max": 0.003287370466880389, "Fin_count": 0.004956089359628365, "NBD_count": 0.004643689560483641, "VG_75%": 0.0024533254236947482, "blamemerge_blamegetDistinctOperatorsCnt_max": 0.02864961504744487, "Fin_max": 0.0008692564367699929, "Fout_std": 0.001117345377545375, "Fin_mean": 0.0009685925450197871, "NBD_std": 0.0030090950381502337, "NBD_25%": 0.0015144521575900338, "Fin_75%": 0.000388289320600715, "Si_50%": 0.0006912422566507416, "MCLC_mean": 0.0031320606300116157, "blamemerge_blamegetDistinctOperatorsCnt_std": 0.03797251711751341, "Di_std": 0.003497897690624767, "Ci_max": 0.002118183036912582, "Si_std": 0.0010497521369672474, "Fout_50%": 0.0005171707928523892, "NOP_count": 0.004902625012220448, "NBD_min": 0.0013315549940396858, "Fout_count": 0.005070021408296121, "NCOMP_count": 0.005819872895978518, "blamemerge_blamegetDistinctOperandsCnt_max": 0.03796198788708484, "VG_max": 0.00252157493566648, "NOP_mean": 0.0034193771131651096, "Fout_min": 0.00012389625607408289, "NCOMP_max": 0.0028863811454917583, "NCOMP_std": 0.002544800462584308, "NVAR_mean": 0.0029711238479080836, "IOVars_50%": 0.0012931738866834132, "NumberOfDistinctOperators": 0.05412198163217385, "blame_merge_blame_getDistinctOperatorsCnt_max": 0.0, "IOVars_std": 0.003676468380236729, "blamemerge_blamegetDifficulty_std": 0.04735245905106585, "NOP_75%": 0.0017252929068815506, "blame_merge_blame_getDifficulty_std": 0.0, "Fout_max": 0.0009209802867401598, "NCOMP_mean": 0.0038822513073791865, "blamemerge_blamegetDifficulty_max": 0.05106953354445567, "blame_merge_blame_getDifficulty_max": 0.0, "Ci_std": 0.004195544501489273, "NVAR_count": 0.0043333189150595525, "Si_mean": 0.0018600124901081915, "Si_25%": 0.0002856396928272394, "MCLC_count": 0.005515251995445122, "blame_merge_blame_getDistinctOperandsCnt_max": 0.0, "Fout_25%": 0.0004219983463501698, "ClRCi": 0.025488793599369123, "VG_count": 0.0052836196918968495, "Si_count": 0.0054569451650506645, "NVAR_75%": 0.0019797506554555095, "Ci_count": 0.005349953191918912, "NCOMP_50%": 0.0015282129868846336, "NBD_75%": 0.0014903230706419703, "Ci_mean": 0.0034230702622982273, "MCLC_75%": 0.002323173529691535, "Di_mean": 0.004011925702983621, "IOVars_count": 0.005955374300962231, "NBD_mean": 0.003037027505051459, "Di_75%": 0.0023950823375237583}