{"accuracy_score": 0.6357758620689655, "precision_score": 0.011834319526627219, "recall_score": 0.5, "f1_score": 0.023121387283236997, "roc_auc_score": 0.47282608695652173, "pr_auc_score": 0.007980657357854}