{"CyclomaticComplexity": 0.015015713441364124, "IOVars": 0.007437317999289762, "Returns": 0.011033272198064515, "Fin": 0.00727022862967168, "NumberOfAnonymousClasses": 1.5725528329575142e-06, "NCOMP": 0.01003953137438738, "Si": 0.0009652413798164622, "NestedTryDepth": 3.436931550045795e-05, "AnonymousInnerClassLength": 0.0007754425942654927, "RFC": 0.0753247114817158, "NumberOfPublicMethods_Checkstyle": 0.011160248829195942, "NOP": 0.0036979144846636925, "VG": 0.017407327221210946, "NumberOfNumbers": 0.027109058069877928, "WMC_CK": 0.01653783546193423, "FileLength": 0.016094409109655136, "ClassDataAbstractionCoupling": 0.005629168513817809, "NumberOfLoops": 0.007258909060161749, "NCSSForThisFile": 0.015311351763692464, "NumberOfStringLiterals": 0.043190355911480884, "MaxNumberOfNestedBlocks": 0.011710431555299378, "NumberOfParameters_CK": 0.004528319963211885, "NumberOfMathOperations": 0.008882089963657492, "LOCMethod_CK": 0.05393696039024821, "IsConstructor": 0.0002524164090861018, "NCSSForThisClass": 0.013046852890606435, "NumberOfTryCatch": 0.00030190000960303236, "NBD": 0.01719415312925196, "ThrowsCount": 0.02686710983161337, "NumberOfComparisons": 0.008751868924251336, "NumberOfProtectedMethod": 0.00016170932748071323, "NCSSForThisMethod": 0.05706883292976523, "NestedForDepth": 0.01335852244367385, "MCLC": 0.013800262764307406, "NumberOfInnerClasses": 1.6169138012050312e-05, "NVAR": 0.013747708516737563, "CBO": 0.051324703486910386, "Di": 0.007764748482760838, "NumberOfPrivateMethod": 0.007994550250985766, "NumberOfUniqueWords": 0.09247950073858335, "NumberOfAssignments": 0.049086786913706076, "MethodLength": 0.06620103993005633, "NumberOfParenthesizedExps": 0.005126180712082844, "NumberOfVariables": 0.03503784667684222, "NumberOfModifiers": 0.028169813395040884, "NumberOfLogStatements": 5.688818083135273e-05, "ExecutableStatementCount": 0.05388008418880079, "NumberOfPackageMethod": 3.9969744656802004e-08, "NumberOfLambdas": 0.0, "Ci": 0.008061570598877764, "ClassFanOutComplexity": 0.008557465478369448, "Fout": 0.0007585544019349595, "NestedIfElseDepth": 0.009755639910352562, "NumberOfMethods_Checkstyle": 0.011064647591221497, "BooleanExpressionComplexity": 0.006996533931731659, "NPathComplexity": 0.022764117581761237}