{"blamemerge_blamegetEffort_std": 0.03323669214131341, "blamemerge_blamegetDifficulty_std": 0.027594239805364993, "AnonymousInnerClassLength_50%": 0.0, "Volume": 0.013015489774011783, "blame_merge_blame_getVolume_max": 0.0, "blame_merge_blame_getLength_min": 0.0, "blamemerge_blamegetLength_mean": 0.01962340245654135, "MethodLength_min": 0.009690746596661673, "FileLength_mean": 0.022238681704405818, "TotalNumberOfOperators": 0.012283666312095478, "blamemerge_blamegetVolume_std": 0.01837766007532302, "blamemerge_blamegetLength_std": 0.01910822866915003, "MethodLength_std": 0.01598980751716949, "blamemerge_blamegetVolume_count": 0.028746255469360243, "blamemerge_blamegetVocabulary_max": 0.020973393806638645, "blame_merge_blame_getEffort_count": 0.0, "Vocabulary": 0.015149425531692445, "blame_merge_blame_getEffort_std": 0.0, "AnonymousInnerClassLength_min": 0.0, "blame_merge_blame_getVolume_count": 0.0, "blame_merge_blame_getVocabulary_std": 0.0, "AnonymousInnerClassLength_mean": 0.0, "MethodLength_max": 0.018433911625784408, "AnonymousInnerClassLength_25%": 0.0, "FileLength_min": 0.02511947619075081, "FileLength_std": 0.008580853833573343, "blamemerge_blamegetLength_count": 0.02318949237959001, "blame_merge_blame_getVocabulary_count": 0.0, "NumberOfDistinctOperands": 0.016008668444800193, "blame_merge_blame_getDifficulty_std": 0.0, "blamemerge_blamegetDifficulty_max": 0.07872965603180661, "MethodLength_75%": 0.01109365586979965, "FileLength_max": 0.01737997560100796, "blame_merge_blame_getVocabulary_mean": 0.0, "Effort": 0.019965390647270376, "blame_merge_blame_getDifficulty_count": 0.0, "MethodLength_50%": 0.013312619557995483, "blame_merge_blame_getDifficulty_mean": 0.0, "NumberOfDistinctOperators": 0.033695114510132726, "MethodLength_mean": 0.021103437541389075, "FileLength_count": 0.009679612587445242, "blame_merge_blame_getVolume_mean": 0.0, "blame_merge_blame_getVolume_min": 0.0, "AnonymousInnerClassLength_75%": 0.0, "blamemerge_blamegetLength_max": 0.019120516781421383, "Difficulty": 0.019702722123723312, "blame_merge_blame_getLength_count": 0.0, "blame_merge_blame_getEffort_mean": 0.0, "blamemerge_blamegetEffort_mean": 0.021900916631886803, "AnonymousInnerClassLength_count": 0.014453464751388494, "blamemerge_blamegetVolume_max": 0.028759199499572865, "blame_merge_blame_getLength_max": 0.0, "blame_merge_blame_getLength_std": 0.0, "MethodLength_25%": 0.012981274742281081, "blamemerge_blamegetDifficulty_mean": 0.015217554307441069, "blamemerge_blamegetVocabulary_mean": 0.021900250721085826, "blame_merge_blame_getVolume_std": 0.0, "MethodLength_count": 0.010543555478524076, "blame_merge_blame_getDifficulty_min": 0.0, "blame_merge_blame_getVocabulary_max": 0.0, "Length": 0.012563383306095844, "blamemerge_blamegetVocabulary_count": 0.02476944497741991, "FileLength_50%": 0.027527079625057113, "blamemerge_blamegetVocabulary_std": 0.024507777445204337, "blamemerge_blamegetEffort_max": 0.06460752301473714, "blame_merge_blame_getVocabulary_min": 0.0, "TotalNumberOfOperands": 0.0221017935434851, "FileLength_75%": 0.014909031936860316, "blame_merge_blame_getLength_mean": 0.0, "AnonymousInnerClassLength_std": 0.0, "blame_merge_blame_getEffort_min": 0.0, "AnonymousInnerClassLength_max": 0.000158450245478137, "FileLength_25%": 0.025512549720568933, "blame_merge_blame_getEffort_max": 0.0, "blame_merge_blame_getDifficulty_max": 0.0, "blamemerge_blamegetDifficulty_count": 0.02212610738361914, "blamemerge_blamegetEffort_count": 0.023816495149507972, "blamemerge_blamegetVolume_mean": 0.020501353933566967}