{"accuracy_score": 0.9144736842105263, "precision_score": 0.5, "recall_score": 0.07692307692307693, "f1_score": 0.13333333333333336, "roc_auc_score": 0.8810182623132264, "pr_auc_score": 0.44217225801229454}