{"accuracy_score": 0.9326829268292683, "precision_score": 0.017241379310344827, "recall_score": 0.07692307692307693, "f1_score": 0.028169014084507043, "roc_auc_score": 0.6393280632411067, "pr_auc_score": 0.017084671196343576}