{"AIF": 0.0, "MHF": 0.6345948709304163, "Aa": 0.25141984565381487, "AHF": 0.11398528341576876, "MIF": 0.0}