{"accuracy_score": 0.8672114402451481, "precision_score": 0.6588235294117647, "recall_score": 0.35668789808917195, "f1_score": 0.46280991735537186, "roc_auc_score": 0.6517465557053637, "pr_auc_score": 0.5024309485272989}