{"NumberOfInnerClasses": 0.0, "FileLength": 0.005575093243204654, "NumberOfPublicMethods_Checkstyle": 0.0017753984884461018, "NumberOfStringLiterals": 0.006648104108559801, "NumberOfLambdas": 0.0, "NumberOfModifiers": 0.012560491825197176, "ThrowsCount": 0.0007533855461018718, "CyclomaticComplexity": 0.05991492847082318, "Fout": 0.037470323567379456, "Di": 0.004178165807007581, "NCSSForThisFile": 0.002660218079686651, "NumberOfAnonymousClasses": 0.0, "NumberOfMethods_Checkstyle": 0.005156855151079922, "NumberOfAssignments": 0.008972824903232653, "NumberOfUniqueWords": 0.04249108434640855, "Ci": 0.03951331359610423, "NBD": 0.08314084254993077, "LOCMethod_CK": 0.042778864757939454, "Si": 0.04062312038971466, "NumberOfLoops": 0.0026511573809025893, "NestedForDepth": 2.9647272921672815e-06, "NCSSForThisMethod": 0.027059563371319144, "NumberOfParameters_CK": 0.00013187985373540423, "NCOMP": 0.0397558903986773, "NumberOfMathOperations": 0.005355530270746111, "BooleanExpressionComplexity": 0.007057246125781349, "Fin": 0.0, "NCSSForThisClass": 0.004044904509459178, "MaxNumberOfNestedBlocks": 0.016901241600150527, "MCLC": 0.03787831675761821, "MethodLength": 0.03159326862250144, "IsConstructor": 0.0, "AnonymousInnerClassLength": 0.0, "NPathComplexity": 0.021087069076404043, "ClassFanOutComplexity": 0.005847248913567952, "NumberOfNumbers": 0.00481585558602245, "NumberOfLogStatements": 0.0, "NestedTryDepth": 0.0, "IOVars": 0.0016244765766127087, "Returns": 0.006506049835425053, "NumberOfComparisons": 0.09109277944557564, "VG": 0.04167536972536218, "NumberOfProtectedMethod": 0.0, "NumberOfPrivateMethod": 0.002280519532869734, "ExecutableStatementCount": 0.03064862096486774, "NumberOfTryCatch": 0.0, "CBO": 0.023144089107120673, "NVAR": 0.08522744166965567, "Maximum Depth": 0.01994246033887499, "ClassDataAbstractionCoupling": 0.0010614696406832651, "NumberOfVariables": 0.005720623160440531, "NumberOfParenthesizedExps": 0.007583921393659674, "NestedIfElseDepth": 0.0015376253343333808, "NOP": 0.0010191519803903015, "RFC": 0.020675807440271976, "WMC_CK": 0.06186444182886191, "NumberOfPackageMethod": 0.0}