{"LOCMethod_CK_25%": 0.009653530730036443, "NumberOfVariables_std": 0.005677612388892358, "NumberOfStringLiterals_count": 0.0034172623922776005, "Returns_min": 0.0011912026239273563, "NumberOfMathOperations_std": 0.0061519029696574, "NumberOfLambdas_count": 0.003222517497962666, "NumberOfMathOperations_count": 0.0034611189010855816, "NumberOfParameters_CK_75%": 0.005329734744977032, "CBO_max": 0.010171060315319025, "CBO_min": 0.0073221076786945056, "Returns_mean": 0.004621404736947363, "NumberOfNumbers_25%": 0.0022451580056421167, "NumberOfMathOperations_50%": 0.003991810922340108, "MaxNumberOfNestedBlocks_min": 0.0039869927947791175, "NumberOfAnonymousClasses_75%": 6.736330193677647e-05, "NumberOfInnerClasses_50%": 0.0, "Returns_50%": 0.002108816827309302, "NumberOfTryCatch_min": 0.00016336406104443883, "NumberOfModifiers_50%": 0.014413935115675536, "WMC_CK_max": 0.008854033859088626, "NumberOfLoops_max": 0.003276741514520381, "NumberOfLambdas_mean": 0.0, "LOCMethod_CK_75%": 0.012161196222767751, "NumberOfStringLiterals_max": 0.005990287042412992, "NumberOfVariables_25%": 0.0036384892274271795, "NumberOfAssignments_count": 0.003411615010713709, "IsConstructor_count": 0.003434633871551413, "NumberOfLogStatements_75%": 0.010920839667530135, "NumberOfVariables_max": 0.007617447696584545, "NumberOfModifiers_75%": 0.015549917046736882, "WMC_CK_count": 0.0031009074343398705, "NumberOfInnerClasses_75%": 0.0, "NumberOfTryCatch_75%": 0.001361425706207345, "NumberOfModifiers_mean": 0.017880000633804412, "NumberOfAssignments_50%": 0.005553815297346652, "NumberOfModifiers_max": 0.015353900609943976, "NumberOfParenthesizedExps_mean": 0.003415215857807962, "MaxNumberOfNestedBlocks_mean": 0.006925756225397417, "NumberOfNumbers_max": 0.005701753763869792, "CBO_std": 0.005994222672984168, "NumberOfLogStatements_max": 0.008714836562429487, "NumberOfParenthesizedExps_max": 0.0023021725770734467, "NumberOfParameters_CK_count": 0.0024865375287690433, "RFC_25%": 0.009329257993982418, "NumberOfMathOperations_min": 0.002086287690725618, "NumberOfLambdas_25%": 0.0, "WMC_CK_75%": 0.007928144071520078, "NumberOfLambdas_75%": 0.0, "NumberOfMathOperations_max": 0.0054817528192642835, "NumberOfVariables_min": 0.0015764113936007648, "NumberOfAssignments_75%": 0.007749178535995464, "Returns_75%": 0.0037919731823105795, "WMC_CK_mean": 0.00869161255363545, "NumberOfParenthesizedExps_min": 0.0019440442866517733, "LOCMethod_CK_max": 0.014745902256312744, "NumberOfNumbers_count": 0.0035634008004313653, "Returns_std": 0.005285385365300941, "MaxNumberOfNestedBlocks_std": 0.00341328885836799, "CBO_count": 0.003563037236656901, "NumberOfAnonymousClasses_count": 0.0035225282914820273, "LOCMethod_CK_min": 0.007857865691366997, "NumberOfVariables_75%": 0.007153671220662159, "MaxNumberOfNestedBlocks_max": 0.006108379723458988, "NumberOfNumbers_std": 0.0048875297663659644, "NumberOfUniqueWords_max": 0.023615097671906803, "NumberOfTryCatch_std": 0.003551008387435635, "NumberOfNumbers_min": 0.002284536642324712, "NumberOfUniqueWords_50%": 0.019747381667028892, "NumberOfComparisons_min": 0.0024332284471550634, "RFC_min": 0.006027914585851917, "NumberOfAssignments_mean": 0.008711045844135172, "CBO_mean": 0.011053553090589164, "NumberOfVariables_50%": 0.0034082975211647453, "NumberOfInnerClasses_max": 3.699044438458205e-05, "NumberOfStringLiterals_50%": 0.006158536057600391, "NumberOfComparisons_25%": 0.002651950057359388, "NumberOfTryCatch_50%": 0.0008444170009038123, "CBO_25%": 0.009779527993613103, "RFC_50%": 0.009563932175451519, "NumberOfLoops_count": 0.0033134951880141165, "NumberOfComparisons_max": 0.0031213893765367866, "NumberOfParameters_CK_max": 0.008837135319770697, "NumberOfModifiers_min": 0.015799397303175693, "NumberOfAnonymousClasses_25%": 4.768772738183881e-05, "NumberOfNumbers_75%": 0.005263810786893265, "NumberOfTryCatch_25%": 0.00044819767376440647, "CBO_75%": 0.009138769854244147, "RFC_count": 0.002855206431260131, "NumberOfStringLiterals_25%": 0.003971069059416678, "NumberOfTryCatch_mean": 0.002996134687640626, "NumberOfUniqueWords_mean": 0.023908019374962036, "NumberOfAnonymousClasses_max": 0.0030241721872814042, "RFC_std": 0.006386066218958864, "NumberOfStringLiterals_std": 0.004068245745286581, "WMC_CK_std": 0.0036341098652550043, "NumberOfParameters_CK_25%": 0.005640059349118887, "CBO_50%": 0.00941176402979226, "NumberOfLogStatements_mean": 0.009969851233338467, "WMC_CK_min": 0.006690633434303744, "MaxNumberOfNestedBlocks_25%": 0.005721733864604048, "RFC_75%": 0.012084234279710362, "NumberOfUniqueWords_25%": 0.02356382618738407, "LOCMethod_CK_std": 0.005861834121919244, "LOCMethod_CK_50%": 0.012268494881666644, "WMC_CK_25%": 0.006907183784940452, "NumberOfUniqueWords_75%": 0.02647546546115069, "NumberOfLambdas_max": 0.0, "IsConstructor_freq": 0.004573943424658665, "NumberOfParameters_CK_50%": 0.004886982112386864, "NumberOfLogStatements_count": 0.0030900819090667747, "NumberOfAnonymousClasses_min": 0.0, "LOCMethod_CK_count": 0.0029210265717688885, "NumberOfLogStatements_min": 0.0026677436938515636, "NumberOfAnonymousClasses_50%": 5.490520081643302e-05, "MaxNumberOfNestedBlocks_50%": 0.003962581104294639, "NumberOfVariables_mean": 0.006870191724488069, "NumberOfAssignments_25%": 0.006205181852543653, "MaxNumberOfNestedBlocks_count": 0.0027601073864520842, "NumberOfInnerClasses_25%": 0.0, "NumberOfStringLiterals_min": 0.002535339783862959, "NumberOfModifiers_count": 0.0022393400223720164, "IsConstructor_unique": 0.0018127872332297128, "NumberOfInnerClasses_std": 0.0, "NumberOfAssignments_max": 0.008058542155665023, "NumberOfInnerClasses_count": 0.003553412773644985, "NumberOfLoops_25%": 0.0005943065380374439, "NumberOfAssignments_std": 0.0041300814541544795, "NumberOfInnerClasses_min": 0.0, "NumberOfLoops_50%": 0.0012347196869054845, "NumberOfParenthesizedExps_std": 0.0017382136807458386, "NumberOfMathOperations_25%": 0.003680700534129438, "MaxNumberOfNestedBlocks_75%": 0.005064403972144408, "Returns_25%": 0.0016561500380328133, "NumberOfLogStatements_25%": 0.0035541716802006303, "NumberOfParenthesizedExps_25%": 0.0011570552449987313, "WMC_CK_50%": 0.006790582646092197, "NumberOfUniqueWords_std": 0.007320638224734799, "NumberOfLambdas_min": 0.0, "NumberOfLoops_std": 0.005059169376443622, "NumberOfParenthesizedExps_50%": 0.0022811444947675595, "NumberOfStringLiterals_75%": 0.006339955616756512, "NumberOfLambdas_50%": 0.0, "RFC_max": 0.018243997055055534, "NumberOfAssignments_min": 0.005515065878892537, "Returns_count": 0.003029102322774183, "NumberOfLogStatements_50%": 0.006404444662007627, "NumberOfComparisons_75%": 0.004051857649902018, "NumberOfLogStatements_std": 0.007838794713732037, "IsConstructor_top": 0.002535734204716488, "NumberOfAnonymousClasses_std": 0.003396953912544254, "NumberOfVariables_count": 0.0034266413275175394, "NumberOfComparisons_50%": 0.002987367067267861, "NumberOfInnerClasses_mean": 0.0, "LOCMethod_CK_mean": 0.012179475321338408, "NumberOfTryCatch_count": 0.0034854985774401396, "NumberOfParameters_CK_std": 0.008601054576833685, "NumberOfComparisons_count": 0.0035688998322589162, "NumberOfModifiers_std": 0.006236762569663273, "NumberOfParenthesizedExps_count": 0.0024467877052173166, "NumberOfNumbers_mean": 0.004618362730428302, "NumberOfUniqueWords_count": 0.00321928395113515, "NumberOfTryCatch_max": 0.0030479265404607875, "NumberOfAnonymousClasses_mean": 0.0005355025183029163, "NumberOfLambdas_std": 0.0, "NumberOfModifiers_25%": 0.017886303424691344, "NumberOfNumbers_50%": 0.003319254248992414, "NumberOfLoops_75%": 0.0053899476858061445, "NumberOfComparisons_mean": 0.00630186982202399, "NumberOfMathOperations_mean": 0.006068601804358746, "NumberOfUniqueWords_min": 0.016871200343329115, "NumberOfParameters_CK_min": 0.004368517679757617, "Returns_max": 0.00381879614541071, "NumberOfMathOperations_75%": 0.009093941869361537, "NumberOfStringLiterals_mean": 0.007749399829383317, "NumberOfParenthesizedExps_75%": 0.0020774538129580476,