{"accuracy_score": 0.9200913242009132, "precision_score": 0.6470588235294118, "recall_score": 0.06111111111111111, "f1_score": 0.11167512690355329, "roc_auc_score": 0.6185682697622995, "pr_auc_score": 0.20691270505269016}