{"CyclomaticComplexity": 0.0637438014833948, "NestedTryDepth": 6.497096268562239e-05, "AnonymousInnerClassLength": 0.0015645622942586604, "NumberOfPublicMethods_Checkstyle": 0.012938715304165446, "FileLength": 0.022506853551128136, "NCSSForThisFile": 0.02521586766628035, "ClassDataAbstractionCoupling": 0.008225515432181535, "NCSSForThisClass": 0.019477543891747325, "ThrowsCount": 0.08723397626295695, "NumberOfProtectedMethod": 0.0010890948796388109, "NCSSForThisMethod": 0.17921290858784003, "NestedForDepth": 0.011522278994337906, "NumberOfPrivateMethod": 0.012767985611643605, "MethodLength": 0.20666294177580988, "ExecutableStatementCount": 0.16746408328914958, "NumberOfPackageMethod": 2.3443274233180407e-07, "ClassFanOutComplexity": 0.012579309131234293, "NestedIfElseDepth": 0.03031751410451447, "NumberOfMethods_Checkstyle": 0.012768386978448157, "BooleanExpressionComplexity": 0.019213643589415175, "NPathComplexity": 0.10542981177642699}