{"accuracy_score": 0.9662252640976046, "precision_score": 0.038461538461538464, "recall_score": 0.0049261083743842365, "f1_score": 0.008733624454148473, "roc_auc_score": 0.7143412633752382, "pr_auc_score": 0.05010889653375293}