{"ExecutableStatementCount": 0.12813818494557805, "NCSSForThisFile": 0.012836409246994961, "NumberOfPublicMethods_Checkstyle": 0.020411371438319892, "NumberOfProtectedMethod": 0.009968402068365783, "ClassFanOutComplexity": 0.026123712125770228, "NestedTryDepth": 7.531549448255803e-05, "NumberOfPackageMethod": 6.807271081444858e-05, "NCSSForThisClass": 0.02698686071908182, "ThrowsCount": 0.04251737672743112, "NumberOfPrivateMethod": 0.0011624706071348587, "NestedIfElseDepth": 0.006642021673018527, "NCSSForThisMethod": 0.14352656224141583, "NPathComplexity": 0.14380630586464332, "MethodLength": 0.23702284530640488, "BooleanExpressionComplexity": 0.057646778432659966, "AnonymousInnerClassLength": 0.0, "CyclomaticComplexity": 0.09671182088065107, "ClassDataAbstractionCoupling": 0.009767931540482415, "FileLength": 0.012544478890566866, "NestedForDepth": 0.000161576224498921, "NumberOfMethods_Checkstyle": 0.023881502861684504}