{"accuracy_score": 0.9078947368421053, "precision_score": 0.4, "recall_score": 0.15384615384615385, "f1_score": 0.2222222222222222, "roc_auc_score": 0.6889872717210846, "pr_auc_score": 0.23530482608562572}