{"ClTCi": 0.13443709164287862, "NSF": 0.16170843732233772, "NOL": 0.0, "NPF": 0.026000363806312796, "NOA": 0.0, "TLOC": 0.1348135550571681, "NSM": 0.22988071337057545, "RTLOC": 0.13184686688521957, "NOD": 0.0, "ClRCi": 0.0890136344587506, "PMd": 0.09229933745675724}