{"accuracy_score": 0.9212328767123288, "precision_score": 0.4666666666666667, "recall_score": 0.3181818181818182, "f1_score": 0.3783783783783784, "roc_auc_score": 0.8491582491582491, "pr_auc_score": 0.48098727547890807}