{"NOL": 0.0, "NSF": 0.06408572592420346, "ClRCi": 0.14077969465555742, "NOA": 0.0, "NSM": 0.02797137095031004, "RTLOC": 0.19654756382249317, "NOD": 0.0, "PMd": 0.1134175494048994, "TLOC": 0.25804290597324275, "NPF": 0.02627382494663676, "ClTCi": 0.17288136432265697}