{"accuracy_score": 0.941083640189374, "precision_score": 0.4, "recall_score": 0.03636363636363636, "f1_score": 0.06666666666666667, "roc_auc_score": 0.711968935587026, "pr_auc_score": 0.14995709996626644}