{"accuracy_score": 0.8958904109589041, "precision_score": 0.22093023255813954, "recall_score": 0.10555555555555556, "f1_score": 0.14285714285714285, "roc_auc_score": 0.6426077943615257, "pr_auc_score": 0.12568369303735}