{"accuracy_score": 0.667144906743185, "precision_score": 0.2222222222222222, "recall_score": 0.5098039215686274, "f1_score": 0.3095238095238095, "roc_auc_score": 0.6145493491514253, "pr_auc_score": 0.23429070351219444}