{"NumberOfCoupledClasses": 0.010860921266769887, "NumberOfMethods_Mood": 0.17919987813042063, "NumberOfPublicAttributes": 0.05508392703066057, "Cohesion": 0.18739890517383437, "NumberOfPolymorphicMethods": 0.16352110614475515, "NumberOfPrivateAttributes": 0.10385389839127077, "NumberOfSubclasses": 0.0, "NumberOfProtectedAttributes": 0.02013937283529556, "NumberOfAttributes": 0.1150020993098718, "NumberOfInheritedMethods": 0.0, "NumberPublicMethods": 0.15382410994411985, "NumberOfAncestors": 0.0, "NumberUserDefinedAttributes": 0.011115781773001274}