{"accuracy_score": 0.8741830065359477, "precision_score": 0.2786885245901639, "recall_score": 0.34, "f1_score": 0.30630630630630634, "roc_auc_score": 0.7224021352313167, "pr_auc_score": 0.34829415306737704}