{"ClRCi": 0.1711126354459694, "TLOC": 0.1857855544655989, "NSM": 0.054907617820320755, "NSF": 0.06572094274156243, "NPF": 0.015561842299821363, "NOA": 0.0, "ClTCi": 0.1561754973961433, "NOL": 0.0010408083419634914, "NOD": 0.00010270130988989973, "RTLOC": 0.22582854069371525, "PMd": 0.12376385948501527}