{"accuracy_score": 0.9731465265615878, "precision_score": 0.034482758620689655, "recall_score": 0.05263157894736842, "f1_score": 0.041666666666666664, "roc_auc_score": 0.5632573168458335, "pr_auc_score": 0.013918770345934146}