{"accuracy_score": 0.9952978056426333, "precision_score": 0.0, "recall_score": 0.0, "f1_score": 0.0, "roc_auc_score": 0.6356299212598425, "pr_auc_score": 0.009586912110282259}