;WMC_CK;BuggedMethods
count;1228.0;1228
unique;;2
top;;False
freq;;1186
mean;0.8851791530944625;
std;1.3982205073860539;
min;0.0;
25%;0.0;
50%;1.0;
75%;1.0;
max;19.0;
