{"MaxNumberOfNestedBlocks": 0.2417134622863035, "NumberOfMathOperations": 0.13993972725868156, "Maximum Depth": 0.3567463898467003, "NumberOfModifiers": 0.2616004206083146}