{"accuracy_score": 0.99657664511221, "precision_score": 0.0, "recall_score": 0.0, "f1_score": 0.0, "roc_auc_score": 0.43271852946686923, "pr_auc_score": 0.0024681957385534335}