;MaxNumberOfNestedBlocks;BuggedMethods;NumberOfMathOperations;Maximum Depth;NumberOfModifiers
count;13256.0;13256;13256.0;13256.0;13256.0
unique;;2;;;
top;;False;;;
freq;;13206;;;
mean;0.34007242003621;;0.07724803862401931;0.945835847917924;1.2202021726010863
std;0.7782866949851152;;0.8674897776952819;1.2796497935080826;2.146751598605843
min;0.0;;0.0;0.0;0.0
25%;0.0;;0.0;0.0;0.0
50%;0.0;;0.0;0.0;1.0
75%;0.0;;0.0;2.0;1.0
max;8.0;;80.0;10.0;42.0
