{"ExecutableStatementCount": 0.04538560198853968, "NCSSForThisFile": 0.005865455674256693, "NumberOfVariables": 0.024118904154910872, "NumberOfPublicMethods_Checkstyle": 0.0063881180696804644, "CBO": 0.018646557509987255, "NumberOfUniqueWords": 0.09533245123428023, "NumberOfProtectedMethod": 0.007206735901548421, "ClassFanOutComplexity": 0.01064950258283198, "IsConstructor": 0.009364611455424623, "NestedTryDepth": 0.0, "Calls": 0.03178428786601853, "Statements": 0.027448140595487565, "Complexity": 0.006350556672440023, "Returns": 0.01835087698717911, "NumberOfPackageMethod": 1.4663384940688053e-05, "NCSSForThisClass": 0.008695279403810846, "NumberOfNumbers": 0.033870538602688384, "NumberOfModifiers": 0.018414041653006388, "ThrowsCount": 0.005940428677284796, "NumberOfLoops": 0.00310349466725668, "NumberOfPrivateMethod": 0.0005087468364165951, "Maximum Depth": 0.00742805956162475, "WMC_CK": 0.01842620279229442, "NumberOfParameters_CK": 0.005457388825888244, "NestedIfElseDepth": 0.005427394440944573, "Fin": 0.0002698422566578147, "NCSSForThisMethod": 0.04721744477236729, "NPathComplexity": 0.02763984550399278, "LOCMethod_CK": 0.04788537877172058, "MethodLength": 0.07939995838645326, "NumberOfAnonymousClasses": 0.0, "Ci": 0.0036811684331438253, "NVAR": 0.022169609792991138, "NumberOfLambdas": 0.0, "VG": 0.02022364607062116, "BooleanExpressionComplexity": 0.028075202084474903, "NumberOfMathOperations": 0.026834783225902093, "MCLC": 0.0234888809828217, "NBD": 0.010472100432900833, "NumberOfLogStatements": 0.00013398567829070476, "NCOMP": 0.02223606664405102, "NumberOfStringLiterals": 0.03136990670392479, "AnonymousInnerClassLength": 0.0, "NumberOfParenthesizedExps": 0.03826859041032503, "Si": 0.004763195392975544, "CyclomaticComplexity": 0.025344686814633338, "ClassDataAbstractionCoupling": 0.0070761441556174195, "NumberOfTryCatch": 3.7846767173094314e-06, "FileLength": 0.006433106853055014, "NestedForDepth": 5.727817036474525e-05, "Fout": 0.006762944802302663, "MaxNumberOfNestedBlocks": 0.01419448809196026, "RFC": 0.034146192177235045, "Di": 0.007267415171719833, "NumberOfAssignments": 0.024300365489499546, "IOVars": 0.005164371703243472, "NOP": 0.0020882229551261525, "NumberOfMethods_Checkstyle": 0.0071452534667537275, "NumberOfInnerClasses": 0.0, "NumberOfComparisons": 0.01170810038941537}