{"accuracy_score": 0.9882445141065831, "precision_score": 0.09090909090909091, "recall_score": 0.16666666666666666, "f1_score": 0.11764705882352942, "roc_auc_score": 0.7248031496062992, "pr_auc_score": 0.034008086161622764}