{"accuracy_score": 0.9602649006622517, "precision_score": 0.45454545454545453, "recall_score": 1.0, "f1_score": 0.625, "roc_auc_score": 0.9931506849315068, "pr_auc_score": 0.8064285714285714}