{"accuracy_score": 0.9317073170731708, "precision_score": 0.01694915254237288, "recall_score": 0.07692307692307693, "f1_score": 0.027777777777777776, "roc_auc_score": 0.6521739130434783, "pr_auc_score": 0.017383385645686807}