{"NumberOfProtectedMethod": 0.00010347932684746736, "NumberOfPrivateMethod": 0.0016486843183238788, "NumberOfLogStatements": 0.04145926349072739, "MethodLength": 0.04440866781832484, "NBD": 0.005482715148665448, "NumberOfTryCatch": 0.001489798585167287, "NOP": 0.001481179055271348, "NVAR": 0.004663551970611958, "NumberOfParameters_CK": 0.00241066703853814, "NPathComplexity": 0.01778044432091881, "NumberOfAnonymousClasses": 4.9331078711276584e-05, "NumberOfStringLiterals": 0.040412732537321916, "CBO": 0.04634548173215872, "BooleanExpressionComplexity": 0.0026329404836384425, "Si": 0.0018234851590863926, "NumberOfNumbers": 0.023139930618641714, "CyclomaticComplexity": 0.011418259906728368, "IsConstructor": 0.0018930316143207988, "NumberOfVariables": 0.049218396088193034, "Complexity": 0.0139936292463528, "NumberOfAssignments": 0.03417402774783199, "ThrowsCount": 0.003236465677901905, "NumberOfMathOperations": 0.016911697725216272, "NCSSForThisClass": 0.023054223935428126, "MCLC": 0.0038126198805231663, "Di": 0.0036241844549976493, "NumberOfMethods_Checkstyle": 0.01126733303907592, "Fout": 0.0020784266216793924, "NCOMP": 0.0037714609278418037, "MaxNumberOfNestedBlocks": 0.010591898651540066, "Statements": 0.04793802470719828, "LOCMethod_CK": 0.041654362557887556, "FileLength": 0.019439512987397795, "Maximum Depth": 0.013383640073059313, "ClassFanOutComplexity": 0.035635260233281014, "NestedTryDepth": 0.007507385581056251, "NumberOfLoops": 0.003115142772109844, "IOVars": 0.0035538691524552557, "Fin": 0.0006524247620077252, "RFC": 0.04583518289591799, "VG": 0.0062659923170732155, "ExecutableStatementCount": 0.03576667415890132, "AnonymousInnerClassLength": 0.00010948384150725455, "NumberOfPublicMethods_Checkstyle": 0.012710077451244204, "WMC_CK": 0.01254722269759459, "NumberOfLambdas": 0.0, "NumberOfPackageMethod": 0.00015515093944643967, "NestedForDepth": 6.581166216581195e-05, "NumberOfInnerClasses": 0.0, "NumberOfUniqueWords": 0.04432393824381442, "NumberOfParenthesizedExps": 0.026667056380378733, "ClassDataAbstractionCoupling": 0.05295102022088658, "NumberOfComparisons": 0.0073975379990828165, "NCSSForThisMethod": 0.03384339968863533, "Calls": 0.057771144999367564, "NumberOfModifiers": 0.03418582883914513, "Returns": 0.0025356594312984605, "Ci": 0.003700291328817387, "NCSSForThisFile": 0.02478810564696243, "NestedIfElseDepth": 0.0011227902307210805}