{"NCSSForThisMethod_max": 0.008666515533692647, "NestedTryDepth_std": 0.0013998199950347474, "ThrowsCount_25%": 0.004490093039923304, "NestedTryDepth_max": 0.0011191178367002763, "NCSSForThisMethod_min": 0.002408849404692715, "NumberOfPublicMethods_Checkstyle_25%": 0.0004906282521504674, "NCSSForThisClass_min": 0.0, "MethodLength_min": 0.0031319900620003886, "AnonymousInnerClassLength_mean": 0.00025456880902171176, "NestedIfElseDepth_std": 0.0033156091278579557, "FileLength_min": 0.00014017296829412065, "NestedIfElseDepth_75%": 0.0010693531837042045, "NCSSForThisFile_count": 0.01361394552956972, "NestedTryDepth_count": 0.013440834329705905, "NumberOfProtectedMethod_min": 0.0, "NPathComplexity_50%": 0.005787539864150128, "NPathComplexity_mean": 0.010082207425038804, "ThrowsCount_max": 0.0058910579104333016, "NPathComplexity_max": 0.010671770067686001, "FileLength_std": 0.014597152294720011, "NumberOfProtectedMethod_mean": 0.00961830790647455, "BooleanExpressionComplexity_50%": 0.00038872094007860313, "NCSSForThisClass_std": 0.012030419759560151, "NumberOfMethods_Checkstyle_count": 0.011929736335531349, "NumberOfMethods_Checkstyle_50%": 0.0002597074929179413, "NestedIfElseDepth_max": 0.0021384658656665606, "NCSSForThisFile_min": 0.0, "NumberOfPrivateMethod_25%": 0.0, "NCSSForThisMethod_25%": 0.0036565407849114846, "NPathComplexity_min": 0.003368946185826617, "AnonymousInnerClassLength_count": 0.01093638081178537, "MethodLength_std": 0.014934833542327242, "ClassFanOutComplexity_count": 0.012510051814353437, "NCSSForThisFile_max": 0.012793088499474841, "NestedForDepth_75%": 0.0, "NCSSForThisFile_mean": 0.007693945518215969, "NumberOfPackageMethod_mean": 0.0013792452493498809, "NPathComplexity_count": 0.013047369768356189, "ClassFanOutComplexity_mean": 0.00961959201842748, "ClassFanOutComplexity_min": 0.0, "NumberOfProtectedMethod_50%": 0.0, "CyclomaticComplexity_mean": 0.009498562676107122, "CyclomaticComplexity_25%": 0.0026101476258373222, "BooleanExpressionComplexity_std": 0.005827272520560508, "ClassFanOutComplexity_50%": 0.0004447543369749206, "ExecutableStatementCount_std": 0.01350918158346574, "NumberOfPublicMethods_Checkstyle_std": 0.015952146050982937, "NestedTryDepth_25%": 0.00010694615349542175, "NCSSForThisMethod_mean": 0.009668062525091541, "ClassDataAbstractionCoupling_min": 0.0, "NumberOfPrivateMethod_mean": 0.005437595732346006, "NestedForDepth_25%": 0.0, "NCSSForThisClass_75%": 0.0034868174961027445, "FileLength_25%": 8.614505173422443e-05, "NumberOfMethods_Checkstyle_max": 0.016113106280158468, "NumberOfPublicMethods_Checkstyle_count": 0.013979152189204548, "FileLength_mean": 0.008841323780919043, "ClassDataAbstractionCoupling_std": 0.014567874194452367, "NCSSForThisClass_mean": 0.00628499579170349, "NumberOfPublicMethods_Checkstyle_50%": 0.00013592469700779845, "NCSSForThisClass_50%": 0.00019780562021822634, "AnonymousInnerClassLength_75%": 0.0, "AnonymousInnerClassLength_50%": 0.0, "NCSSForThisFile_25%": 0.0, "BooleanExpressionComplexity_mean": 0.003985870561347893, "ClassFanOutComplexity_std": 0.019363545915963384, "CyclomaticComplexity_min": 0.0009226707642497553, "BooleanExpressionComplexity_count": 0.012373375521445427, "NumberOfPrivateMethod_75%": 0.002322255002361157, "NestedTryDepth_min": 8.479305824333599e-05, "NestedForDepth_min": 0.0, "NumberOfMethods_Checkstyle_min": 0.0, "NumberOfProtectedMethod_25%": 0.0, "NCSSForThisClass_25%": 0.00047025157962552486, "NumberOfPrivateMethod_min": 0.0, "MethodLength_mean": 0.010047125536378817, "NCSSForThisMethod_75%": 0.010095879013956314, "NestedIfElseDepth_min": 0.0, "ThrowsCount_mean": 0.007976820111004448, "NumberOfPrivateMethod_50%": 0.0, "ClassFanOutComplexity_25%": 0.0001250420028314992, "NestedTryDepth_50%": 5.195060365874046e-05, "NPathComplexity_25%": 0.006086912754738277, "NumberOfMethods_Checkstyle_mean": 0.0020795829655165876, "NumberOfPackageMethod_50%": 0.0, "ExecutableStatementCount_75%": 0.009755473707715023, "ClassDataAbstractionCoupling_count": 0.012392708767844133, "FileLength_50%": 7.806199482449562e-05, "NestedIfElseDepth_25%": 0.0006323207191667659, "NumberOfMethods_Checkstyle_75%": 0.0022975532547180005, "NestedTryDepth_mean": 0.001544199355157001, "NumberOfProtectedMethod_std": 0.007768830357104637, "ClassFanOutComplexity_max": 0.036072032215558235, "ExecutableStatementCount_50%": 0.008053606478198968, "NestedForDepth_50%": 0.0, "CyclomaticComplexity_std": 0.011016527425999442, "MethodLength_max": 0.011469028514646717, "MethodLength_25%": 0.004475330466242746, "NestedForDepth_std": 0.00174981878994208, "NestedForDepth_count": 0.013247229336862528, "NumberOfPackageMethod_min": 0.0, "NumberOfPublicMethods_Checkstyle_max": 0.014397102893294603, "NumberOfPackageMethod_max": 0.0027318609327970805, "ClassDataAbstractionCoupling_75%": 0.001856576792600996, "ClassDataAbstractionCoupling_mean": 0.007870082936715496, "BooleanExpressionComplexity_max": 0.0013601977914200556, "AnonymousInnerClassLength_25%": 0.0, "NCSSForThisClass_max": 0.010619544726788117, "NumberOfPackageMethod_count": 0.011878873593585873, "MethodLength_50%": 0.006816220545816392, "ThrowsCount_count": 0.013743859363909372, "BooleanExpressionComplexity_min": 0.0, "NPathComplexity_std": 0.014534678973440239, "AnonymousInnerClassLength_min": 0.0, "BooleanExpressionComplexity_25%": 0.0002739962687938296, "NumberOfPublicMethods_Checkstyle_75%": 0.0038167180182759677, "ExecutableStatementCount_25%": 0.0034437536700550925, "NumberOfPublicMethods_Checkstyle_mean": 0.007453491986080374, "NestedTryDepth_75%": 0.0003382176774294344, "NCSSForThisMethod_std": 0.012407415318622644, "NumberOfPrivateMethod_count": 0.01137547879735981, "NumberOfMethods_Checkstyle_std": 0.015415949935138425, "NumberOfPackageMethod_25%": 0.0, "AnonymousInnerClassLength_max": 0.00016033645948582015, "NumberOfProtectedMethod_count": 0.01374172574326793, "NCSSForThisFile_std": 0.009262764614293813, "NumberOfMethods_Checkstyle_25%": 0.0002490807211547149, "FileLength_75%": 0.001980065028419589, "ExecutableStatementCount_mean": 0.010671667349496282, "AnonymousInnerClassLength_std": 0.0002834075313337354, "NumberOfPrivateMethod_max": 0.0030978893018370423, "NPathComplexity_75%": 0.010389411169954382, "ClassDataAbstractionCoupling_max": 0.01954264022766487, "NestedForDepth_max": 0.0014217849662614035, "ThrowsCount_min": 0.0002729246910816583, "ThrowsCount_std": 0.020193459284610905, "NCSSForThisMethod_50%": 0.007933156812050294, "CyclomaticComplexity_50%": 0.004155393348568887, "ClassDataAbstractionCoupling_25%": 0.0, "NumberOfPackageMethod_75%": 0.0, "NumberOfProtectedMethod_75%": 0.0009365534372870734, "BooleanExpressionComplexity_75%": 0.0031612536078086135, "ExecutableStatementCount_max": 0.008424656779934207, "NestedIfElseDepth_50%": 0.0009585874294970223, "MethodLength_count": 0.012785970497990665, "NCSSForThisClass_count": 0.01333952918341078, "CyclomaticComplexity_count": 0.013239435694557617, "CyclomaticComplexity_75%": 0.00758274734418065, "NestedIfElseDepth_mean": 0.004042762224311495, "NCSSForThisFile_50%": 9.174490572950275e-05, "ExecutableStatementCount_min": 0.002536523092726919, "MethodLength_75%": 0.008363685582585557, "ClassFanOutComplexity_75%": 0.0032470926104430577, "NumberOfPublicMethods_Checkstyle_min": 0.0, "NestedForDepth_mean": 0.0018667167456570576, "ThrowsCount_50%": 0.004377232442238123, "FileLength_max": 0.014473038545995158, "ThrowsCount_75%": 0.0031385076318619907, "NestedIfElseDepth_count": 0.016584289437539354, "NCSSForThisMethod_count": 0.016712469698168086, "ClassDataAbstractionCoupling_50%": 0.0002150670616850093, "NumberOfPrivateMethod_std": 0.004773368422442751, "CyclomaticComplexity_max": 0.008797187488962604, "NumberOfPackageMethod_std": 0.0015731192928225225, "FileLength_count": 0.014299195403415442, "NCSSForThisFile_75%": 0.0023507279732986565, "ExecutableStatementCount_count": 0.012252184619182625, "NumberOfProtectedMethod_max": 0.026023436165363904}