{"accuracy_score": 0.9212328767123288, "precision_score": 0.45454545454545453, "recall_score": 0.22727272727272727, "f1_score": 0.30303030303030304, "roc_auc_score": 0.6991582491582492, "pr_auc_score": 0.310537193520253}