{"accuracy_score": 0.939922480620155, "precision_score": 0.44660194174757284, "recall_score": 0.40707964601769914, "f1_score": 0.425925925925926, "roc_auc_score": 0.8228274132167304, "pr_auc_score": 0.3599358454441694}