{"NumberOfParameters_CK": 0.028333117248370468, "NumberOfLogStatements": 3.7877054029005394e-07, "NumberOfLoops": 0.0016855516497914463, "Returns": 0.053753070399302334, "NumberOfVariables": 0.01875700184889485, "NumberOfTryCatch": 0.0019076317738014896, "NumberOfInnerClasses": 0.0, "NumberOfAnonymousClasses": 0.0, "NumberOfMathOperations": 0.0037164756905563546, "NumberOfUniqueWords": 0.32520520397984976, "CBO": 0.11954886768689271, "RFC": 0.08550521174612433, "WMC_CK": 0.045656422848354, "NumberOfComparisons": 0.03943226162591692, "IsConstructor": 0.0030511051198858974, "MaxNumberOfNestedBlocks": 0.010919740563857914, "NumberOfLambdas": 0.0, "NumberOfParenthesizedExps": 0.003902581494151822, "NumberOfModifiers": 0.06968285470779785, "NumberOfNumbers": 0.021752983280321735, "NumberOfAssignments": 0.05213569695487942, "LOCMethod_CK": 0.10479535853581914, "NumberOfStringLiterals": 0.010258484074891164}