{"accuracy_score": 0.890530557421088, "precision_score": 0.18181818181818182, "recall_score": 0.026845637583892617, "f1_score": 0.04678362573099415, "roc_auc_score": 0.7016878693779425, "pr_auc_score": 0.20394099639912838}