{"TLOC": 0.10321159467731618, "NPF": 0.05651333899052455, "NOL": 0.0, "PMd": 0.08477036257163227, "NOD": 0.0, "NSF": 0.2703302320156639, "NOA": 0.0, "RTLOC": 0.1356248073927471, "ClTCi": 0.13448302587823655, "NSM": 0.04016374678885274, "ClRCi": 0.17490289168502654}