{"MethodLength": 0.644744040440438, "FileLength": 0.3537848065894431, "AnonymousInnerClassLength": 0.0014711529701190449}