;BuggedMethods;MethodLength;FileLength;AnonymousInnerClassLength
count;4225;4225.0;4225.0;4225.0
unique;2;;;
top;False;;;
freq;4108;;;
mean;;8.12923076923077;16.779171597633137;0.07242603550295858
std;;25.343359135535437;93.39694248377391;1.2819623512279648
min;;0.0;0.0;0.0
25%;;0.0;0.0;0.0
50%;;3.0;0.0;0.0
75%;;6.0;0.0;0.0
max;;719.0;3176.0;37.0
