{"ClassFanOutComplexity_max": 0.0040920982140072466, "BooleanExpressionComplexity_std": 0.014858418780442414, "NumberOfProtectedMethod_min": 0.0, "NumberOfPrivateMethod_std": 0.0035813497944563403, "NumberOfProtectedMethod_max": 0.003728690293237332, "NumberOfMethods_Checkstyle_50%": 0.0003114783446939377, "NPathComplexity_25%": 0.009957966418678806, "AnonymousInnerClassLength_min": 0.0, "NumberOfPackageMethod_count": 0.008949398634984352, "NestedForDepth_min": 0.0, "NumberOfPrivateMethod_50%": 0.0, "ClassDataAbstractionCoupling_mean": 0.007049225815560752, "ThrowsCount_min": 5.7646435197455604e-05, "NPathComplexity_50%": 0.007138112100070582, "MethodLength_count": 0.007190410420082656, "AnonymousInnerClassLength_75%": 0.0, "NestedForDepth_std": 0.0035689840644415535, "ExecutableStatementCount_mean": 0.010530288149106793, "MethodLength_25%": 0.007461091452404681, "NCSSForThisFile_count": 0.0071073358704681535, "NumberOfMethods_Checkstyle_min": 0.0, "ThrowsCount_25%": 0.0005657061879538795, "NCSSForThisClass_min": 5.584924555372603e-05, "NCSSForThisClass_std": 0.011267186627260171, "ClassFanOutComplexity_25%": 0.0007878878787799535, "NestedTryDepth_75%": 0.0, "AnonymousInnerClassLength_count": 0.0066092546307791, "ExecutableStatementCount_75%": 0.00853858228436329, "BooleanExpressionComplexity_mean": 0.015655911368973745, "ThrowsCount_75%": 0.0014755984093354922, "NumberOfProtectedMethod_50%": 0.0, "NCSSForThisMethod_count": 0.008070922867231595, "NCSSForThisClass_75%": 0.005568909927825174, "CyclomaticComplexity_mean": 0.018370796900164542, "NumberOfPrivateMethod_75%": 0.0004730201679158605, "NestedTryDepth_max": 8.87858157005469e-05, "AnonymousInnerClassLength_std": 0.00036145510036317345, "AnonymousInnerClassLength_max": 0.00034032115171896333, "ExecutableStatementCount_count": 0.00902863686456293, "NumberOfPrivateMethod_mean": 0.004836894426578101, "ClassDataAbstractionCoupling_max": 0.004161511698980889, "ClassFanOutComplexity_std": 0.006080353352485688, "CyclomaticComplexity_75%": 0.013540974360810335, "NumberOfMethods_Checkstyle_75%": 0.0005977838686830379, "NumberOfPublicMethods_Checkstyle_std": 0.004298260161577705, "NumberOfPackageMethod_mean": 0.005976308815770109, "NumberOfPublicMethods_Checkstyle_75%": 0.0026778481597071395, "MethodLength_75%": 0.011978746687093521, "FileLength_std": 0.017433202222054335, "FileLength_count": 0.01045510736623906, "NCSSForThisFile_75%": 0.00392425717333375, "NPathComplexity_std": 0.022371844852766512, "ThrowsCount_max": 0.0018976632304644199, "NumberOfPublicMethods_Checkstyle_count": 0.008098516822431014, "ClassFanOutComplexity_count": 0.007915945708302194, "NCSSForThisMethod_25%": 0.0114115954454562, "FileLength_75%": 0.002614368747691768, "BooleanExpressionComplexity_min": 0.001469631852714557, "NestedForDepth_max": 0.00201505360637834, "MethodLength_min": 0.0028527434064427423, "CyclomaticComplexity_max": 0.0192624549532739, "NumberOfProtectedMethod_mean": 0.004786230122779249, "NestedIfElseDepth_mean": 0.005091158803269109, "NestedIfElseDepth_25%": 6.629172714078373e-05, "CyclomaticComplexity_min": 0.006252355779525684, "NestedForDepth_50%": 0.00010385187182099657, "ClassFanOutComplexity_50%": 0.0008780570946951562, "NCSSForThisMethod_min": 0.004370879881722154, "NPathComplexity_min": 0.008973721481064574, "NPathComplexity_mean": 0.030314223569045572, "FileLength_max": 0.020548677955150117, "NCSSForThisMethod_75%": 0.014701698761512299, "NCSSForThisClass_50%": 0.0005811594096133021, "NestedTryDepth_std": 4.158125259042689e-05, "ExecutableStatementCount_25%": 0.007706110993785073, "ThrowsCount_mean": 0.004032778966574411, "ClassDataAbstractionCoupling_25%": 0.00011521740275330304, "AnonymousInnerClassLength_25%": 0.0, "NumberOfPublicMethods_Checkstyle_max": 0.00515240976900178, "ThrowsCount_std": 0.002846636981886175, "MethodLength_std": 0.019535455708193664, "AnonymousInnerClassLength_50%": 0.0, "NCSSForThisClass_mean": 0.009697673185373193, "ClassDataAbstractionCoupling_count": 0.005848701784440298, "ClassFanOutComplexity_min": 5.023868186017863e-05, "ExecutableStatementCount_min": 0.0026251001016019096, "CyclomaticComplexity_count": 0.006703770938041444, "ClassDataAbstractionCoupling_75%": 0.0027580299453599006, "FileLength_25%": 0.0004009123936732064, "NumberOfPublicMethods_Checkstyle_25%": 0.0013589775675376598, "NumberOfPackageMethod_50%": 0.0, "NestedTryDepth_min": 0.0, "NestedIfElseDepth_50%": 0.00010743393430476664, "ClassDataAbstractionCoupling_min": 0.0, "NCSSForThisClass_max": 0.009926535153516937, "ClassDataAbstractionCoupling_std": 0.00788316375887071, "ThrowsCount_50%": 0.0009056974508084028, "MethodLength_mean": 0.009210948206861497, "CyclomaticComplexity_25%": 0.009987573895120484, "NumberOfPackageMethod_25%": 0.0, "NumberOfMethods_Checkstyle_max": 0.007668207737741501, "NumberOfMethods_Checkstyle_std": 0.005912148156832066, "NumberOfProtectedMethod_25%": 8.71987212964282e-05, "NCSSForThisMethod_max": 0.027129589059970267, "NestedTryDepth_50%": 0.0, "NestedForDepth_25%": 0.0, "ClassFanOutComplexity_75%": 0.0014341735755766406, "NumberOfPackageMethod_min": 0.0, "MethodLength_50%": 0.010037922550467874, "NumberOfPrivateMethod_count": 0.008453085911344796, "NumberOfPrivateMethod_max": 0.002707240934726865, "BooleanExpressionComplexity_50%": 0.009888869943059857, "NestedIfElseDepth_count": 0.008942786883501459, "ExecutableStatementCount_std": 0.014714014967576823, "NestedIfElseDepth_std": 0.00497523521831866, "NumberOfMethods_Checkstyle_count": 0.008830062306983017, "NCSSForThisFile_50%": 0.00022881961745274107, "NumberOfPackageMethod_std": 0.004718307122703889, "NestedForDepth_75%": 0.00012337887766605815, "NumberOfProtectedMethod_75%": 0.0005680939686472359, "NumberOfPublicMethods_Checkstyle_mean": 0.0044133723853535135, "NumberOfPackageMethod_75%": 0.0, "AnonymousInnerClassLength_mean": 0.00031074074891286103, "NCSSForThisFile_mean": 0.011019017272334345, "NumberOfMethods_Checkstyle_25%": 0.0002965391449889575, "NPathComplexity_75%": 0.010813869490246033, "MethodLength_max": 0.03408374639426711, "NCSSForThisFile_25%": 0.0, "NestedTryDepth_25%": 0.0, "NumberOfProtectedMethod_std": 0.006672030023048977, "NumberOfPublicMethods_Checkstyle_min": 0.0, "NestedIfElseDepth_75%": 0.0018433417786969854, "NCSSForThisMethod_50%": 0.01242951080467701, "NCSSForThisFile_std": 0.012702184012925591, "ExecutableStatementCount_50%": 0.010189659380820334, "NestedIfElseDepth_max": 0.001477752810860811, "NCSSForThisFile_max": 0.010978544206104958, "NCSSForThisClass_25%": 0.0001411488267115602, "NCSSForThisClass_count": 0.008157270979312145, "CyclomaticComplexity_50%": 0.007841587185972424, "NumberOfPublicMethods_Checkstyle_50%": 0.0012464682262226792, "BooleanExpressionComplexity_max": 0.005032904646375153, "NestedTryDepth_mean": 0.00018167771938547755, "NestedTryDepth_count": 0.008505759925756935, "BooleanExpressionComplexity_75%": 0.007388650871916896, "NumberOfPrivateMethod_25%": 0.0, "NumberOfProtectedMethod_count": 0.007215331282435915, "FileLength_mean": 0.014292686722148567, "NumberOfPrivateMethod_min": 0.0, "NCSSForThisMethod_std": 0.01599046059157669, "BooleanExpressionComplexity_count": 0.00889244657037708, "NCSSForThisMethod_mean": 0.013603617082572196, "NCSSForThisFile_min": 0.0, "NumberOfMethods_Checkstyle_mean": 0.004515292777283036, "ClassDataAbstractionCoupling_50%": 0.0, "NestedIfElseDepth_min": 0.0, "FileLength_50%": 0.00038092300698105535, "NestedForDepth_mean": 0.004396960891414991, "NPathComplexity_count": 0.007258156939693265, "ThrowsCount_count": 0.007992301429354065, "NPathComplexity_max": 0.016234372661808966, "NumberOfPackageMethod_max": 0.0018143532564098776, "CyclomaticComplexity_std": 0.0275882107302912, "FileLength_min": 9.229479178344658e-05, "NestedForDepth_count": 0.008866132750727392, "ClassFanOutComplexity_mean": 0.0077155703496281924, "ExecutableStatementCount_max": 0.021285005045398722, "BooleanExpressionComplexity_25%": 0.007445329066313605}