{"accuracy_score": 0.8278145695364238, "precision_score": 0.1111111111111111, "recall_score": 0.6, "f1_score": 0.18750000000000003, "roc_auc_score": 0.8773972602739727, "pr_auc_score": 0.1811901986901987}