{"ClassDataAbstractionCoupling_75%": 0.0059490340400483325, "NCSSForThisFile_mean": 0.00997042982020654, "NestedTryDepth_min": 1.661955164026032e-05, "FileLength_mean": 0.012430657312568578, "NCSSForThisFile_count": 0.0060943804956217805, "BooleanExpressionComplexity_std": 0.003275588029168816, "NCSSForThisClass_mean": 0.01148898042708903, "AnonymousInnerClassLength_mean": 0.004061637155072267, "CyclomaticComplexity_mean": 0.011849730665845602, "NumberOfMethods_Checkstyle_mean": 0.007391685780758605, "CyclomaticComplexity_50%": 0.004654741536501189, "NumberOfPackageMethod_count": 0.005820725588402781, "NumberOfPackageMethod_std": 0.00012512781254264742, "NumberOfPrivateMethod_max": 0.0032780687234745948, "NumberOfProtectedMethod_count": 0.004821262132621092, "FileLength_50%": 0.002422308305016222, "NCSSForThisClass_25%": 0.0014453294883490669, "NumberOfPackageMethod_mean": 0.00018833508203347027, "ClassFanOutComplexity_75%": 0.005372653931123531, "CyclomaticComplexity_count": 0.004830910506527255, "NestedIfElseDepth_50%": 0.00032940910479355807, "NumberOfPublicMethods_Checkstyle_count": 0.00564235573319106, "NumberOfPublicMethods_Checkstyle_std": 0.01206521599665195, "NumberOfProtectedMethod_std": 0.0020626048054223052, "AnonymousInnerClassLength_75%": 0.0007981987112244481, "NPathComplexity_max": 0.010849866216747656, "ThrowsCount_50%": 0.0023244151506555018, "ClassFanOutComplexity_max": 0.03177433278101289, "ClassDataAbstractionCoupling_mean": 0.024005857857086282, "NCSSForThisClass_max": 0.014185984184187126, "NumberOfPrivateMethod_std": 0.004100617956219381, "NCSSForThisMethod_50%": 0.01112805957738831, "MethodLength_50%": 0.010510659031945603, "NPathComplexity_std": 0.013308012654524864, "NumberOfPublicMethods_Checkstyle_50%": 0.0002187186350175908, "FileLength_min": 0.00011016457830197904, "FileLength_25%": 0.0023397301654810125, "ClassFanOutComplexity_count": 0.00598793976926709, "NestedTryDepth_25%": 0.001619404701652177, "NCSSForThisFile_25%": 0.0012684566101248322, "NumberOfMethods_Checkstyle_25%": 0.0003090705342712871, "NCSSForThisFile_max": 0.015559527283790007, "NPathComplexity_50%": 0.008659365573285104, "MethodLength_count": 0.0052015070026088725, "ThrowsCount_min": 0.003850369990653709, "NPathComplexity_count": 0.0054869849837635475, "ExecutableStatementCount_max": 0.02135516793444052, "NumberOfPackageMethod_25%": 0.0, "AnonymousInnerClassLength_count": 0.005492987165109317, "AnonymousInnerClassLength_50%": 2.1853071271660234e-05, "CyclomaticComplexity_min": 0.002145177936505354, "NCSSForThisClass_std": 0.015595478185985787, "NumberOfMethods_Checkstyle_75%": 0.0008950198052092654, "NestedTryDepth_count": 0.005512448468699454, "AnonymousInnerClassLength_min": 0.0, "ClassFanOutComplexity_min": 0.00010743883780075065, "ClassFanOutComplexity_25%": 0.001157544245292995, "ExecutableStatementCount_mean": 0.013403818472025375, "ClassDataAbstractionCoupling_max": 0.041431281422669115, "NCSSForThisClass_min": 3.670196021889818e-05, "NumberOfPackageMethod_max": 0.00012476589900470327, "CyclomaticComplexity_std": 0.009674352869327987, "NumberOfProtectedMethod_50%": 0.0, "CyclomaticComplexity_25%": 0.002916732521357243, "ThrowsCount_75%": 0.0028814988897944782, "NCSSForThisMethod_25%": 0.008107804312929255, "NCSSForThisMethod_max": 0.021082166204477466, "NestedForDepth_mean": 0.0011467139035523646, "FileLength_max": 0.013294022253659613, "NCSSForThisClass_75%": 0.002965070082819924, "NestedIfElseDepth_mean": 0.003799647306423807, "NestedForDepth_max": 0.0006897857201009753, "NumberOfProtectedMethod_max": 0.0018512371003484931, "BooleanExpressionComplexity_max": 0.0019036404503230842, "NumberOfMethods_Checkstyle_min": 0.00013349909848752494, "ExecutableStatementCount_50%": 0.011829148787687252, "NumberOfMethods_Checkstyle_max": 0.010254028114545826, "NestedTryDepth_75%": 0.0033240632474570513, "CyclomaticComplexity_75%": 0.009055335528187866, "ThrowsCount_max": 0.0009522651142375032, "MethodLength_std": 0.011521929357551187, "FileLength_std": 0.013721914033256975, "NumberOfProtectedMethod_min": 0.0, "ThrowsCount_mean": 0.00872665888519343, "NumberOfPublicMethods_Checkstyle_25%": 0.0004281206311588191, "NestedForDepth_min": 0.0, "ClassFanOutComplexity_50%": 0.0021897235111530064, "BooleanExpressionComplexity_count": 0.005299364398425019, "CyclomaticComplexity_max": 0.0065088149741876515, "NCSSForThisMethod_count": 0.004589323923756904, "ExecutableStatementCount_75%": 0.010249164885914064, "NumberOfPrivateMethod_50%": 0.0, "NumberOfPublicMethods_Checkstyle_max": 0.009133827328570066, "BooleanExpressionComplexity_mean": 0.003075780739441983, "ExecutableStatementCount_25%": 0.008460929454279264, "ExecutableStatementCount_count": 0.005473211960617327, "BooleanExpressionComplexity_25%": 1.8910951181673278e-05, "NPathComplexity_75%": 0.008599933970651737, "ClassDataAbstractionCoupling_25%": 0.0011651089383601181, "NumberOfPackageMethod_min": 0.0, "ClassDataAbstractionCoupling_count": 0.00504794813153763, "AnonymousInnerClassLength_max": 0.003722778818870863, "BooleanExpressionComplexity_50%": 0.00011670370018987399, "NCSSForThisMethod_mean": 0.013639758498621226, "ThrowsCount_std": 0.009762732495814636, "NestedIfElseDepth_max": 0.005145858081993843, "NumberOfPublicMethods_Checkstyle_75%": 0.002012960239653446, "NCSSForThisMethod_std": 0.01711832642677921, "NumberOfPrivateMethod_min": 0.0, "NCSSForThisFile_min": 0.0002258179436028082, "NestedForDepth_50%": 1.6636141909032056e-05, "NumberOfPackageMethod_50%": 0.0, "AnonymousInnerClassLength_25%": 0.0, "NumberOfMethods_Checkstyle_50%": 0.0003901275337739693, "MethodLength_min": 0.005511845735269039, "NCSSForThisMethod_75%": 0.008970705899157569, "ClassDataAbstractionCoupling_std": 0.05511349900533992, "NestedIfElseDepth_std": 0.003790669912982644, "NCSSForThisFile_std": 0.016579069338274043, "NestedTryDepth_50%": 0.0036284231757180182, "MethodLength_75%": 0.011329422117683658, "NCSSForThisFile_75%": 0.004141694680683318, "NestedTryDepth_mean": 0.0028343767308934465, "NCSSForThisFile_50%": 0.0006114257485578266, "FileLength_count": 0.00619785616019495, "NPathComplexity_25%": 0.006568541858403615, "NCSSForThisMethod_min": 0.0063178669561446965, "NestedTryDepth_std": 0.003699851157506743, "NCSSForThisClass_count": 0.00525811312825355, "AnonymousInnerClassLength_std": 0.004212369201813069, "ExecutableStatementCount_min": 0.005350531587820001, "BooleanExpressionComplexity_75%": 0.0006798906737086113, "ClassFanOutComplexity_mean": 0.011763812906951547, "NumberOfProtectedMethod_mean": 0.0016384823003689334, "NumberOfPublicMethods_Checkstyle_min": 2.4929327460390477e-05, "NumberOfPackageMethod_75%": 0.0, "ThrowsCount_count": 0.005564426542054947, "NestedIfElseDepth_25%": 0.0003187992511828168, "ExecutableStatementCount_std": 0.019831443035637972, "MethodLength_mean": 0.011571078174395802, "NPathComplexity_min": 0.0038538783383956325, "NumberOfProtectedMethod_75%": 0.0, "NCSSForThisClass_50%": 0.001222979949378218, "NestedForDepth_25%": 2.122869045186804e-05, "NumberOfPrivateMethod_count": 0.005386090029276404, "NumberOfProtectedMethod_25%": 0.0, "NestedIfElseDepth_min": 0.0, "NestedTryDepth_max": 0.003074552431057685, "NestedForDepth_std": 0.0018742719738580617, "MethodLength_25%": 0.009268303376151423, "NumberOfMethods_Checkstyle_count": 0.006118199039857872, "NestedForDepth_75%": 0.00046265477282351943, "ClassFanOutComplexity_std": 0.030069563995056094, "NestedIfElseDepth_count": 0.0052501548111864105, "NumberOfPrivateMethod_25%": 1.5419899477870515e-05, "ThrowsCount_25%": 0.0035524525254128805, "NPathComplexity_mean": 0.011266530966911647, "NumberOfPrivateMethod_75%": 0.0011209135145358515, "NestedIfElseDepth_75%": 0.0013577005444441509, "BooleanExpressionComplexity_min": 6.852058464064415e-05, "MethodLength_max": 0.013406030093547718, "NumberOfPublicMethods_Checkstyle_mean": 0.009572753333420907, "NestedForDepth_count": 0.005220660342808172, "NumberOfPrivateMethod_mean": 0.004306449939265433,