{"accuracy_score": 0.952656496580747, "precision_score": 0.8125, "recall_score": 0.23636363636363636, "f1_score": 0.36619718309859156, "roc_auc_score": 0.7990787269681743, "pr_auc_score": 0.42834258649796053}