{"accuracy_score": 0.9619970193740686, "precision_score": 0.0, "recall_score": 0.0, "f1_score": 0.0, "roc_auc_score": 0.788282872445076, "pr_auc_score": 0.08024923092284858}