{"accuracy_score": 0.9665322580645161, "precision_score": 0.2, "recall_score": 0.056338028169014086, "f1_score": 0.08791208791208792, "roc_auc_score": 0.7047807809914698, "pr_auc_score": 0.07941903724835606}