{"accuracy_score": 0.952656496580747, "precision_score": 0.8571428571428571, "recall_score": 0.21818181818181817, "f1_score": 0.34782608695652173, "roc_auc_score": 0.869430485762144, "pr_auc_score": 0.44227790313813375}