{"accuracy_score": 0.8968036529680365, "precision_score": 0.23255813953488372, "recall_score": 0.1111111111111111, "f1_score": 0.15037593984962405, "roc_auc_score": 0.616094527363184, "pr_auc_score": 0.18885403604067827}