{"accuracy_score": 0.9634873323397913, "precision_score": 0.0, "recall_score": 0.0, "f1_score": 0.0, "roc_auc_score": 0.7575472729260029, "pr_auc_score": 0.08253709211418025}