{"MCLC": 0.12819693323572673, "Di": 0.08575497454636995, "Fin": 0.04485094410453123, "NVAR": 0.08412156840372746, "NBD": 0.14476012248390316, "Si": 0.019594499875951892, "IOVars": 0.057364514759742004, "Fout": 0.01905296956674922, "VG": 0.21384581719410561, "Ci": 0.07270805434454453, "NOP": 0.023089961917606986, "NCOMP": 0.10665963956704136}