{"accuracy_score": 0.9488467261904762, "precision_score": 0.023255813953488372, "recall_score": 0.004273504273504274, "f1_score": 0.007220216606498196, "roc_auc_score": 0.597121659402873, "pr_auc_score": 0.0558744554709291}