{"NCSSForThisFile": 0.024158113019286113, "Ci": 0.010973123486867785, "NumberOfParenthesizedExps": 0.05018735969261439, "Di": 0.010649792801800487, "NVAR": 0.019091980697072675, "MethodLength": 0.08117503616013988, "NestedTryDepth": 1.20765474049345e-05, "WMC_CK": 0.013656464187758599, "Fin": 0.02304486599557553, "NumberOfLogStatements": 0.0014443091246261295, "LOCMethod_CK": 0.044094561352642045, "IsConstructor": 0.0012471652253341083, "NCSSForThisClass": 0.016884115133805142, "IOVars": 0.013228930850625148, "NBD": 0.018625381304554028, "NumberOfStringLiterals": 0.03257397248786757, "MaxNumberOfNestedBlocks": 0.010711158164635502, "AnonymousInnerClassLength": 8.55601671122299e-05, "VG": 0.013946357643130848, "RFC": 0.05115515890448792, "NumberOfMethods_Checkstyle": 0.008281746785225608, "NumberOfAnonymousClasses": 1.3855940860188302e-05, "NumberOfNumbers": 0.024104525570154554, "ExecutableStatementCount": 0.04533033565301728, "NumberOfMathOperations": 0.008862375732522817, "NestedForDepth": 7.596783959247306e-05, "NCOMP": 0.01350711076114219, "NumberOfInnerClasses": 8.343865013022658e-06, "NumberOfLambdas": 4.959122543476005e-09, "NumberOfModifiers": 0.016038406048896454, "NumberOfParameters_CK": 0.006408877978394089, "CBO": 0.03533487917518896, "NOP": 0.004927526012623231, "FileLength": 0.02292698916372334, "NumberOfVariables": 0.02904943204409789, "NumberOfTryCatch": 0.000162453152358844, "NumberOfUniqueWords": 0.07892093023115317, "ClassFanOutComplexity": 0.017564483791834604, "BooleanExpressionComplexity": 0.0006540999796920122, "ClassDataAbstractionCoupling": 0.00686560893361666, "NumberOfProtectedMethod": 0.0004630393728937602, "NPathComplexity": 0.018493448678504967, "ThrowsCount": 0.01549817278305305, "NumberOfComparisons": 0.03132045208015126, "Si": 0.003178086600139861, "Maximum Depth": 0.026678306305741722, "CyclomaticComplexity": 0.013657351585055925, "NumberOfPrivateMethod": 0.005499732423854409, "Returns": 0.006124748327790313, "NCSSForThisMethod": 0.04926547773999883, "NumberOfAssignments": 0.03216991143319207, "NestedIfElseDepth": 0.0061343487815201814, "NumberOfPublicMethods_Checkstyle": 0.007781518069627208, "Fout": 0.00392666679538809, "NumberOfLoops": 0.004287818973130757, "NumberOfPackageMethod": 0.0009379223045082239, "MCLC": 0.018599561179878463}