{"NumberOfComparisons": 0.015876256074172174, "Maximum Depth": 0.047397394899931736, "RFC": 0.07830358647149459, "NumberOfInnerClasses": 0.0, "Di": 0.01045019975075435, "NumberOfAssignments": 0.03581628338340633, "NumberOfParameters_CK": 0.008673730196909868, "NumberOfLoops": 0.009536230767522151, "NumberOfLambdas": 0.021342396981370984, "NumberOfUniqueWords": 0.12789256338091443, "NOP": 0.0035456515645683126, "Fin": 0.006718660848517316, "LOCMethod_CK": 0.07367718659447961, "NumberOfModifiers": 0.031807187292766596, "Fout": 0.004988315208698636, "MaxNumberOfNestedBlocks": 0.012083473292049809, "NCOMP": 0.01760764306926607, "FileLength": 0.04694332127495711, "MCLC": 0.01712146335211403, "Ci": 0.011204496470267727, "Returns": 0.019251367540424606, "NumberOfMathOperations": 0.02045617982680724, "VG": 0.01576703370193341, "NumberOfNumbers": 0.02779636403711836, "NumberOfAnonymousClasses": 0.003896518128096496, "NumberOfLogStatements": 0.0004685904606496385, "NumberOfTryCatch": 0.0005018677844187794, "CBO": 0.0691693551804224, "MethodLength": 0.09720616772827276, "NumberOfVariables": 0.034384010339775305, "NumberOfParenthesizedExps": 0.007772940866315208, "NVAR": 0.00661575571199524, "AnonymousInnerClassLength": 0.01067343564101619, "NBD": 0.009243875208717776, "WMC_CK": 0.030530997181310863, "IOVars": 0.007269052936310767, "NumberOfStringLiterals": 0.05161175053288397, "Si": 0.005127712030311768, "IsConstructor": 0.0012709842890572093}