{"accuracy_score": 0.9699437880004589, "precision_score": 0.06666666666666667, "recall_score": 0.00847457627118644, "f1_score": 0.015037593984962405, "roc_auc_score": 0.6915722882055403, "pr_auc_score": 0.04343709507279421}