{"NumberOfVariables": 0.034733775849192815, "CBO": 0.030087430558456217, "NumberOfUniqueWords": 0.11863377858763831, "IsConstructor": 0.011702359128233707, "Returns": 0.02398344382386893, "NumberOfNumbers": 0.04619200252477533, "NumberOfModifiers": 0.024206496066025072, "NumberOfLoops": 0.0053713886310483945, "WMC_CK": 0.025064953334541444, "Maximum Depth": 0.015259696928848956, "NumberOfParameters_CK": 0.009150868573501626, "Fin": 0.0002441050575180421, "NVAR": 0.031799553442485695, "LOCMethod_CK": 0.08914953866552514, "NumberOfAnonymousClasses": 0.0, "MethodLength": 0.12517753634391066, "Ci": 0.0043462480098404995, "NumberOfLambdas": 0.0, "VG": 0.03571663200556581, "NumberOfMathOperations": 0.03125256680139179, "MCLC": 0.028922893834019366, "NBD": 0.015184959307762386, "NumberOfLogStatements": 7.673461562843263e-07, "NCOMP": 0.030717817452496132, "NumberOfStringLiterals": 0.05263940245480535, "AnonymousInnerClassLength": 0.0, "NumberOfParenthesizedExps": 0.04851960292575257, "Si": 0.007400723201177095, "NumberOfTryCatch": 4.5997361567894135e-05, "FileLength": 0.012475262004592154, "Fout": 0.007450111823400093, "MaxNumberOfNestedBlocks": 0.015537577629793587, "RFC": 0.051681371892421286, "Di": 0.009257212758785624, "NumberOfAssignments": 0.03403775300278686, "IOVars": 0.00615406770375363, "NOP": 0.0029006618808491906, "NumberOfInnerClasses": 0.0, "NumberOfComparisons": 0.015001443087512103}