{"NestedTryDepth": 5.334959275795184e-05, "NestedForDepth": 0.002290185810598639, "NumberOfPrivateMethod": 0.013190236642615635, "NumberOfMethods_Checkstyle": 0.02388720432806421, "Si": 0.00060663339713418, "MCLC": 0.011468681206949535, "NOP": 0.004147333996355497, "MaxNumberOfNestedBlocks": 0.034454733596627575, "NPathComplexity": 0.029288508954771662, "CyclomaticComplexity": 0.022237823846586915, "AnonymousInnerClassLength": 0.02017956799752772, "VG": 0.01156047446559758, "NCSSForThisFile": 0.026512239337297884, "NumberOfMathOperations": 0.10135409539418297, "Fin": 0.0019590091691698034, "ExecutableStatementCount": 0.10905790043176516, "Di": 0.013130450488040213, "NBD": 0.014288469885480394, "NVAR": 0.013649081249183272, "NestedIfElseDepth": 0.026811915955317615, "NumberOfPackageMethod": 0.0005606036436810556, "FileLength": 0.027662123693632953, "NumberOfPublicMethods_Checkstyle": 0.022308895857108792, "NCSSForThisClass": 0.031589952430205126, "Ci": 0.01145992149114082, "ThrowsCount": 0.01601617951306287, "ClassFanOutComplexity": 0.018876272858618755, "NumberOfModifiers": 0.01596681719022234, "IOVars": 0.010225252359625093, "NCOMP": 0.01034001124533832, "Maximum Depth": 0.0290436928516648, "WMC_CK": 0.02476588518866826, "Fout": 0.0006067408863941232, "MethodLength": 0.15632252943738129, "NumberOfProtectedMethod": 0.00038862193162307726, "NCSSForThisMethod": 0.12582008982539447, "BooleanExpressionComplexity": 0.005229124162882316, "ClassDataAbstractionCoupling": 0.012689389687331147}