{"MaxNumberOfNestedBlocks": 0.35983645175262263, "Maximum Depth": 0.10624185482478286, "NumberOfModifiers": 0.3382649935470579, "NumberOfMathOperations": 0.19565669987553658}