{"accuracy_score": 0.9699449486683529, "precision_score": 1.0, "recall_score": 0.0049261083743842365, "f1_score": 0.00980392156862745, "roc_auc_score": 0.7083536761404945, "pr_auc_score": 0.0423065799655548}