;MaxNumberOfNestedBlocks;Maximum Depth;NumberOfModifiers;NumberOfMathOperations;BuggedMethods
count;6725.0;6725.0;6725.0;6725.0;6725
unique;;;;;2
top;;;;;False
freq;;;;;6609
mean;0.22825278810408922;0.6777695167286245;1.00817843866171;0.13353159851301116;
std;0.6999863993601211;1.0948969391542127;2.5777196580727613;1.3053958754007473;
min;0.0;0.0;0.0;0.0;
25%;0.0;0.0;0.0;0.0;
50%;0.0;0.0;1.0;0.0;
75%;0.0;2.0;1.0;0.0;
max;7.0;9.0;41.0;71.0;
