{"Fout": 0.02127250828079605, "Si": 0.018263438914602668, "VG": 0.12908270464603683, "NCOMP": 0.11913699077646371, "NVAR": 0.22100826351856923, "NOP": 0.02386112609142103, "MCLC": 0.13597770775200335, "Fin": 0.07288209812549419, "Ci": 0.04710732030813069, "IOVars": 0.025408106472476103, "NBD": 0.15251645575995956, "Di": 0.03348327935404662}