{"accuracy_score": 0.9957864446842403, "precision_score": 0.0, "recall_score": 0.0, "f1_score": 0.0, "roc_auc_score": 0.6111025111799107, "pr_auc_score": 0.00625856874715138}