{"ThrowsCount_std": 0.020455103175490826, "AnonymousInnerClassLength_std": 0.00011083982077136018, "MethodLength_std": 0.00919301261647732, "NestedTryDepth_count": 0.00507541930041218, "NestedForDepth_25%": 0.0002711886804419955, "NCSSForThisFile_min": 0.0009822577235550087, "MethodLength_50%": 0.009913747548235284, "NumberOfMethods_Checkstyle_min": 0.00039345746568863674, "ThrowsCount_50%": 0.00482185949352063, "FileLength_min": 0.0007418575635133849, "BooleanExpressionComplexity_mean": 0.0022163054731501814, "MethodLength_75%": 0.010215370871504878, "ClassDataAbstractionCoupling_25%": 0.0020159848624893297, "NestedForDepth_min": 0.00040041019378283903, "ThrowsCount_min": 0.0023464898691889233, "AnonymousInnerClassLength_count": 0.005534284714458978, "FileLength_count": 0.0052015531195263795, "NumberOfPackageMethod_25%": 0.012901011583557281, "NCSSForThisClass_max": 0.012712026012602205, "ClassFanOutComplexity_max": 0.029776020166658024, "NumberOfPrivateMethod_max": 0.002883891164946252, "ExecutableStatementCount_std": 0.008663661187615378, "NCSSForThisClass_min": 0.001092330389305217, "NumberOfProtectedMethod_min": 1.8019053430445047e-05, "NCSSForThisMethod_max": 0.00976026689734204, "NPathComplexity_count": 0.00532413213026265, "BooleanExpressionComplexity_min": 0.000132417897369785, "NCSSForThisFile_std": 0.014871500899089287, "NestedForDepth_max": 0.0015782059704635913, "NumberOfPublicMethods_Checkstyle_50%": 0.002595745674274853, "NestedForDepth_std": 0.0017722942423511, "NCSSForThisClass_count": 0.005540069445640953, "NCSSForThisMethod_25%": 0.01076648742432508, "NumberOfMethods_Checkstyle_mean": 0.003733761765133712, "NestedTryDepth_75%": 0.001266555310055417, "NumberOfMethods_Checkstyle_75%": 0.0032840618280803443, "ClassFanOutComplexity_min": 0.0013447225745942671, "NestedIfElseDepth_count": 0.005476578055620922, "ExecutableStatementCount_min": 0.008599509928341137, "NumberOfMethods_Checkstyle_25%": 0.0018494899643149475, "NumberOfPublicMethods_Checkstyle_count": 0.005140790320269062, "NumberOfPublicMethods_Checkstyle_std": 0.01581119285600786, "NCSSForThisMethod_count": 0.004529752861107427, "NumberOfProtectedMethod_50%": 4.131931471866552e-05, "NCSSForThisFile_count": 0.005684249973759138, "FileLength_std": 0.014805936629854204, "ThrowsCount_75%": 0.0061767144982485265, "NCSSForThisClass_std": 0.010408215652875575, "BooleanExpressionComplexity_75%": 0.0010676842645564498, "FileLength_mean": 0.01614223117515711, "NPathComplexity_75%": 0.00895110211553346, "NestedIfElseDepth_max": 0.0034313907769526336, "AnonymousInnerClassLength_mean": 0.0001867112717365496, "ClassDataAbstractionCoupling_count": 0.004973834416963159, "NCSSForThisMethod_min": 0.008074090488678447, "CyclomaticComplexity_mean": 0.007182318210515682, "ClassFanOutComplexity_50%": 0.003376939351067975, "NumberOfProtectedMethod_max": 0.0023966955988430146, "NumberOfPackageMethod_count": 0.004442077443876435, "ClassFanOutComplexity_25%": 0.0033996791158530317, "CyclomaticComplexity_std": 0.0056723667757300495, "NestedTryDepth_mean": 0.0016366720750258979, "NCSSForThisFile_50%": 0.0029166198279837368, "BooleanExpressionComplexity_max": 0.0013492538512871121, "NCSSForThisMethod_50%": 0.008150844778410063, "ClassDataAbstractionCoupling_min": 0.000946493339339419, "NumberOfProtectedMethod_75%": 0.0010458449545176197, "FileLength_50%": 0.004483133401274984, "NumberOfPrivateMethod_min": 4.454271744450381e-05, "NumberOfPackageMethod_50%": 0.01203727645259502, "NumberOfProtectedMethod_std": 0.0025539391337812732, "ExecutableStatementCount_50%": 0.007613797241359085, "NestedForDepth_mean": 0.0012801739778817278, "NumberOfMethods_Checkstyle_std": 0.006183954610082381, "CyclomaticComplexity_75%": 0.005341012238559173, "NumberOfMethods_Checkstyle_50%": 0.0019391152486160814, "NumberOfPublicMethods_Checkstyle_mean": 0.008458476820222497, "NumberOfPackageMethod_75%": 0.015679947017556248, "ClassDataAbstractionCoupling_mean": 0.009565594777615856, "ClassFanOutComplexity_std": 0.02332107755849083, "NestedTryDepth_std": 0.0018285989296568546, "AnonymousInnerClassLength_25%": 0.0, "NumberOfProtectedMethod_count": 0.006352218267118662, "NumberOfProtectedMethod_25%": 0.0001936535812878678, "ClassDataAbstractionCoupling_75%": 0.004517437675313131, "BooleanExpressionComplexity_std": 0.0030603862219683803, "NCSSForThisClass_25%": 0.0028193262933661114, "NCSSForThisFile_max": 0.016957070115685563, "CyclomaticComplexity_count": 0.00524968352455725, "BooleanExpressionComplexity_50%": 0.0007818982385004691, "MethodLength_mean": 0.012126527003834266, "CyclomaticComplexity_25%": 0.003147226917246208, "BooleanExpressionComplexity_25%": 0.0009205808866887478, "BooleanExpressionComplexity_count": 0.004987862393673289, "NumberOfMethods_Checkstyle_count": 0.005139769432878974, "ThrowsCount_count": 0.005761419702409766, "FileLength_75%": 0.009614849718829905, "NumberOfPrivateMethod_25%": 7.46990681414589e-05, "AnonymousInnerClassLength_max": 7.929191115135727e-05, "NumberOfPublicMethods_Checkstyle_max": 0.013219479612471195, "NumberOfPackageMethod_std": 0.013790351035242794, "NCSSForThisFile_25%": 0.004007303891347789, "ThrowsCount_25%": 0.010836387489088873, "NumberOfPublicMethods_Checkstyle_75%": 0.0060336476207523485, "NestedIfElseDepth_min": 0.0021551163620736244, "ClassFanOutComplexity_mean": 0.014100088710548611, "FileLength_25%": 0.003622469007201181, "CyclomaticComplexity_max": 0.005597537128777341, "NCSSForThisFile_75%": 0.008811405380637906, "NestedIfElseDepth_25%": 0.0025680622307123037, "NestedForDepth_count": 0.005468878188194662, "NestedIfElseDepth_std": 0.004341501023116818, "ThrowsCount_max": 0.006778684821147699, "FileLength_max": 0.017190957935787246, "CyclomaticComplexity_50%": 0.0038008759908031648, "NestedTryDepth_min": 1.2131251601039598e-05, "ClassDataAbstractionCoupling_50%": 0.002070101180585089, "AnonymousInnerClassLength_min": 0.0, "NCSSForThisFile_mean": 0.013554353170820268, "NPathComplexity_min": 0.005211913942358847, "ExecutableStatementCount_mean": 0.011011164591437582, "NumberOfPackageMethod_max": 0.007331690487387015, "ClassFanOutComplexity_75%": 0.007602271380530962, "NumberOfPublicMethods_Checkstyle_min": 0.00046445846133069696, "NPathComplexity_50%": 0.006794997246201857, "NCSSForThisClass_mean": 0.01175936224884013, "NestedForDepth_50%": 0.00037160465754412255, "NumberOfPackageMethod_min": 0.0004020885591769125, "NestedIfElseDepth_75%": 0.004025637219124896, "MethodLength_25%": 0.013683483003525454, "ExecutableStatementCount_max": 0.009838520907640055, "MethodLength_min": 0.009205467125351615, "NestedIfElseDepth_50%": 0.0024627893767375586, "NumberOfPackageMethod_mean": 0.015499254952274204, "MethodLength_max": 0.010392252081856169, "NPathComplexity_std": 0.010103980060691613, "ClassFanOutComplexity_count": 0.0048590174861105236, "NestedTryDepth_50%": 2.3583618692497825e-05, "NumberOfPrivateMethod_std": 0.0037887329077213646, "NumberOfPrivateMethod_mean": 0.003898916525988067, "NPathComplexity_max": 0.009029169090746792, "CyclomaticComplexity_min": 0.00195797108875855, "NumberOfPrivateMethod_count": 0.005330222358784649, "NestedIfElseDepth_mean": 0.00512074913224629, "NumberOfMethods_Checkstyle_max": 0.006835932557727868, "NumberOfPublicMethods_Checkstyle_25%": 0.0028111670545267887, "NestedTryDepth_25%": 1.0191856639049658e-05, "AnonymousInnerClassLength_50%": 4.389190925690165e-05, "NumberOfPrivateMethod_75%": 0.003420775775291627, "NestedTryDepth_max": 0.0008962829066638748, "NCSSForThisMethod_mean": 0.011417696217624416, "NCSSForThisMethod_std": 0.009068439684062254, "NCSSForThisClass_50%": 0.0028977974570139086, "NPathComplexity_mean": 0.010508269707621882, "NPathComplexity_25%": 0.0073289393392341326, "AnonymousInnerClassLength_75%": 0.0, "ClassDataAbstractionCoupling_max": 0.009908731715598688, "NumberOfProtectedMethod_mean": 0.00306788731824657, "MethodLength_count": 0.00504221305778747, "NumberOfPrivateMethod_50%": 0.0002320853538333918,