{"accuracy_score": 0.9404878048780487, "precision_score": 0.02, "recall_score": 0.07692307692307693, "f1_score": 0.03174603174603175, "roc_auc_score": 0.5903010033444817, "pr_auc_score": 0.01701127412161199}