{"NumberOfPolymorphicMethods": 0.10433742791543835, "NumberOfInheritedMethods": 0.0, "NumberOfPrivateAttributes": 0.18945035250604367, "Cohesion": 0.19078951313936754, "NumberOfMethods_Mood": 0.13309365709894339, "NumberOfPublicAttributes": 0.07180684825394294, "NumberOfSubclasses": 0.0, "NumberPublicMethods": 0.06416073966346424, "NumberOfAttributes": 0.24123657806848012, "NumberUserDefinedAttributes": 0.0008435898449945616, "NumberOfCoupledClasses": 0.0016683472417800224, "NumberOfProtectedAttributes": 0.0026129462675452296, "NumberOfAncestors": 0.0}