{"accuracy_score": 0.9210526315789473, "precision_score": 1.0, "recall_score": 0.07692307692307693, "f1_score": 0.14285714285714288, "roc_auc_score": 0.7755949086884338, "pr_auc_score": 0.32514774170574723}