{"NumberPublicMethods": 0.14014023909848672, "NumberOfInheritedMethods": 0.0, "Cohesion": 0.1323640437224223, "NumberOfPublicAttributes": 0.08690874678166416, "NumberOfMethods_Mood": 0.14431016984752063, "NumberOfPrivateAttributes": 0.14796136712107752, "NumberOfAttributes": 0.13112469228220244, "NumberOfProtectedAttributes": 0.030127582867460662, "NumberUserDefinedAttributes": 0.0073277220831384484, "NumberOfAncestors": 0.0, "NumberOfSubclasses": 0.0, "NumberOfPolymorphicMethods": 0.1742945738395768, "NumberOfCoupledClasses": 0.005440862356450448}