{"accuracy_score": 0.9468700683850605, "precision_score": 0.68, "recall_score": 0.15454545454545454, "f1_score": 0.2518518518518518, "roc_auc_score": 0.7760849703060757, "pr_auc_score": 0.3369554175153939}