{"accuracy_score": 0.9326550387596899, "precision_score": 0.375, "recall_score": 0.34513274336283184, "f1_score": 0.359447004608295, "roc_auc_score": 0.8238729401305435, "pr_auc_score": 0.24601158893177877}