{"accuracy_score": 0.6918103448275862, "precision_score": 0.013986013986013986, "recall_score": 0.5, "f1_score": 0.0272108843537415, "roc_auc_score": 0.5233695652173913, "pr_auc_score": 0.010499241279366765}