{"NumberOfProtectedMethod_count": 0.006285993884636688, "CyclomaticComplexity_min": 0.0030146696205203176, "MethodLength_75%": 0.01839974671406304, "NestedIfElseDepth_count": 0.005887893054496203, "NumberOfProtectedMethod_std": 0.003122589793947823, "ExecutableStatementCount_50%": 0.008709805381739369, "NestedTryDepth_25%": 0.0, "CyclomaticComplexity_mean": 0.012034264685450024, "NCSSForThisFile_count": 0.006403656271274311, "BooleanExpressionComplexity_min": 0.000755847788557535, "NestedForDepth_50%": 8.892734562632586e-05, "NumberOfPublicMethods_Checkstyle_min": 0.0006134697435528865, "NumberOfPublicMethods_Checkstyle_count": 0.006775823335802897, "NumberOfMethods_Checkstyle_min": 0.00130930004577001, "ClassDataAbstractionCoupling_50%": 0.001254364026141312, "ClassFanOutComplexity_min": 0.0035450833425516135, "ExecutableStatementCount_75%": 0.012354824269489513, "NPathComplexity_min": 0.005663480594200486, "ClassDataAbstractionCoupling_mean": 0.00865705630024884, "AnonymousInnerClassLength_50%": 0.0010409384382099377, "AnonymousInnerClassLength_25%": 0.0013292913276361652, "NPathComplexity_mean": 0.015283945710621213, "NCSSForThisMethod_min": 0.007415496888549865, "NumberOfMethods_Checkstyle_count": 0.005897753126746699, "FileLength_max": 0.014524967380260073, "NumberOfPublicMethods_Checkstyle_mean": 0.010836077126368708, "NumberOfPublicMethods_Checkstyle_std": 0.011699666836673712, "NCSSForThisClass_25%": 0.004652250610660947, "ThrowsCount_25%": 0.0010700299981860504, "MethodLength_min": 0.008839793652407016, "ClassDataAbstractionCoupling_75%": 0.003315047281186098, "ThrowsCount_mean": 0.0044925699690020705, "NCSSForThisClass_min": 0.0020150558354055472, "NumberOfPackageMethod_max": 0.0005083370605570846, "ExecutableStatementCount_count": 0.006553485406692572, "CyclomaticComplexity_25%": 0.007415801805948471, "BooleanExpressionComplexity_75%": 0.004256210462934789, "NestedTryDepth_50%": 0.0, "ClassDataAbstractionCoupling_std": 0.009883469643769023, "FileLength_count": 0.0066290693568263745, "NestedIfElseDepth_min": 0.0008198435434531521, "NestedIfElseDepth_std": 0.002855854249564779, "NPathComplexity_count": 0.006783604010513876, "NumberOfPackageMethod_50%": 0.0, "NestedIfElseDepth_max": 0.0028852867872083965, "NestedTryDepth_max": 0.0004098940499513965, "NestedTryDepth_75%": 0.0, "ThrowsCount_75%": 0.0017822547245264406, "ClassFanOutComplexity_std": 0.0212282262147282, "ThrowsCount_max": 0.002352434634481864, "NCSSForThisClass_count": 0.005959327962685283, "NumberOfProtectedMethod_min": 0.0002255095383284453, "NestedForDepth_mean": 0.0013493043050612245, "NumberOfProtectedMethod_75%": 0.0010954833123283914, "ClassFanOutComplexity_count": 0.006288454465309807, "ClassFanOutComplexity_max": 0.029574220061744913, "NumberOfMethods_Checkstyle_50%": 0.0032440144113223966, "NumberOfPackageMethod_std": 0.0009101369430544574, "ThrowsCount_50%": 0.0007495753639541012, "MethodLength_25%": 0.011143204219776314, "NumberOfPrivateMethod_count": 0.006214656878286326, "ThrowsCount_std": 0.0041540507087484335, "ThrowsCount_min": 0.00043508323755830783, "AnonymousInnerClassLength_75%": 0.002619874686456838, "AnonymousInnerClassLength_min": 0.0011625521061437564, "NumberOfProtectedMethod_50%": 0.0006447055116702839, "NestedForDepth_max": 0.0007878914828154143, "CyclomaticComplexity_count": 0.006718835439799844, "NestedTryDepth_mean": 0.0005002911993403924, "NumberOfPrivateMethod_mean": 0.0030519922318836246, "NestedForDepth_75%": 0.0008531933479402612, "NCSSForThisClass_mean": 0.013498535027568382, "NPathComplexity_25%": 0.011198494992509044, "NCSSForThisMethod_max": 0.015955871439148495, "MethodLength_50%": 0.014574070030906779, "NumberOfPrivateMethod_25%": 8.593323617646958e-05, "MethodLength_max": 0.01585100106951208, "FileLength_25%": 0.0030030760070081214, "NCSSForThisMethod_25%": 0.010796008257767411, "ExecutableStatementCount_25%": 0.008033213780526783, "FileLength_min": 0.0014455806983880038, "AnonymousInnerClassLength_max": 0.002995688274126146, "NCSSForThisClass_75%": 0.00771811823935411, "NumberOfPrivateMethod_50%": 0.00017510066381134064, "FileLength_75%": 0.007513757504982868, "ExecutableStatementCount_max": 0.012497226597915571, "NestedIfElseDepth_75%": 0.0011895607686193738, "NestedTryDepth_min": 0.0, "NCSSForThisMethod_75%": 0.01371086677163236, "NCSSForThisMethod_count": 0.0059284911402974795, "NCSSForThisFile_25%": 0.002330321254801203, "BooleanExpressionComplexity_mean": 0.007464358670608345, "NCSSForThisClass_std": 0.008025253947264882, "NumberOfPublicMethods_Checkstyle_50%": 0.002927887834689959, "NumberOfPrivateMethod_max": 0.002880087922848096, "NumberOfPackageMethod_25%": 5.732806167189894e-06, "NCSSForThisFile_max": 0.01518230596882438, "NumberOfPackageMethod_75%": 7.036046007246777e-06, "ClassDataAbstractionCoupling_min": 0.0012758308651485374, "NCSSForThisMethod_mean": 0.016192439719181974, "MethodLength_mean": 0.01929407357839342, "ExecutableStatementCount_std": 0.01048241696503409, "NestedTryDepth_count": 0.00608161967883861, "BooleanExpressionComplexity_25%": 0.0020882451782236323, "NCSSForThisFile_50%": 0.0026243844410038515, "NPathComplexity_75%": 0.012600167742717357, "NPathComplexity_max": 0.01097035608969828, "BooleanExpressionComplexity_max": 0.003414423359761781, "MethodLength_std": 0.010614702013561596, "ClassDataAbstractionCoupling_count": 0.006947671501221369, "NumberOfPackageMethod_min": 0.0, "NumberOfMethods_Checkstyle_75%": 0.0074016528113666465, "NCSSForThisFile_min": 0.0008807500793608342, "ClassDataAbstractionCoupling_25%": 0.0012257048566525536, "FileLength_50%": 0.0027744389773436753, "NumberOfMethods_Checkstyle_25%": 0.0019124012650751777, "NumberOfPackageMethod_count": 0.005825374059482011, "NestedForDepth_25%": 0.00011131440661250202, "BooleanExpressionComplexity_50%": 0.00232987909110001, "CyclomaticComplexity_max": 0.007690770287040482, "NPathComplexity_50%": 0.010724213647682071, "BooleanExpressionComplexity_std": 0.006021779877504713, "NPathComplexity_std": 0.011679773867118767, "ThrowsCount_count": 0.006077870376659059, "NumberOfMethods_Checkstyle_max": 0.010174225436148352, "NestedIfElseDepth_mean": 0.00371576649009154, "ClassFanOutComplexity_mean": 0.016692969642866894, "BooleanExpressionComplexity_count": 0.006243616768681489, "NestedIfElseDepth_50%": 0.0011791693601653885, "NumberOfPrivateMethod_min": 2.419046195023749e-05, "NCSSForThisClass_max": 0.013992410761322955, "ExecutableStatementCount_mean": 0.01368861668935462, "AnonymousInnerClassLength_mean": 0.003233747250389574, "ClassDataAbstractionCoupling_max": 0.009670140465779313, "NumberOfProtectedMethod_max": 0.0036653241597966206, "NCSSForThisMethod_std": 0.010484572305983106, "MethodLength_count": 0.006789668465439942, "NumberOfProtectedMethod_25%": 0.0004791488786027368, "NestedForDepth_count": 0.006052506224791575, "AnonymousInnerClassLength_count": 0.005805389909942651, "NumberOfPrivateMethod_std": 0.004226893392639439, "NestedIfElseDepth_25%": 0.001220433261048587, "NCSSForThisFile_mean": 0.012460366431045077, "NumberOfMethods_Checkstyle_mean": 0.011091989835833734, "ClassFanOutComplexity_75%": 0.007045226192787717, "NestedTryDepth_std": 0.00031827891056601334, "ClassFanOutComplexity_50%": 0.005025798617757147, "NestedForDepth_std": 0.0012470311422586686, "FileLength_mean": 0.020412483514803865, "ExecutableStatementCount_min": 0.0057124549946972625, "NCSSForThisClass_50%": 0.004313870233433231, "AnonymousInnerClassLength_std": 0.0025007387932283885, "NCSSForThisFile_std": 0.010517242547341918, "NCSSForThisFile_75%": 0.005236869134713516, "NCSSForThisMethod_50%": 0.011095719558991805, "NumberOfProtectedMethod_mean": 0.002442575900449954, "FileLength_std": 0.009646802158633427, "NumberOfPublicMethods_Checkstyle_max": 0.009606124770818208, "CyclomaticComplexity_50%": 0.0068967787295230835, "NumberOfPrivateMethod_75%": 0.00035998990052220586, "NumberOfMethods_Checkstyle_std": 0.011514552690666218, "NestedForDepth_min": 1.6290605448647175e-05,