{"accuracy_score": 0.8243105209397344, "precision_score": 0.4025974025974026, "recall_score": 0.19745222929936307, "f1_score": 0.264957264957265, "roc_auc_score": 0.655481426379655, "pr_auc_score": 0.27968797220745856}