{"AnonymousInnerClassLength": 0.000397300931035346, "FileLength": 0.4982603743649121, "MethodLength": 0.5013423247040525}