{"accuracy_score": 0.9905408891564192, "precision_score": 0.0, "recall_score": 0.0, "f1_score": 0.0, "roc_auc_score": 0.6321161059162156, "pr_auc_score": 0.008135941294591116}