;BuggedMethods;AnonymousInnerClassLength;FileLength;MethodLength
count;11541;11541.0;11541.0;11541.0
unique;2;;;
top;False;;;
freq;11467;;;
mean;;0.03751841261589117;22.001039771250326;8.535742136729919
std;;1.5429931784174375;117.83303332435965;16.48383091581132
min;;0.0;0.0;0.0
25%;;0.0;0.0;0.0
50%;;0.0;0.0;3.0
75%;;0.0;0.0;10.0
max;;138.0;3695.0;298.0
