{"WMC_CK_25%": 0.022659696848353342, "WMC_CK_mean": 0.08888830885203206, "WMC_CK_75%": 0.04404283533337564, "WMC_CK_50%": 0.03591059147365685, "WMC_CK_count": 0.11176237423721631, "NMI": 0.0, "WMC_CK_max": 0.05789510928641496, "NORM": 0.0, "NOCh": 0.0, "DIT": 0.007434194557233227, "NMIR": 0.0, "WMC_CK_min": 0.017700349489223013, "WMC": 0.357123368152919, "WMC_CK_std": 0.07910011498774658, "NPM": 0.17748305678182894}