{"blamemerge_blamegetLength_max": 0.018445879308537867, "blamemerge_blamegetVocabulary_count": 0.025168281632121505, "MethodLength_min": 0.010247052607394584, "MethodLength_mean": 0.01730931888933195, "MethodLength_count": 0.0182445439644924, "AnonymousInnerClassLength_std": 0.0009855762297902714, "blame_merge_blame_getVocabulary_count": 0.0, "Effort": 0.026327956366218874, "blame_merge_blame_getEffort_max": 0.0, "NumberOfDistinctOperators": 0.016302851986132558, "blamemerge_blamegetVolume_mean": 0.02680518526748927, "blamemerge_blamegetVolume_std": 0.025605354119184263, "AnonymousInnerClassLength_25%": 0.0, "blamemerge_blamegetDifficulty_max": 0.019505773037701398, "TotalNumberOfOperators": 0.028320760352467503, "blame_merge_blame_getEffort_min": 0.0, "blamemerge_blamegetEffort_std": 0.03472658570587038, "blame_merge_blame_getLength_mean": 0.0, "blamemerge_blamegetEffort_max": 0.02840096168891535, "MethodLength_50%": 0.013104420575731301, "FileLength_max": 0.024907731490926295, "MethodLength_25%": 0.013101002128664432, "FileLength_count": 0.018308802460996882, "FileLength_mean": 0.017181333503317256, "AnonymousInnerClassLength_50%": 2.169675396220018e-05, "blamemerge_blamegetEffort_count": 0.025122255655195824, "TotalNumberOfOperands": 0.02727282658011115, "FileLength_std": 0.018986304135618887, "blame_merge_blame_getDifficulty_min": 0.0, "blamemerge_blamegetDifficulty_count": 0.025970438345366092, "Volume": 0.027152411956914275, "blame_merge_blame_getVolume_std": 0.0, "blame_merge_blame_getVolume_min": 0.0, "Difficulty": 0.02678729926410661, "AnonymousInnerClassLength_75%": 0.00011108584081274617, "blame_merge_blame_getVolume_max": 0.0, "blamemerge_blamegetVolume_count": 0.025219061060528326, "MethodLength_max": 0.018394954789227373, "Length": 0.026372999796112455, "blamemerge_blamegetLength_mean": 0.02453954996148577, "FileLength_25%": 0.005149464297726131, "blamemerge_blamegetVocabulary_std": 0.023564755080142, "FileLength_75%": 0.00894623726539321, "blamemerge_blamegetVocabulary_max": 0.014180468891157602, "blame_merge_blame_getDifficulty_std": 0.0, "blame_merge_blame_getVocabulary_std": 0.0, "blame_merge_blame_getDifficulty_count": 0.0, "blamemerge_blamegetLength_std": 0.02269007685726862, "FileLength_min": 0.0025470970589671457, "blame_merge_blame_getLength_std": 0.0, "MethodLength_75%": 0.014425096847618338, "blame_merge_blame_getDifficulty_max": 0.0, "blamemerge_blamegetVocabulary_mean": 0.026485600780804405, "blame_merge_blame_getVocabulary_max": 0.0, "blame_merge_blame_getVolume_mean": 0.0, "blame_merge_blame_getVolume_count": 0.0, "blame_merge_blame_getDifficulty_mean": 0.0, "blamemerge_blamegetLength_count": 0.02746463180334567, "blamemerge_blamegetVolume_max": 0.022796182878267127, "AnonymousInnerClassLength_min": 0.0, "blamemerge_blamegetDifficulty_std": 0.024328855705095572, "blame_merge_blame_getLength_max": 0.0, "AnonymousInnerClassLength_mean": 0.0008917867820235097, "blamemerge_blamegetEffort_mean": 0.029851420079504285, "blame_merge_blame_getVocabulary_min": 0.0, "blamemerge_blamegetDifficulty_mean": 0.02814075522796766, "blame_merge_blame_getLength_min": 0.0, "blame_merge_blame_getEffort_mean": 0.0, "blame_merge_blame_getEffort_count": 0.0, "NumberOfDistinctOperands": 0.036705078399722056, "MethodLength_std": 0.01960773690584222, "AnonymousInnerClassLength_count": 0.020758182117037404, "Vocabulary": 0.03682582164140511, "blame_merge_blame_getLength_count": 0.0, "FileLength_50%": 0.0047181269548584, "AnonymousInnerClassLength_max": 0.000972368971127497, "blame_merge_blame_getVocabulary_mean": 0.0, "blame_merge_blame_getEffort_std": 0.0}