{"accuracy_score": 0.9151750972762646, "precision_score": 0.42105263157894735, "recall_score": 0.07547169811320754, "f1_score": 0.128, "roc_auc_score": 0.6956526957607183, "pr_auc_score": 0.20701434814132796}