{"MethodLength": 0.06338348571328135, "LOCMethod_CK": 0.046236824543366646, "NumberOfNumbers": 0.03686311846598784, "MaxNumberOfNestedBlocks": 0.018395567416667185, "NumberOfMethods_Checkstyle": 0.008864253886968368, "NumberOfVariables": 0.03524563660941868, "NCSSForThisClass": 0.013446919447909302, "ClassDataAbstractionCoupling": 0.007559526799372197, "NumberOfTryCatch": 0.00017940057890689128, "NumberOfAnonymousClasses": 4.45288491167557e-05, "NumberOfLambdas": 0.0, "CBO": 0.06530026459682522, "CyclomaticComplexity": 0.02750312480377417, "Maximum Depth": 0.03527239487149787, "ExecutableStatementCount": 0.04828095301344281, "NumberOfPublicMethods_Checkstyle": 0.008990259266427077, "NumberOfParameters_CK": 0.01387066740430232, "NCSSForThisFile": 0.010760847842291883, "NestedTryDepth": 0.0, "NumberOfModifiers": 0.03159065165912016, "NumberOfInnerClasses": 0.0, "NumberOfAssignments": 0.04642311552706636, "NumberOfLogStatements": 0.020822590913792637, "FileLength": 0.009064658662798972, "NPathComplexity": 0.033875060085955186, "ThrowsCount": 0.012920927899632768, "NestedForDepth": 0.0018056499970582557, "NumberOfPackageMethod": 0.0005338220343307255, "NumberOfStringLiterals": 0.06149572314712998, "RFC": 0.054440771005828975, "NumberOfPrivateMethod": 0.000383247723863244, "BooleanExpressionComplexity": 0.011569666351941893, "WMC_CK": 0.022751089824627698, "NumberOfParenthesizedExps": 0.014615088103538445, "NumberOfMathOperations": 0.009289495053113368, "NestedIfElseDepth": 0.007305905742480466, "NumberOfUniqueWords": 0.0961650184618837, "NCSSForThisMethod": 0.04814280524043651, "NumberOfComparisons": 0.028454769953701362, "AnonymousInnerClassLength": 0.0057937823099618365, "NumberOfLoops": 0.009049110221847755, "ClassFanOutComplexity": 0.008957980104085191, "Returns": 0.021468050637794528, "IsConstructor": 0.0019190428002600593, "NumberOfProtectedMethod": 0.0009642024281932365}