{"accuracy_score": 0.9875541125541125, "precision_score": 0.0, "recall_score": 0.0, "f1_score": 0.0, "roc_auc_score": 0.7794715447154471, "pr_auc_score": 0.007401736792420795}