{"Di": 0.01715311726367561, "Fin": 0.0065418811956324315, "NVAR": 0.011401468989931033, "NumberOfModifiers": 0.03395975529136785, "CBO": 0.055974714345842606, "ExecutableStatementCount": 0.053110639578853015, "NCSSForThisClass": 0.009345179341785793, "NumberOfLoops": 0.0047144657625279, "Maximum Depth": 0.013833407949024674, "Fout": 0.004527083874183215, "NumberOfLogStatements": 0.004733799994880963, "IOVars": 0.013188244909299684, "VG": 0.020972047953619302, "NumberOfPublicMethods_Checkstyle": 0.006643680406460585, "NumberOfProtectedMethod": 0.007072622668604969, "NPathComplexity": 0.02027483424890406, "NumberOfMethods_Checkstyle": 0.007108397437221571, "MaxNumberOfNestedBlocks": 0.009769247654539417, "NestedTryDepth": 1.1074807595991904e-06, "Complexity": 0.014172726560009999, "Statements": 0.027969105272126718, "FileLength": 0.009169581506230233, "Si": 0.004103584082794684, "IsConstructor": 0.0015708261601088379, "NCSSForThisMethod": 0.05251866023596947, "NestedIfElseDepth": 0.006184234645771121, "NumberOfPackageMethod": 0.0010282480796171803, "NumberOfParameters_CK": 0.00703357452307648, "CyclomaticComplexity": 0.03221125288925822, "Ci": 0.015256638236760118, "Calls": 0.02838069932159604, "NumberOfParenthesizedExps": 0.0033605469134679535, "NumberOfAssignments": 0.021052407148425243, "NumberOfAnonymousClasses": 0.0005110241851712991, "NumberOfLambdas": 0.001992322146685302, "NumberOfInnerClasses": 0.0, "BooleanExpressionComplexity": 0.015556919570692999, "NCOMP": 0.014246391455433438, "NumberOfComparisons": 0.010780193618423882, "NumberOfPrivateMethod": 0.002748246428877428, "NestedForDepth": 0.0011022372517516142, "NumberOfNumbers": 0.012826101676951408, "ClassFanOutComplexity": 0.010508558113476453, "AnonymousInnerClassLength": 0.00972642524253886, "WMC_CK": 0.027100027017501985, "NOP": 0.004977289690697278, "ClassDataAbstractionCoupling": 0.005610879809632397, "LOCMethod_CK": 0.046005084956105655, "Returns": 0.012545078644457081, "MCLC": 0.01697527156933892, "ThrowsCount": 0.006259455547379298, "NumberOfStringLiterals": 0.02896331317633793, "NumberOfMathOperations": 0.007965077963828353, "NumberOfVariables": 0.026143596544643634, "NCSSForThisFile": 0.009145261411085032, "NBD": 0.017392809807965755, "NumberOfUniqueWords": 0.07888777923624712, "MethodLength": 0.0509908877519177, "NumberOfTryCatch": 0.000836218813942357, "RFC": 0.05586576644659012}