{"accuracy_score": 0.9440104166666666, "precision_score": 0.05333333333333334, "recall_score": 0.017094017094017096, "f1_score": 0.025889967637540458, "roc_auc_score": 0.6454429251978844, "pr_auc_score": 0.05658434140576449}