{"ThrowsCount_75%": 0.0036217462252350644, "ClassDataAbstractionCoupling_count": 0.006760723236324212, "MethodLength_max": 0.01963252775797275, "BooleanExpressionComplexity_count": 0.005998971085706992, "ThrowsCount_25%": 0.004242875832238971, "NumberOfMethods_Checkstyle_50%": 0.0010171666983228886, "NumberOfPackageMethod_min": 0.0, "AnonymousInnerClassLength_25%": 0.0010463573336233934, "NestedTryDepth_max": 0.0007683633682015006, "ExecutableStatementCount_std": 0.014201364751960129, "NestedIfElseDepth_75%": 0.00319559465588221, "AnonymousInnerClassLength_50%": 0.0011240814526510365, "NestedIfElseDepth_max": 0.0028896002247330707, "NCSSForThisMethod_25%": 0.010059346469913978, "ClassDataAbstractionCoupling_std": 0.0109885699547092, "CyclomaticComplexity_std": 0.00950161261602559, "MethodLength_count": 0.006425521111304234, "CyclomaticComplexity_50%": 0.004374835444377491, "NCSSForThisClass_std": 0.011946089146514016, "NumberOfPrivateMethod_25%": 0.0002753968624070962, "NestedTryDepth_mean": 0.0007800529071231904, "NestedIfElseDepth_min": 0.0020034085108080243, "NCSSForThisClass_mean": 0.013166658981649546, "AnonymousInnerClassLength_max": 0.006532510608045382, "CyclomaticComplexity_25%": 0.004968814125957115, "ClassDataAbstractionCoupling_mean": 0.010551427241927421, "NumberOfMethods_Checkstyle_std": 0.00777980957040605, "NumberOfMethods_Checkstyle_75%": 0.0022650007227244147, "NestedTryDepth_75%": 4.0230494264873434e-05, "NPathComplexity_25%": 0.007076510155735547, "NumberOfMethods_Checkstyle_min": 0.0006697506803731673, "NumberOfProtectedMethod_std": 0.006381935984214213, "NPathComplexity_min": 0.004753165302978069, "ExecutableStatementCount_min": 0.006108314832698387, "FileLength_max": 0.020628187566546552, "ClassDataAbstractionCoupling_50%": 0.00039298902547790684, "NumberOfPrivateMethod_count": 0.006116120172186133, "CyclomaticComplexity_max": 0.00864258346722741, "NPathComplexity_count": 0.005729487902357786, "MethodLength_std": 0.019631902301626526, "NumberOfProtectedMethod_mean": 0.0050739631106093775, "NCSSForThisClass_max": 0.014631344741755679, "CyclomaticComplexity_mean": 0.010038351361071018, "BooleanExpressionComplexity_75%": 0.0016524573410336525, "FileLength_25%": 0.0014874494556953882, "NumberOfMethods_Checkstyle_25%": 0.0007907288885030687, "ExecutableStatementCount_50%": 0.009098352147125772, "NCSSForThisClass_50%": 0.002732613052220803, "NumberOfPrivateMethod_mean": 0.003677427913729018, "CyclomaticComplexity_min": 0.0031923431610156264, "CyclomaticComplexity_count": 0.006037935976312347, "ClassDataAbstractionCoupling_max": 0.007911321835892802, "NumberOfPrivateMethod_50%": 0.0003225830168556464, "NumberOfPackageMethod_count": 0.006307512553179201, "ThrowsCount_max": 0.00434938392176647, "NumberOfPackageMethod_mean": 0.001150582634433084, "ClassFanOutComplexity_min": 0.0016716675662780836, "ExecutableStatementCount_max": 0.011163065844407164, "NumberOfProtectedMethod_count": 0.0066013192071625775, "NPathComplexity_std": 0.010871134081022851, "NestedForDepth_std": 0.0025861705984174805, "FileLength_std": 0.021176940755162812, "NCSSForThisFile_25%": 0.0013635530028547986, "NumberOfPrivateMethod_max": 0.0028982666792396862, "NumberOfPackageMethod_75%": 4.2916284704764884e-05, "NCSSForThisClass_75%": 0.005104493267181336, "NCSSForThisFile_mean": 0.015327172542233094, "NCSSForThisFile_min": 0.001105236526407112, "NumberOfPackageMethod_25%": 2.1885781726914623e-05, "NumberOfProtectedMethod_75%": 0.0003408605921953649, "FileLength_50%": 0.0021304405537872673, "NumberOfPrivateMethod_std": 0.003631577976859059, "NumberOfProtectedMethod_25%": 2.9708904395435743e-05, "NCSSForThisMethod_50%": 0.011255238314805963, "ClassFanOutComplexity_count": 0.006568707916952218, "ClassDataAbstractionCoupling_75%": 0.0013535077068218136, "ExecutableStatementCount_count": 0.006265963632467709, "ExecutableStatementCount_75%": 0.011684943819424606, "NestedTryDepth_25%": 2.387316629165851e-05, "NumberOfMethods_Checkstyle_count": 0.0061795041602767204, "CyclomaticComplexity_75%": 0.006472592965613963, "MethodLength_25%": 0.011967349804368562, "NestedTryDepth_50%": 3.9804114630342965e-05, "AnonymousInnerClassLength_min": 0.0008465477201785098, "BooleanExpressionComplexity_25%": 0.0009228017165287083, "ClassFanOutComplexity_75%": 0.005421545922816708, "MethodLength_mean": 0.018264402788297045, "NCSSForThisMethod_min": 0.007176619339599593, "NCSSForThisMethod_count": 0.006056270889783199, "NestedTryDepth_count": 0.006197522121930351, "NCSSForThisClass_min": 0.0019042420158096982, "NestedForDepth_75%": 0.0011543254914275596, "NumberOfPublicMethods_Checkstyle_mean": 0.006175518855996394, "BooleanExpressionComplexity_max": 0.002072786699832762, "NPathComplexity_75%": 0.008525289629776648, "NCSSForThisFile_50%": 0.002107915695248035, "NestedForDepth_min": 1.7776254665128236e-05, "NumberOfPublicMethods_Checkstyle_50%": 0.0008114046016827385, "NCSSForThisMethod_mean": 0.015989681560927914, "NumberOfPackageMethod_max": 0.002849092290113448, "ExecutableStatementCount_25%": 0.00927189403826196, "ClassFanOutComplexity_50%": 0.002303397317732314, "NumberOfProtectedMethod_max": 0.004947859877807417, "NCSSForThisMethod_75%": 0.015353803887622215, "NumberOfPublicMethods_Checkstyle_min": 0.0004855418271856779, "AnonymousInnerClassLength_75%": 0.0032790398790754145, "NumberOfPublicMethods_Checkstyle_75%": 0.0023273264081635357, "NestedIfElseDepth_count": 0.006739976385957924, "FileLength_mean": 0.017604186032130514, "NestedForDepth_50%": 0.0004821334986942237, "ClassFanOutComplexity_25%": 0.0020256567872146067, "NestedTryDepth_min": 2.0651580973303797e-05, "NumberOfPrivateMethod_min": 0.0, "NumberOfProtectedMethod_50%": 1.3912974421480328e-05, "NumberOfPrivateMethod_75%": 0.00028654160131715494, "NestedIfElseDepth_std": 0.00367439564328235, "NumberOfMethods_Checkstyle_mean": 0.005215369306643578, "ExecutableStatementCount_mean": 0.016378150177491047, "ThrowsCount_std": 0.007073838293768367, "NCSSForThisFile_std": 0.016193149332776734, "ThrowsCount_min": 0.003408006859971103, "ClassDataAbstractionCoupling_min": 0.0003598046994362213, "AnonymousInnerClassLength_count": 0.006828299288982738, "NCSSForThisClass_count": 0.006397407713286035, "FileLength_75%": 0.004962110533288854, "AnonymousInnerClassLength_mean": 0.0053372223066604964, "ThrowsCount_count": 0.006339326911828192, "NPathComplexity_max": 0.01140863982674114, "AnonymousInnerClassLength_std": 0.00658960824674027, "ClassDataAbstractionCoupling_25%": 0.00035717163202638087, "NumberOfMethods_Checkstyle_max": 0.008206024113387519, "MethodLength_min": 0.009051803474223477, "ClassFanOutComplexity_max": 0.022242398080176834, "NestedForDepth_max": 0.0010027435865755782, "NumberOfPackageMethod_50%": 1.2039464246117173e-05, "NestedForDepth_25%": 0.0005125866381640249, "BooleanExpressionComplexity_std": 0.0033898929465606326, "NestedTryDepth_std": 0.00085321284193214, "NestedForDepth_mean": 0.002143524627499994, "FileLength_count": 0.006382838312562841, "NCSSForThisClass_25%": 0.002445241897884968, "NestedIfElseDepth_25%": 0.001989949524569956, "FileLength_min": 0.000969827006790117, "NCSSForThisFile_max": 0.017467937947186794, "NumberOfPublicMethods_Checkstyle_25%": 0.0009090524942476273, "NumberOfPublicMethods_Checkstyle_count": 0.005997555774224253, "ClassFanOutComplexity_mean": 0.016627045146674607, "MethodLength_75%": 0.0173213148206993, "NestedForDepth_count": 0.0068212879002463095, "ThrowsCount_50%": 0.0036207565690257204, "NestedIfElseDepth_mean": 0.00479161984102553, "NCSSForThisMethod_std": 0.013943154812059754, "NCSSForThisMethod_max": 0.01584250355667327, "BooleanExpressionComplexity_50%": 0.001262200240557097, "ThrowsCount_mean": 0.00962771131573314, "NPathComplexity_50%": 0.0072692329524274785, "NumberOfPublicMethods_Checkstyle_max": 0.007821705475607633, "NestedIfElseDepth_50%": 0.0019117674323885596, "MethodLength_50%": 0.012912881150187098, "NumberOfPublicMethods_Checkstyle_std": 0.008779382409624802,