{"accuracy_score": 0.936046511627907, "precision_score": 0.36619718309859156, "recall_score": 0.23008849557522124, "f1_score": 0.2826086956521739, "roc_auc_score": 0.7704354018588153, "pr_auc_score": 0.2073103929649756}