{"NumberOfModifiers": 0.03512675683208716, "ThrowsCount": 0.0006435234894653216, "NBD": 0.01019932644849386, "Si": 0.0032152740269871015, "WMC_CK": 0.013568658915554904, "CBO": 0.09975262782086425, "NumberOfLambdas": 0.0, "NumberOfAssignments": 0.021903420494140697, "Maximum Depth": 0.021864359139987053, "NumberOfLogStatements": 0.005915975474683044, "NumberOfPackageMethod": 0.00977874445166212, "NestedForDepth": 5.4071016545406834e-05, "VG": 0.01149868727799979, "IsConstructor": 0.0010569805984732218, "MethodLength": 0.05579635519333582, "NumberOfLoops": 0.004952912028512735, "NVAR": 0.0075254436159228515, "RFC": 0.06499782211228423, "BooleanExpressionComplexity": 0.0033691752092545346, "NPathComplexity": 0.015279529573680048, "NumberOfMathOperations": 0.012569143433116116, "MaxNumberOfNestedBlocks": 0.009926557919532775, "NCSSForThisFile": 0.03479800344837701, "Returns": 0.013537085645754274, "ExecutableStatementCount": 0.03388455349552518, "Di": 0.01167637932785857, "MCLC": 0.01233543353398017, "NCOMP": 0.007638112314540911, "IOVars": 0.008170270364702492, "NumberOfAnonymousClasses": 0.0001317175739991479, "FileLength": 0.03880306064051603, "Ci": 0.010393058648437536, "NumberOfNumbers": 0.011412220715739019, "NumberOfPrivateMethod": 0.008529123100103895, "ClassDataAbstractionCoupling": 0.01486372163548654, "NumberOfParameters_CK": 0.00803131006302052, "NumberOfInnerClasses": 0.0, "NumberOfParenthesizedExps": 0.00297099064201247, "Fout": 0.002606458435766326, "NumberOfStringLiterals": 0.03883296779628693, "LOCMethod_CK": 0.03935386331343579, "NestedIfElseDepth": 0.003991036955986673, "NumberOfVariables": 0.0193816988116498, "NCSSForThisMethod": 0.03432988924778988, "CyclomaticComplexity": 0.013621369965853222, "NumberOfProtectedMethod": 0.009495505070888227, "NumberOfMethods_Checkstyle": 0.024276021272676758, "NumberOfPublicMethods_Checkstyle": 0.025315255039705758, "AnonymousInnerClassLength": 0.00020207427954486672, "Fin": 0.012056657356309314, "NumberOfComparisons": 0.00872106909871903, "NestedTryDepth": 1.7153887514655934e-05, "NumberOfTryCatch": 7.418004912392358e-05, "ClassFanOutComplexity": 0.027875020523694328, "NCSSForThisClass": 0.035714936171490234, "NumberOfUniqueWords": 0.07373282465435596, "NOP": 0.004231631846571604}