{"NumberOfPackageMethod": 0.0005274429140304762, "FileLength": 0.0019344154334929287, "NCSSForThisFile": 0.0031318571967309506, "MethodLength": 0.2972802611043986, "ClassFanOutComplexity": 0.001612160904030025, "NumberOfPrivateMethod": 8.742047505099633e-06, "NumberOfMethods_Checkstyle": 0.0041347184421608755, "NCSSForThisClass": 0.0034148453558103514, "AnonymousInnerClassLength": 0.0, "NCSSForThisMethod": 0.18443433681071997, "BooleanExpressionComplexity": 0.0164785210100983, "NumberOfPublicMethods_Checkstyle": 0.0034341860472079863, "ClassDataAbstractionCoupling": 0.0012037277323284925, "NumberOfProtectedMethod": 4.781951512445577e-08, "NestedIfElseDepth": 0.002316701097911591, "CyclomaticComplexity": 0.08693731133313135, "NPathComplexity": 0.13453447553109332, "ExecutableStatementCount": 0.15521213680816745, "NestedForDepth": 0.0, "ThrowsCount": 0.10340411241166707}