{"accuracy_score": 0.7025862068965517, "precision_score": 0.014492753623188406, "recall_score": 0.5, "f1_score": 0.028169014084507046, "roc_auc_score": 0.53125, "pr_auc_score": 0.010419701486052032}