{"accuracy_score": 0.856996935648621, "precision_score": 0.6545454545454545, "recall_score": 0.22929936305732485, "f1_score": 0.339622641509434, "roc_auc_score": 0.7476715173493267, "pr_auc_score": 0.47380544338866154}