{"NumberOfNumbers": 0.029925768415655692, "NestedIfElseDepth": 0.004928229993415583, "LongIdentifier": 0.001960619880189771, "NCSSForThisClass": 0.010272682786528575, "NumberOfInnerClasses": 0.0, "ComplexConditional": 0.0001071678657423126, "ExecutableStatementCount": 0.04411516767566344, "NumberOfTryCatch": 0.0023251040151327745, "NumberOfUniqueWords": 0.0823020756245184, "NumberOfPrivateMethod": 0.0034195125495953905, "WMC_CK": 0.018264833166041106, "NCSSForThisMethod": 0.045584128360703934, "NumberOfStringLiterals": 0.035397925061656024, "IsConstructor": 0.0002166231410869631, "LOCMethod": 0.05453548982615522, "NumberOfModifiers": 0.03714840361149625, "AbstractFunctionCallFromConstructor": 0.0, "NPathComplexity": 0.016464272135520434, "RFC": 0.07222309661267429, "NCSSForThisFile": 0.009275149451325432, "NumberOfVariables": 0.02875319779840492, "ComplexMethod": 0.0004956918497417027, "NumberOfParameters_CK": 0.0066306500485035875, "EmptyCatchClause": 2.4010205468898662e-05, "ClassDataAbstractionCoupling": 0.007351918632575562, "FileLength": 0.009294257628112418, "NumberOfPublicMethods_Checkstyle": 0.0059808893912059145, "MagicNumber": 0.013205834869230377, "ThrowsCount": 0.012757221385776202, "LOCMethod_CK": 0.05043485745061595, "NestedTryDepth": 0.0007554489551704403, "NumberOfLoops": 0.003654334390411677, "NumberOfMathOperations": 0.01480702571178045, "NumberOfPackageMethod": 4.78354792212622e-09, "NumberOfAnonymousClasses": 0.0034229810460902187, "NumberOfLogStatements": 0.02208889400850164, "AnonymousInnerClassLength": 0.01429406141847632, "NumberOfComparisons": 0.006284178587830589, "NumberOfProtectedMethod": 0.005564938352950333, "ClassFanOutComplexity": 0.012644136403466599, "MissingDefault": 0.0, "NumberOfLambdas": 0.0, "CyclomaticComplexity": 0.02035601657213492, "NumberOfAssignments": 0.034330312229314076, "BooleanExpressionComplexity": 0.0026822051916537996, "CBO": 0.06157175987827814, "LongStatement": 0.04297724365688776, "NumberOfParenthesizedExps": 0.0066252544736125196, "DispersedCoupling": 1.5923662790991317e-05, "Returns": 0.012953357524826792, "CyclomaticComplexity_Designite": 0.023376225073099728, "Maximum Depth": 0.009120440748346573, "MethodLength": 0.0744928529201135, "MaxNumberOfNestedBlocks": 0.008793448832178967, "NumberOfMethods_Checkstyle": 0.007859197948205153, "NumberOfParameters_Designite": 0.007884686492896987, "NestedForDepth": 5.0291704696946016e-05}