{"accuracy_score": 0.955427992571332, "precision_score": 0.038461538461538464, "recall_score": 0.009259259259259259, "f1_score": 0.014925373134328358, "roc_auc_score": 0.7552838781483429, "pr_auc_score": 0.050620014894115384}