{"ExecutableStatementCount": 0.05385365339705016, "NCSSForThisFile": 0.00564797002299399, "NumberOfVariables": 0.029399395788873735, "NumberOfPublicMethods_Checkstyle": 0.007299869621259061, "CBO": 0.021882289444513116, "NumberOfUniqueWords": 0.10173321207365378, "NumberOfProtectedMethod": 0.007462016560902938, "ClassFanOutComplexity": 0.009630247777814021, "IsConstructor": 0.006287577096283218, "NestedTryDepth": 0.0, "Returns": 0.01795134102792498, "NumberOfPackageMethod": 0.00010697810164627535, "NCSSForThisClass": 0.008109893189577914, "NumberOfNumbers": 0.036115718104715824, "NumberOfModifiers": 0.017576052691207312, "ThrowsCount": 0.006137092174827376, "NumberOfLoops": 0.003931530621741829, "NumberOfPrivateMethod": 0.0005865436445125757, "WMC_CK": 0.018126944738178614, "NumberOfParameters_CK": 0.004625823770111386, "NestedIfElseDepth": 0.004708872143304531, "Fin": 0.00027796361346605415, "NCSSForThisMethod": 0.05786082642460197, "NPathComplexity": 0.03516081464082045, "LOCMethod_CK": 0.05967135976818043, "MethodLength": 0.08995390489693551, "NumberOfAnonymousClasses": 0.0, "Ci": 0.004098162157805916, "NVAR": 0.02408131793343836, "NumberOfLambdas": 0.0, "VG": 0.02084050944315465, "BooleanExpressionComplexity": 0.028048929328061876, "NumberOfMathOperations": 0.025684123879732807, "MCLC": 0.021980141224212647, "NBD": 0.010534150530549503, "NumberOfLogStatements": 1.6460349158192334e-05, "NCOMP": 0.024561304943709377, "NumberOfStringLiterals": 0.03794441381116677, "AnonymousInnerClassLength": 0.0, "NumberOfParenthesizedExps": 0.04167934940083981, "Si": 0.006549575908321829, "CyclomaticComplexity": 0.023093923948128446, "ClassDataAbstractionCoupling": 0.006373596656248924, "NumberOfTryCatch": 4.243678947082448e-05, "FileLength": 0.006056482056278514, "NestedForDepth": 0.0, "Fout": 0.0050120438490547665, "MaxNumberOfNestedBlocks": 0.01285461711892934, "RFC": 0.03578539382123855, "Di": 0.007736286387184064, "NumberOfAssignments": 0.02721236390250509, "IOVars": 0.004324574972954527, "NOP": 0.002531472433592852, "NumberOfMethods_Checkstyle": 0.006995958173751446, "NumberOfInnerClasses": 0.0, "NumberOfComparisons": 0.011864519645413815}