{"Di": 0.02237147656482493, "Fin": 0.012188206766462192, "NVAR": 0.019296450433831713, "NumberOfModifiers": 0.06560030707764554, "ExecutableStatementCount": 0.1059139994839466, "NCSSForThisClass": 0.014914616830693578, "Maximum Depth": 0.033901788736607985, "Fout": 0.007006208651656735, "IOVars": 0.017875611303760645, "VG": 0.03468903252912967, "NumberOfPublicMethods_Checkstyle": 0.00916461411541612, "NumberOfProtectedMethod": 0.009406170421169828, "NPathComplexity": 0.03902964275415292, "NumberOfMethods_Checkstyle": 0.01132278145498268, "MaxNumberOfNestedBlocks": 0.02015340393649613, "NestedTryDepth": 1.9719049992946142e-05, "FileLength": 0.013363083627374548, "Si": 0.00644878598180499, "NCSSForThisMethod": 0.10356537253108244, "NestedIfElseDepth": 0.01151251556324099, "NumberOfPackageMethod": 0.0017097610450258875, "Ci": 0.020334510130015884, "CyclomaticComplexity": 0.048674484397326995, "NCOMP": 0.027308760217384334, "BooleanExpressionComplexity": 0.025692876490453587, "NumberOfPrivateMethod": 0.004229564518694143, "NestedForDepth": 0.0030687786773978785, "ClassFanOutComplexity": 0.01570925592330844, "AnonymousInnerClassLength": 0.014959203419275636, "WMC_CK": 0.04762808005699214, "NOP": 0.009060314313171301, "ClassDataAbstractionCoupling": 0.008698540241821505, "MCLC": 0.0294224309959544, "ThrowsCount": 0.017544630365708486, "NumberOfMathOperations": 0.014552616148186941, "NCSSForThisFile": 0.013934537516925504, "NBD": 0.02468758885972034, "MethodLength": 0.11504027886836332}