{"MaxNumberOfNestedBlocks": 0.1186318128698486, "NumberOfModifiers": 0.4815873479504262, "Maximum Depth": 0.2713437792841133, "NumberOfMathOperations": 0.12843705989561197}