{"NBD_25%": 0.0021237431653296024, "Di_std": 0.009908753214355106, "Di_count": 0.008698134796388098, "NBD_mean": 0.008517596560081414, "blame_merge_blame_getDistinctOperandsCnt_max": 0.0, "NOPa": 0.0, "Di_75%": 0.010727045252643126, "blamemerge_blamegetDistinctOperandsCnt_mean": 0.0403019878184511, "IOVars_min": 0.0027214069234942975, "blamemerge_blamegetDistinctOperatorsCnt_count": 0.03521985073873433, "NCOMP_count": 0.00810321104966029, "Fin_75%": 0.00017143610702090553, "NVAR_max": 0.006686779521991044, "NumberOfDistinctOperators": 0.02202523763986543, "blamemerge_blamegetDistinctOperandsCnt_std": 0.029570293224016306, "Ci_75%": 0.007965761405429721, "VG_max": 0.007627216583298204, "Si_25%": 0.0, "blamemerge_blamegetDifficulty_max": 0.02417558845181478, "Fout_25%": 1.3560471226375116e-05, "NOP_count": 0.008697967204107716, "VG_75%": 0.005187974301962419, "blame_merge_blame_getDistinctOperatorsCnt_min": 0.0, "NOP_25%": 0.006857011401736281, "Ci_max": 0.005220771179417227, "blame_merge_blame_getDistinctOperatorsCnt_max": 0.0, "NVAR_mean": 0.0065107492006482425, "NOP_min": 0.0022866969440429514, "blame_merge_blame_getDistinctOperatorsCnt_std": 0.0, "Fout_max": 0.0010610586409177801, "Ci_50%": 0.004792507168635957, "Fout_50%": 0.0, "IOVars_mean": 0.008812571729690723, "Fin_std": 0.001170050888348573, "NCOMP_min": 0.00037348858136817566, "NBD_count": 0.00901237707160595, "Fin_max": 0.0008747142493159371, "blamemerge_blamegetDistinctOperatorsCnt_mean": 0.041954818495266645, "VG_25%": 0.0014215679303235757, "NOP_75%": 0.010595254609079134, "blame_merge_blame_getDistinctOperandsCnt_min": 0.0, "Ci_min": 0.0028307898432378283, "blame_merge_blame_getDistinctOperatorsCnt_count": 0.0, "blame_merge_blame_getDifficulty_min": 0.0, "NOP_std": 0.010420096719788314, "Fout_mean": 0.0009093109138630027, "Fout_std": 0.0006603337993424734, "blamemerge_blamegetDifficulty_count": 0.03679826783440187, "MCLC_50%": 0.0032135622301742457, "NBD_max": 0.012245016954503673, "IOVars_50%": 0.004782223010443127, "ClRCi": 0.013871518705699293, "Ci_mean": 0.007207678512294881, "Fin_min": 0.0, "NVAR_75%": 0.004998269429991417, "VG_std": 0.008038225457337478, "Difficulty": 0.03708570400261448, "NOP_mean": 0.009244206164106655, "IOVars_75%": 0.0121593114541513, "NCOMP_25%": 0.0007774310880352107, "VG_count": 0.009809004178483034, "MCLC_std": 0.006755408224422639, "Fin_50%": 3.681270958798525e-06, "Fin_25%": 0.0, "Si_max": 0.0013604235489045168, "Ci_25%": 0.005271109860996996, "Si_min": 0.0, "Si_std": 0.0014565483315073363, "blamemerge_blamegetDistinctOperatorsCnt_max": 0.02239171641652915, "MCLC_max": 0.005858545628431207, "NBD_50%": 0.0026459898748953333, "IOVars_count": 0.008174719420365356, "NVAR_50%": 0.0023607749022232028, "NOP_50%": 0.004494793180904281, "MCLC_75%": 0.00455219180681877, "NBD_75%": 0.006697513122407991, "Ci_std": 0.007260532448257728, "Fout_min": 1.2889452802448997e-05, "IOVars_25%": 0.004262706196774625, "ClTCi": 0.014164623454886019, "VG_50%": 0.003892661193291425, "blame_merge_blame_getDistinctOperandsCnt_mean": 0.0, "NCOMP_75%": 0.0037427698273284475, "blame_merge_blame_getDifficulty_std": 0.0, "blame_merge_blame_getDifficulty_count": 0.0, "IOVars_max": 0.01058394517629786, "Si_50%": 1.7652250661959396e-05, "Fout_75%": 0.00016836393356403984, "Di_max": 0.008396901573088169, "Fin_count": 0.009843165189348742, "Di_50%": 0.0043617712119737055, "VG_min": 0.0013967743573379005, "NVAR_std": 0.006643955352749798, "blamemerge_blamegetDistinctOperandsCnt_max": 0.0188670136841661, "MCLC_25%": 0.0021929822030314376, "NVAR_count": 0.009366529974986987, "Ci_count": 0.008558491564221562, "Si_75%": 0.00018429582807514763, "blame_merge_blame_getDifficulty_max": 0.0, "blamemerge_blamegetDistinctOperatorsCnt_std": 0.03707392999125261, "MCLC_mean": 0.007826414635931735, "NCOMP_max": 0.005812078054346399, "NCOMP_mean": 0.005483504488779272, "blamemerge_blamegetDistinctOperandsCnt_count": 0.03510979092420877, "blame_merge_blame_getDifficulty_mean": 0.0, "NBD_min": 0.001205728470771482, "Si_mean": 0.0009270663535067781, "blamemerge_blamegetDifficulty_std": 0.02892735458811485, "blame_merge_blame_getDistinctOperatorsCnt_mean": 0.0, "Di_mean": 0.008499343655801359, "Fout_count": 0.008981419191093515, "Di_25%": 0.004882358245698918, "NOP_max": 0.007927489293720485, "blamemerge_blamegetDifficulty_mean": 0.03810562071120822, "VG_mean": 0.006856321918908316, "NVAR_min": 0.0022963533858836337, "Fin_mean": 0.0008929739631573245, "NumberOfDistinctOperands": 0.044628787174930046, "Si_count": 0.010076779583353289, "Di_min": 0.0029618162270055467, "blame_merge_blame_getDistinctOperandsCnt_std": 0.0, "IOVars_std": 0.008791847125456671, "NCOMP_50%": 0.0017440669171323963, "MCLC_count": 0.009125272371586913, "NVAR_25%": 0.0030404294262111023, "NBD_std": 0.011622957252613066, "NCOMP_std": 0.005990712876998868, "blame_merge_blame_getDistinctOperandsCnt_count": 0.0, "MCLC_min": 0.0008300098913829827}