{"accuracy_score": 0.911284046692607, "precision_score": 0.2777777777777778, "recall_score": 0.04716981132075472, "f1_score": 0.08064516129032259, "roc_auc_score": 0.6978851601133036, "pr_auc_score": 0.2132806797756657}