{"NumberOfAncestors": 0.0, "NumberPublicMethods": 0.1388717761923988, "NumberUserDefinedAttributes": 0.024661246693730324, "NumberOfInheritedMethods": 0.0, "NumberOfPolymorphicMethods": 0.08934408318495975, "Cohesion": 0.16310478759560273, "NumberOfMethods_Mood": 0.21525571524762063, "NumberOfProtectedAttributes": 0.00041844327688216005, "NumberOfCoupledClasses": 0.021747667363148766, "NumberOfPrivateAttributes": 0.13784914060567188, "NumberOfPublicAttributes": 0.07855249789399185, "NumberOfSubclasses": 0.0, "NumberOfAttributes": 0.13019464194599312}