{"accuracy_score": 0.9214611872146119, "precision_score": 0.75, "recall_score": 0.06666666666666667, "f1_score": 0.12244897959183675, "roc_auc_score": 0.5204712548369266, "pr_auc_score": 0.17900158793520246}