{"ExecutableStatementCount": 0.11082686746604128, "NCSSForThisFile": 0.009676718423640221, "NumberOfPublicMethods_Checkstyle": 0.013583807638399758, "NumberOfProtectedMethod": 0.008904667096558044, "ClassFanOutComplexity": 0.016337018804207282, "NestedTryDepth": 0.0, "NumberOfPackageMethod": 0.000105819650678373, "NCSSForThisClass": 0.01766430717768976, "NumberOfModifiers": 0.028323000709585856, "ThrowsCount": 0.029731255568575896, "NumberOfPrivateMethod": 0.0011005701486271665, "Maximum Depth": 0.014727671118669565, "WMC_CK": 0.0406572039183672, "NestedIfElseDepth": 0.0039124890421454285, "Fin": 0.0014014496077552623, "NCSSForThisMethod": 0.10888597085728771, "NPathComplexity": 0.05001658653095207, "NVAR": 0.030527948671657992, "MethodLength": 0.15650978201434249, "Ci": 0.005066164133835523, "VG": 0.03393500572867696, "BooleanExpressionComplexity": 0.042184337784864454, "NumberOfMathOperations": 0.04784804866019988, "MCLC": 0.039880848877410884, "NBD": 0.017175015948527866, "NCOMP": 0.04132311271390348, "AnonymousInnerClassLength": 0.0, "Si": 0.008483673385699282, "CyclomaticComplexity": 0.035862789623371555, "ClassDataAbstractionCoupling": 0.010923833040686268, "FileLength": 0.010095445533574622, "NestedForDepth": 0.00014254617737239418, "Fout": 0.010352157039466547, "MaxNumberOfNestedBlocks": 0.023515821028748853, "Di": 0.007764385610204493, "IOVars": 0.005568011346558648, "NOP": 0.002235660518915487, "NumberOfMethods_Checkstyle": 0.014750008402801596}