{"accuracy_score": 0.9890282131661442, "precision_score": 0.1, "recall_score": 0.16666666666666666, "f1_score": 0.125, "roc_auc_score": 0.6582020997375329, "pr_auc_score": 0.019238144714498393}