{"accuracy_score": 0.6657101865136298, "precision_score": 0.22127659574468084, "recall_score": 0.5098039215686274, "f1_score": 0.3086053412462908, "roc_auc_score": 0.6192865381446696, "pr_auc_score": 0.25599114194858597}