{"VG": 0.18319738642500488, "Si": 0.014681388252021732, "NCOMP": 0.09340771303316396, "Fout": 0.0152062404249166, "IOVars": 0.045311318615458125, "Di": 0.0648589681244697, "NOP": 0.03384518311353178, "Ci": 0.0767634122418546, "MCLC": 0.11903399180384637, "NBD": 0.16806159789082836, "Fin": 0.10816644912096608, "NVAR": 0.07746635095393785}