{"accuracy_score": 0.996369073045707, "precision_score": 0.0, "recall_score": 0.0, "f1_score": 0.0, "roc_auc_score": 0.6515963145489607, "pr_auc_score": 0.002312673450508788}