{"NumberOfModifiers": 0.04504583364449813, "CBO": 0.0641087976302213, "ExecutableStatementCount": 0.06348635901633187, "NCSSForThisClass": 0.011941267484422547, "NumberOfLoops": 0.005837584522432846, "Maximum Depth": 0.028973562070776455, "NumberOfLogStatements": 0.006847448268793759, "NumberOfPublicMethods_Checkstyle": 0.007819256687498811, "NumberOfProtectedMethod": 0.007850527925744475, "NPathComplexity": 0.02914342478843576, "NumberOfMethods_Checkstyle": 0.008887641114174961, "MaxNumberOfNestedBlocks": 0.012481391261204143, "NestedTryDepth": 1.4390147113169878e-05, "FileLength": 0.010602299305884768, "IsConstructor": 0.002624138555206959, "NCSSForThisMethod": 0.06529929278135507, "NestedIfElseDepth": 0.007593719607355703, "NumberOfPackageMethod": 0.001498235456583273, "NumberOfParameters_CK": 0.0142412715473962, "CyclomaticComplexity": 0.043402015762279554, "NumberOfParenthesizedExps": 0.005185753535666265, "NumberOfAssignments": 0.025784975241869786, "NumberOfAnonymousClasses": 0.0007158093305374249, "NumberOfLambdas": 0.002001609839983648, "NumberOfInnerClasses": 0.0, "BooleanExpressionComplexity": 0.021265172651798312, "NumberOfComparisons": 0.016826894071191655, "NumberOfPrivateMethod": 0.0032620520653141175, "NestedForDepth": 0.001107257207380402, "NumberOfNumbers": 0.014696785899069784, "ClassFanOutComplexity": 0.011936957775427784, "AnonymousInnerClassLength": 0.012090852465419532, "WMC_CK": 0.03395246912209565, "ClassDataAbstractionCoupling": 0.006629145058437687, "LOCMethod_CK": 0.05863836595748447, "Returns": 0.018398927700924675, "ThrowsCount": 0.008162902931827993, "NumberOfStringLiterals": 0.0376094550706593, "NumberOfMathOperations": 0.010140142587549101, "NumberOfVariables": 0.030869823440184737, "NCSSForThisFile": 0.010579043105066323, "NumberOfUniqueWords": 0.09823100297590055, "MethodLength": 0.06478268488188811, "NumberOfTryCatch": 0.0010167156992069504, "RFC": 0.06841674380740591}