{"accuracy_score": 0.9408482142857143, "precision_score": 0.0625, "recall_score": 0.02564102564102564, "f1_score": 0.03636363636363637, "roc_auc_score": 0.6574348336308662, "pr_auc_score": 0.06120551101915485}