{"NumberOfModifiers": 0.03498639505113284, "ThrowsCount": 0.0006554278519280713, "NBD": 0.01080003143447868, "Si": 0.0034235241502425556, "WMC_CK": 0.014033720148203976, "CBO": 0.10380972762134619, "NumberOfLambdas": 0.0, "NumberOfAssignments": 0.022537207288327095, "NumberOfLogStatements": 0.0047867299804591834, "NumberOfPackageMethod": 0.009574522953073102, "NestedForDepth": 0.00011181886330587966, "VG": 0.011496098058625987, "IsConstructor": 0.0008966803138948058, "MethodLength": 0.05765558832765267, "NumberOfLoops": 0.006880577090634866, "NVAR": 0.007331903793316493, "RFC": 0.06471354401636924, "BooleanExpressionComplexity": 0.0025515479874655246, "NPathComplexity": 0.01631402972088228, "NumberOfMathOperations": 0.01290127263056295, "MaxNumberOfNestedBlocks": 0.009992913754986977, "NCSSForThisFile": 0.03548048192564555, "Returns": 0.01360306953421813, "ExecutableStatementCount": 0.034444415125610486, "Di": 0.010854571886034272, "MCLC": 0.012210459678383759, "NCOMP": 0.00889621597305597, "IOVars": 0.009368646319683411, "NumberOfAnonymousClasses": 0.00019558445870738753, "FileLength": 0.03882896962506038, "Ci": 0.011256473125492826, "NumberOfNumbers": 0.011581052080376462, "NumberOfPrivateMethod": 0.008953942455873252, "ClassDataAbstractionCoupling": 0.015194890319104095, "NumberOfParameters_CK": 0.010283534435609162, "NumberOfInnerClasses": 0.0, "NumberOfParenthesizedExps": 0.002513894357715657, "Fout": 0.0032346796845045735, "NumberOfStringLiterals": 0.041067825982132586, "LOCMethod_CK": 0.04352731854510319, "NestedIfElseDepth": 0.003694619238669002, "NumberOfVariables": 0.019323541253395103, "NCSSForThisMethod": 0.03505211400734337, "CyclomaticComplexity": 0.011830352028741112, "NumberOfProtectedMethod": 0.009340618354122969, "NumberOfMethods_Checkstyle": 0.02419163350677989, "NumberOfPublicMethods_Checkstyle": 0.024531638168325418, "AnonymousInnerClassLength": 0.00023241335837119787, "Fin": 0.013402081075137576, "NumberOfComparisons": 0.010142963258691896, "NestedTryDepth": 6.041653494423833e-10, "NumberOfTryCatch": 8.66406537055093e-05, "ClassFanOutComplexity": 0.027901786006911775, "NCSSForThisClass": 0.033500904662687354, "NumberOfUniqueWords": 0.07480550394341687, "NOP": 0.005013903330335199}