{"accuracy_score": 0.9876447876447877, "precision_score": 0.1111111111111111, "recall_score": 0.017543859649122806, "f1_score": 0.030303030303030304, "roc_auc_score": 0.4563920537240035, "pr_auc_score": 0.011816782086242875}