{"accuracy_score": 0.8426966292134831, "precision_score": 0.6363636363636364, "recall_score": 0.044585987261146494, "f1_score": 0.08333333333333333, "roc_auc_score": 0.6388721000511414, "pr_auc_score": 0.3292989384370409}