{"NumberOfInnerClasses": 0.0, "FileLength": 0.003314220481310273, "NumberOfPublicMethods_Checkstyle": 0.00349336340220773, "NumberOfStringLiterals": 0.006656271709097109, "NumberOfLambdas": 0.0, "NumberOfModifiers": 0.01167457467643929, "Complexity": 0.00733089359882027, "ThrowsCount": 0.000575387626447204, "CyclomaticComplexity": 0.06609136834942236, "Fout": 0.02922187884756412, "Di": 0.006948229934139467, "NCSSForThisFile": 0.0005655555664869182, "NumberOfAnonymousClasses": 0.0, "NumberOfMethods_Checkstyle": 0.0031910530707419025, "NumberOfAssignments": 0.006804058285375724, "NumberOfUniqueWords": 0.030393890638626575, "Ci": 0.0478347332935175, "NBD": 0.08298411231940964, "LOCMethod_CK": 0.03924932791161279, "Si": 0.04693614772744422, "Calls": 0.0048763815774786725, "NumberOfLoops": 0.0024572912201293123, "NestedForDepth": 1.2877280722510931e-08, "NCSSForThisMethod": 0.04300511440264162, "NumberOfParameters_CK": 0.0006531678411289893, "NCOMP": 0.044659060700677974, "BooleanExpressionComplexity": 0.0036541938875315726, "Fin": 0.0, "NCSSForThisClass": 0.005149886253407718, "Statements": 0.010077332448237587, "MaxNumberOfNestedBlocks": 0.013204639171556553, "MCLC": 0.03816356264715768, "MethodLength": 0.04066303217027825, "IsConstructor": 2.922084500418609e-08, "AnonymousInnerClassLength": 0.0, "NPathComplexity": 0.02093443390254558, "ClassFanOutComplexity": 0.006228928082878418, "NumberOfNumbers": 0.0073559631802760615, "NumberOfLogStatements": 0.0, "NumberOfPackageMethod": 0.0, "NestedTryDepth": 0.0, "IOVars": 0.0016328603420894673, "Returns": 0.002505034024232712, "NumberOfComparisons": 0.07973219740883722, "VG": 0.039161305459877095, "NumberOfProtectedMethod": 0.0, "NumberOfPrivateMethod": 0.005585471921746777, "ExecutableStatementCount": 0.03211421402940566, "NumberOfTryCatch": 0.0, "CBO": 0.016595654782420987, "NVAR": 0.06888683403697261, "Maximum Depth": 0.006795001229281607, "ClassDataAbstractionCoupling": 0.004746329474852107, "NumberOfVariables": 0.006167080398439694, "NumberOfParenthesizedExps": 0.01027674468499811, "NestedIfElseDepth": 0.0036536363011767433, "NOP": 0.001590075974565365, "RFC": 0.028170534675778108, "WMC_CK": 0.05597945177353086, "NumberOfMathOperations": 0.002059476459079994}