{"VG": 0.009266794129739237, "NCSSForThisFile": 0.012812350552518018, "NumberOfAssignments": 0.03758183913600941, "Fout": 0.0020442390329827257, "WMC_CK": 0.01068831582625452, "NumberOfParenthesizedExps": 0.006434522442329153, "NumberOfMathOperations": 0.003238331724389331, "ClassDataAbstractionCoupling": 0.008524641874028339, "NumberOfProtectedMethod": 0.0011926059312576467, "NumberOfStringLiterals": 0.05580345598337091, "ClassFanOutComplexity": 0.011480394105496011, "MethodLength": 0.07343785247656023, "NumberOfPublicMethods_Checkstyle": 0.008577646958738881, "ExecutableStatementCount": 0.050831860927385196, "NCOMP": 0.0031855704515708926, "NumberOfTryCatch": 0.0009210208332420794, "LOCMethod_CK": 0.05376227883404233, "IsConstructor": 0.0005355604445231101, "NumberOfMethods_Checkstyle": 0.009582390621460815, "Di": 0.006815695622086056, "IOVars": 0.004755249477928582, "Ci": 0.006464009954434077, "NestedIfElseDepth": 0.00040361568042656304, "NumberOfVariables": 0.03732615885636051, "MCLC": 0.0037599304814085258, "NBD": 0.008292518494687687, "NumberOfNumbers": 0.05187255470032518, "Fin": 0.0021793132048203946, "Maximum Depth": 0.01768138495128011, "NumberOfLambdas": 3.292637372420162e-05, "NumberOfAnonymousClasses": 1.3841328797523947e-05, "NumberOfPackageMethod": 0.00018628124709915892, "MaxNumberOfNestedBlocks": 0.006893581378700084, "NestedForDepth": 0.0010214399375391787, "RFC": 0.08932949258467113, "Returns": 0.006025508851729268, "CyclomaticComplexity": 0.00795095171136753, "NestedTryDepth": 5.526906584348094e-05, "Si": 0.002050133114658149, "NVAR": 0.0020579167859142004, "NumberOfLoops": 0.005393782989675397, "FileLength": 0.018119053299932315, "NumberOfModifiers": 0.01005009536372734, "ThrowsCount": 0.020616173458374246, "CBO": 0.12042795886181029, "NumberOfParameters_CK": 0.0026582499555318096, "NumberOfUniqueWords": 0.1136160997290958, "NumberOfLogStatements": 0.0, "NOP": 0.0018789728961487548, "NumberOfPrivateMethod": 0.002706384675254525, "BooleanExpressionComplexity": 0.007844911521715037, "AnonymousInnerClassLength": 0.0001678490040113347, "NCSSForThisClass": 0.01294088837220101, "NCSSForThisMethod": 0.05110871934113285, "NPathComplexity": 0.013368642846200538, "NumberOfComparisons": 0.0040327715954884, "NumberOfInnerClasses": 0.0}