{"NumberOfProtectedMethod": 0.001128635468901059, "NumberOfPrivateMethod": 0.01425749996079623, "MethodLength": 0.2834707505560255, "NPathComplexity": 0.06437377912274848, "BooleanExpressionComplexity": 0.010934773143358572, "CyclomaticComplexity": 0.03797958589376259, "ThrowsCount": 0.017345477470901684, "NCSSForThisClass": 0.03944202287556287, "NumberOfMethods_Checkstyle": 0.021108173978410937, "FileLength": 0.0441005985207369, "ClassFanOutComplexity": 0.052951459644746846, "NestedTryDepth": 0.01630023036934673, "ExecutableStatementCount": 0.1254443221390285, "AnonymousInnerClassLength": 1.0034966396230176e-05, "NumberOfPublicMethods_Checkstyle": 0.024219956633242442, "NumberOfPackageMethod": 0.000132005793015802, "NestedForDepth": 9.936937267999243e-05, "ClassDataAbstractionCoupling": 0.07809338039179019, "NCSSForThisMethod": 0.12389341601054002, "NCSSForThisFile": 0.03787708195387919, "NestedIfElseDepth": 0.00683744573412928}