{"Di": 0.01729116471635892, "Fin": 0.008527518882913487, "NVAR": 0.012142763070109846, "NumberOfModifiers": 0.03815537997306611, "CBO": 0.058587325901946534, "ExecutableStatementCount": 0.056244524945067015, "NCSSForThisClass": 0.010557707063496445, "NumberOfLoops": 0.005113157822544751, "Fout": 0.0047138916352010805, "NumberOfLogStatements": 0.005395133117619588, "IOVars": 0.012068327655775564, "VG": 0.024754620963214076, "NumberOfPublicMethods_Checkstyle": 0.007064647276009663, "NumberOfProtectedMethod": 0.007676473104952184, "NPathComplexity": 0.023316203241796125, "NumberOfMethods_Checkstyle": 0.008198569149869179, "MaxNumberOfNestedBlocks": 0.009780282683236025, "NestedTryDepth": 5.179306914102799e-06, "FileLength": 0.009997646630991607, "Si": 0.004779966220148836, "IsConstructor": 0.0020053779605823043, "NCSSForThisMethod": 0.061401390971050546, "NestedIfElseDepth": 0.006507145179195037, "NumberOfPackageMethod": 0.0012179536146348247, "NumberOfParameters_CK": 0.00921779951118764, "CyclomaticComplexity": 0.0322716922788992, "Ci": 0.01747209676218264, "NumberOfParenthesizedExps": 0.003797815657031677, "NumberOfAssignments": 0.02281669965026797, "NumberOfAnonymousClasses": 0.0007303956829236585, "NumberOfLambdas": 0.002210294826028804, "NumberOfInnerClasses": 0.0, "BooleanExpressionComplexity": 0.01670728348878855, "NCOMP": 0.015091236254994894, "NumberOfComparisons": 0.011914254147782584, "NumberOfPrivateMethod": 0.00289543782074281, "NestedForDepth": 0.0011891971096608825, "NumberOfNumbers": 0.013707382790998111, "ClassFanOutComplexity": 0.010900747236994088, "AnonymousInnerClassLength": 0.01065500018632535, "WMC_CK": 0.02588624008894299, "NOP": 0.006444344887188946, "ClassDataAbstractionCoupling": 0.0059970141626535835, "LOCMethod_CK": 0.051312296616469896, "Returns": 0.013394637126795346, "MCLC": 0.017330631003989506, "ThrowsCount": 0.007211519620561028, "NumberOfStringLiterals": 0.033706420211533396, "NumberOfMathOperations": 0.008722638782280386, "NumberOfVariables": 0.028475687589259842, "NCSSForThisFile": 0.010155956899721975, "NBD": 0.016974811627175675, "NumberOfUniqueWords": 0.08690214705671456, "MethodLength": 0.05844524283667872, "NumberOfTryCatch": 0.0010030191982777147, "RFC": 0.06095770780025383}