{"accuracy_score": 0.9434523809523809, "precision_score": 0.02702702702702703, "recall_score": 0.008547008547008548, "f1_score": 0.01298701298701299, "roc_auc_score": 0.6526917591678385, "pr_auc_score": 0.06079463541621066}